#0 building with "orbstack" instance using docker driver

#1 [internal] load build definition from Dockerfile
#1 transferring dockerfile: 8.79kB 0.0s done
#1 DONE 0.0s

#2 [internal] load metadata for docker.io/library/debian:bookworm-slim
#2 DONE 0.6s

#3 [internal] load metadata for docker.io/library/rust:1.93-slim-bookworm
#3 DONE 3.5s

#4 [internal] load .dockerignore
#4 transferring context: 1.40kB 0.0s done
#4 DONE 0.0s

#5 [tools 1/5] FROM docker.io/library/debian:bookworm-slim@sha256:0104b334637a5f19aa9c983a91b54c89887c0984081f2068983107a6f6c21eeb
#5 DONE 0.0s

#6 [builder  1/15] FROM docker.io/library/rust:1.93-slim-bookworm@sha256:5b9332190bb3b9ece73b810cd1f1e9f06343b294ce184bcb067f0747d7d333ea
#6 DONE 0.0s

#7 [internal] load build context
#7 transferring context: 65.26MB 0.6s done
#7 DONE 0.7s

#8 [builder  6/15] COPY synapse-common/Cargo.toml      ./synapse-common/Cargo.toml
#8 CACHED

#9 [builder 11/15] COPY synapse-services/Cargo.toml    ./synapse-services/Cargo.toml
#9 CACHED

#10 [builder 12/15] COPY synapse-web/Cargo.toml         ./synapse-web/Cargo.toml
#10 CACHED

#11 [builder  2/15] WORKDIR /workspace
#11 CACHED

#12 [builder  4/15] COPY Cargo.toml Cargo.lock ./
#12 CACHED

#13 [builder  5/15] COPY .sqlx ./.sqlx
#13 CACHED

#14 [builder  8/15] COPY synapse-storage/Cargo.toml     ./synapse-storage/Cargo.toml
#14 CACHED

#15 [builder  7/15] COPY synapse-cache/Cargo.toml       ./synapse-cache/Cargo.toml
#15 CACHED

#16 [builder  9/15] COPY synapse-e2ee/Cargo.toml        ./synapse-e2ee/Cargo.toml
#16 CACHED

#17 [builder 10/15] COPY synapse-federation/Cargo.toml  ./synapse-federation/Cargo.toml
#17 CACHED

#18 [builder  3/15] RUN apt-get update && apt-get install -y --no-install-recommends     ca-certificates     clang     file     pkg-config     libssl-dev     build-essential     && rm -rf /var/lib/apt/lists/*
#18 CACHED

#19 [builder 13/15] RUN --mount=type=cache,target=/usr/local/cargo/registry,sharing=locked     --mount=type=cache,target=/usr/local/cargo/git,sharing=locked     mkdir -p src src/bin synapse-common/src synapse-cache/src synapse-storage/src synapse-e2ee/src              synapse-federation/src synapse-services/src synapse-web/src &&     echo "fn main() {}" > src/main.rs &&     echo "fn main() {}" > src/bin/healthcheck.rs &&     echo "pub fn stub() {}" > synapse-common/src/lib.rs &&     echo "pub fn stub() {}" > synapse-cache/src/lib.rs &&     echo "pub fn stub() {}" > synapse-storage/src/lib.rs &&     echo "pub fn stub() {}" > synapse-e2ee/src/lib.rs &&     echo "pub fn stub() {}" > synapse-federation/src/lib.rs &&     echo "pub fn stub() {}" > synapse-services/src/lib.rs &&     echo "pub fn stub() {}" > synapse-web/src/lib.rs &&     cargo fetch --locked &&     rm -rf src/ synapse-common/src synapse-cache/src synapse-storage/src synapse-e2ee/src            synapse-federation/src synapse-services/src synapse-web/src
#19 CACHED

#20 [builder 14/15] COPY . .
#20 DONE 1.1s

#21 [builder 15/15] RUN --mount=type=cache,target=/usr/local/cargo/registry,sharing=locked     --mount=type=cache,target=/usr/local/cargo/git,sharing=locked     cargo build --release --locked --features server,core-private-chat,openclaw,voice-extended,cas-sso,saml-sso --no-default-features --bin synapse-rust --bin healthcheck &&     install -Dm755 target/release/synapse-rust          /out/app/synapse-rust &&     install -Dm755 target/release/healthcheck           /out/app/healthcheck &&     install -Dm755 docker/db_migrate.sh                 /out/app/scripts/db_migrate.sh &&     install -Dm755 docker/container-migrate.sh          /out/app/scripts/container-migrate.sh &&     install -Dm755 docker/healthcheck.sh                /out/app/scripts/healthcheck.sh &&     install -Dm755 docker/entrypoint.sh                 /out/app/entrypoint.sh &&     install -Dm644 docker/config_defaults/rate_limit.yaml /out/app/config_defaults/rate_limit.yaml &&     mkdir -p /out/app/config /out/app/data /out/app/logs /out/app/migrations &&     cp -R migrations/. /out/app/migrations/
#21 0.249 info: syncing channel updates for '1.93.0-aarch64-unknown-linux-gnu'
#21 2.042 info: latest update on 2026-01-22, rust version 1.93.0 (254b59607 2026-01-19)
#21 2.042 info: downloading component 'cargo'
#21 2.365 error: failed to download file error=Reqwest(reqwest::Error { kind: Request, url: "https://static.rust-lang.org/dist/2026-01-22/cargo-1.93.0-aarch64-unknown-linux-gnu.tar.xz", source: hyper_util::client::legacy::Error(SendRequest, hyper::Error(Io, Custom { kind: UnexpectedEof, error: "peer closed connection without sending TLS close_notify: https://docs.rs/rustls/latest/rustls/manual/_03_howto/index.html#unexpected-eof" })) })
#21 2.366 info: retrying download for 'https://static.rust-lang.org/dist/2026-01-22/cargo-1.93.0-aarch64-unknown-linux-gnu.tar.xz'
#21 3.830 info: downloading component 'clippy'
#21 4.797 info: downloading component 'rust-docs'
#21 6.840 info: downloading component 'rust-src'
#21 7.705 info: retrying download for 'https://static.rust-lang.org/dist/2026-01-22/rust-src-1.93.0.tar.xz'
#21 8.559 info: retrying download for 'https://static.rust-lang.org/dist/2026-01-22/rust-src-1.93.0.tar.xz'
#21 9.565 info: downloading component 'rust-std'
#21 12.86 info: downloading component 'rust-std' for 'x86_64-unknown-linux-gnu'
#21 16.13 info: downloading component 'rustc'
#21 20.68 info: downloading component 'rustfmt'
#21 21.56 info: installing component 'cargo'
#21 22.17 info: installing component 'clippy'
#21 22.45 info: installing component 'rust-docs'
#21 25.41 info: installing component 'rust-src'
#21 26.20 info: installing component 'rust-std'
#21 28.09 info: installing component 'rust-std' for 'x86_64-unknown-linux-gnu'
#21 29.86 info: installing component 'rustc'
#21 32.75 info: installing component 'rustfmt'
#21 33.59 [1m[92m   Compiling[0m proc-macro2 v1.0.106
#21 33.59 [1m[92m   Compiling[0m unicode-ident v1.0.24
#21 33.59 [1m[92m   Compiling[0m quote v1.0.45
#21 33.59 [1m[92m   Compiling[0m libc v0.2.186
#21 33.59 [1m[92m   Compiling[0m cfg-if v1.0.4
#21 33.59 [1m[92m   Compiling[0m serde v1.0.228
#21 33.59 [1m[92m   Compiling[0m serde_core v1.0.228
#21 33.59 [1m[92m   Compiling[0m version_check v0.9.5
#21 33.59 [1m[92m   Compiling[0m typenum v1.19.0
#21 33.63 [1m[92m   Compiling[0m parking_lot_core v0.9.12
#21 33.67 [1m[92m   Compiling[0m memchr v2.8.0
#21 33.79 [1m[92m   Compiling[0m pin-project-lite v0.2.17
#21 33.81 [1m[92m   Compiling[0m autocfg v1.5.0
#21 33.82 [1m[92m   Compiling[0m once_cell v1.21.4
#21 33.83 [1m[92m   Compiling[0m generic-array v0.14.7
#21 33.84 [1m[92m   Compiling[0m scopeguard v1.2.0
#21 33.85 [1m[92m   Compiling[0m itoa v1.0.18
#21 33.88 [1m[92m   Compiling[0m lock_api v0.4.14
#21 34.01 [1m[92m   Compiling[0m bytes v1.11.1
#21 34.07 [1m[92m   Compiling[0m futures-core v0.3.32
#21 34.16 [1m[92m   Compiling[0m log v0.4.29
#21 34.17 [1m[92m   Compiling[0m libm v0.2.16
#21 34.38 [1m[92m   Compiling[0m stable_deref_trait v1.2.1
#21 34.43 [1m[92m   Compiling[0m futures-sink v0.3.32
#21 34.48 [1m[92m   Compiling[0m zerocopy v0.8.48
#21 34.51 [1m[92m   Compiling[0m syn v2.0.117
#21 34.56 [1m[92m   Compiling[0m icu_normalizer_data v2.1.1
#21 34.68 [1m[92m   Compiling[0m icu_properties_data v2.1.2
#21 34.73 [1m[92m   Compiling[0m getrandom v0.2.17
#21 34.75 [1m[92m   Compiling[0m socket2 v0.6.3
#21 34.79 [1m[92m   Compiling[0m errno v0.3.14
#21 34.81 [1m[92m   Compiling[0m mio v1.2.0
#21 34.86 [1m[92m   Compiling[0m signal-hook-registry v1.4.8
#21 34.88 [1m[92m   Compiling[0m rand_core v0.6.4
#21 35.12 [1m[92m   Compiling[0m num-traits v0.2.19
#21 35.13 [1m[92m   Compiling[0m tracing-core v0.1.36
#21 35.18 [1m[92m   Compiling[0m crypto-common v0.1.7
#21 35.22 [1m[92m   Compiling[0m subtle v2.6.1
#21 35.25 [1m[92m   Compiling[0m thiserror v2.0.18
#21 35.26 [1m[92m   Compiling[0m equivalent v1.0.2
#21 35.35 [1m[92m   Compiling[0m slab v0.4.12
#21 35.35 [1m[92m   Compiling[0m futures-channel v0.3.32
#21 35.38 [1m[92m   Compiling[0m crossbeam-utils v0.8.21
#21 35.50 [1m[92m   Compiling[0m const-oid v0.9.6
#21 35.50 [1m[92m   Compiling[0m zmij v1.0.21
#21 35.56 [1m[92m   Compiling[0m futures-io v0.3.32
#21 35.59 [1m[92m   Compiling[0m hashbrown v0.17.0
#21 35.67 [1m[92m   Compiling[0m futures-task v0.3.32
#21 35.68 [1m[92m   Compiling[0m percent-encoding v2.3.2
#21 35.84 [1m[92m   Compiling[0m serde_json v1.0.149
#21 36.02 [1m[92m   Compiling[0m block-buffer v0.10.4
#21 36.30 [1m[92m   Compiling[0m indexmap v2.14.0
#21 36.31 [1m[92m   Compiling[0m digest v0.10.7
#21 36.33 [1m[92m   Compiling[0m writeable v0.6.2
#21 36.41 [1m[92m   Compiling[0m anyhow v1.0.102
#21 36.50 [1m[92m   Compiling[0m shlex v1.3.0
#21 36.54 [1m[92m   Compiling[0m litemap v0.8.1
#21 36.67 [1m[92m   Compiling[0m find-msvc-tools v0.1.9
#21 36.69 [1m[92m   Compiling[0m http v1.4.0
#21 36.70 [1m[92m   Compiling[0m base64 v0.22.1
#21 36.82 [1m[92m   Compiling[0m cc v1.2.61
#21 36.95 [1m[92m   Compiling[0m num-integer v0.1.46
#21 37.14 [1m[92m   Compiling[0m num-bigint v0.4.6
#21 37.15 [1m[92m   Compiling[0m bitflags v2.11.1
#21 37.24 [1m[92m   Compiling[0m simd-adler32 v0.3.9
#21 37.29 [1m[92m   Compiling[0m fnv v1.0.7
#21 37.38 [1m[92m   Compiling[0m form_urlencoded v1.2.2
#21 37.59 [1m[92m   Compiling[0m siphasher v1.0.2
#21 37.73 [1m[92m   Compiling[0m http-body v1.0.1
#21 37.82 [1m[92m   Compiling[0m tower-service v0.3.3
#21 37.90 [1m[92m   Compiling[0m httparse v1.10.1
#21 37.93 [1m[92m   Compiling[0m phf_shared v0.11.3
#21 38.02 [1m[92m   Compiling[0m cpufeatures v0.2.17
#21 38.12 [1m[92m   Compiling[0m try-lock v0.2.5
#21 38.20 [1m[92m   Compiling[0m utf8_iter v1.0.4
#21 38.21 [1m[92m   Compiling[0m httpdate v1.0.3
#21 38.27 [1m[92m   Compiling[0m vcpkg v0.2.15
#21 38.30 [1m[92m   Compiling[0m crc32fast v1.5.0
#21 38.32 [1m[92m   Compiling[0m synstructure v0.13.2
#21 38.46 [1m[92m   Compiling[0m allocator-api2 v0.2.21
#21 38.49 [1m[92m   Compiling[0m atomic-waker v1.1.2
#21 38.51 [1m[92m   Compiling[0m pkg-config v0.3.32
#21 38.55 [1m[92m   Compiling[0m adler2 v2.0.1
#21 38.61 [1m[92m   Compiling[0m miniz_oxide v0.8.9
#21 38.87 [1m[92m   Compiling[0m want v0.3.1
#21 38.93 [1m[92m   Compiling[0m bigdecimal v0.4.10
#21 38.97 [1m[92m   Compiling[0m pin-utils v0.1.0
#21 39.04 [1m[92m   Compiling[0m openssl-sys v0.9.112
#21 39.44 [1m[92m   Compiling[0m http-body-util v0.1.3
#21 39.46 [1m[92m   Compiling[0m crossbeam-epoch v0.9.18
#21 39.49 [1m[92m   Compiling[0m sync_wrapper v1.0.2
#21 39.53 [1m[92m   Compiling[0m ahash v0.8.12
#21 39.65 [1m[92m   Compiling[0m ipnet v2.12.0
#21 39.70 [1m[92m   Compiling[0m base64ct v1.8.3
#21 39.73 [1m[92m   Compiling[0m tower-layer v0.3.3
#21 39.79 [1m[92m   Compiling[0m ppv-lite86 v0.2.21
#21 39.86 [1m[92m   Compiling[0m new_debug_unreachable v1.0.6
#21 39.90 [1m[92m   Compiling[0m serde_derive v1.0.228
#21 39.90 [1m[92m   Compiling[0m zerofrom-derive v0.1.6
#21 39.91 [1m[92m   Compiling[0m yoke-derive v0.8.1
#21 39.94 [1m[92m   Compiling[0m zerovec-derive v0.11.2
#21 39.98 [1m[92m   Compiling[0m displaydoc v0.2.5
#21 40.03 [1m[92m   Compiling[0m tracing-attributes v0.1.31
#21 40.03 [1m[92m   Compiling[0m tokio-macros v2.6.1
#21 40.15 [1m[92m   Compiling[0m zerocopy-derive v0.8.48
#21 40.39 [1m[92m   Compiling[0m zeroize_derive v1.4.3
#21 40.85 [1m[92m   Compiling[0m thiserror-impl v2.0.18
#21 40.87 [1m[92m   Compiling[0m futures-macro v0.3.32
#21 41.17 [1m[92m   Compiling[0m zeroize v1.8.2
#21 41.20 [1m[92m   Compiling[0m rand_chacha v0.3.1
#21 41.32 [1m[92m   Compiling[0m flate2 v1.1.9
#21 41.44 [1m[92m   Compiling[0m rand v0.8.5
#21 41.45 [1m[92m   Compiling[0m zerofrom v0.1.6
#21 41.52 [1m[92m   Compiling[0m yoke v0.8.1
#21 41.70 [1m[92m   Compiling[0m tracing v0.1.44
#21 41.72 [1m[92m   Compiling[0m zerovec v0.11.5
#21 41.83 [1m[92m   Compiling[0m futures-util v0.3.32
#21 41.83 [1m[92m   Compiling[0m zerotrie v0.2.3
#21 42.12 [1m[92m   Compiling[0m phf_generator v0.11.3
#21 42.25 [1m[92m   Compiling[0m tinystr v0.8.2
#21 42.26 [1m[92m   Compiling[0m potential_utf v0.1.4
#21 42.27 [1m[92m   Compiling[0m block-padding v0.3.3
#21 42.34 [1m[92m   Compiling[0m icu_collections v2.1.1
#21 42.36 [1m[92m   Compiling[0m crunchy v0.2.4
#21 42.42 [1m[92m   Compiling[0m icu_locale_core v2.1.1
#21 42.54 [1m[92m   Compiling[0m getrandom v0.4.2
#21 42.61 [1m[92m   Compiling[0m rayon-core v1.13.0
#21 42.72 [1m[92m   Compiling[0m inout v0.1.4
#21 42.81 [1m[92m   Compiling[0m async-trait v0.1.89
#21 42.81 [1m[92m   Compiling[0m equator-macro v0.4.2
#21 43.16 [1m[92m   Compiling[0m crossbeam-deque v0.8.6
#21 43.33 [1m[92m   Compiling[0m icu_provider v2.1.1
#21 43.62 [1m[92m   Compiling[0m icu_properties v2.1.2
#21 43.76 [1m[92m   Compiling[0m getrandom v0.3.4
#21 43.99 [1m[92m   Compiling[0m smallvec v1.15.1
#21 43.99 [1m[92m   Compiling[0m either v1.15.0
#21 44.22 [1m[92m   Compiling[0m icu_normalizer v2.1.1
#21 44.29 [1m[92m   Compiling[0m itertools v0.14.0
#21 44.49 [1m[92m   Compiling[0m parking_lot v0.12.5
#21 44.54 [1m[92m   Compiling[0m openssl v0.10.76
#21 44.71 [1m[92m   Compiling[0m tokio v1.50.0
#21 44.80 [1m[92m   Compiling[0m ryu v1.0.23
#21 44.91 [1m[92m   Compiling[0m idna_adapter v1.2.1
#21 44.98 [1m[92m   Compiling[0m idna v1.1.0
#21 44.98 [1m[92m   Compiling[0m foreign-types-shared v0.1.1
#21 45.03 [1m[92m   Compiling[0m spin v0.9.8
#21 45.08 [1m[92m   Compiling[0m tiny-keccak v2.0.2
#21 45.12 [1m[92m   Compiling[0m lazy_static v1.5.0
#21 45.12 [1m[92m   Compiling[0m foreign-types v0.3.2
#21 45.17 [1m[92m   Compiling[0m arrayvec v0.7.6
#21 45.25 [1m[92m   Compiling[0m equator v0.4.2
#21 45.37 [1m[92m   Compiling[0m cipher v0.4.4
#21 45.43 [1m[92m   Compiling[0m url v2.5.8
#21 45.62 [1m[92m   Compiling[0m openssl-macros v0.1.1
#21 45.91 [1m[92m   Compiling[0m concurrent-queue v2.5.0
#21 46.09 [1m[92m   Compiling[0m unicase v2.9.0
#21 46.34 [1m[92m   Compiling[0m mime v0.3.17
#21 46.48 [1m[92m   Compiling[0m semver v1.0.28
#21 46.67 [1m[92m   Compiling[0m native-tls v0.2.18
#21 46.69 [1m[92m   Compiling[0m parking v2.2.1
#21 46.78 [1m[92m   Compiling[0m foldhash v0.1.5
#21 46.80 [1m[92m   Compiling[0m tinyvec_macros v0.1.1
#21 46.83 [1m[92m   Compiling[0m tinyvec v1.11.0
#21 46.83 [1m[92m   Compiling[0m event-listener v5.4.1
#21 46.89 [1m[92m   Compiling[0m hashbrown v0.14.5
#21 47.14 [1m[92m   Compiling[0m hashbrown v0.15.5
#21 47.15 [1m[92m   Compiling[0m rustc_version v0.4.1
#21 47.36 [1m[92m   Compiling[0m mime_guess v2.0.5
#21 47.92 [1m[92m   Compiling[0m uuid v1.23.0
#21 48.04 [1m[92m   Compiling[0m aligned-vec v0.6.4
#21 48.40 [1m[92m   Compiling[0m phf_macros v0.11.3
#21 48.44 [1m[92m   Compiling[0m phf_codegen v0.11.3
#21 48.49 [1m[92m   Compiling[0m string_cache_codegen v0.5.4
#21 48.55 [1m[92m   Compiling[0m pem-rfc7468 v0.7.0
#21 48.55 [1m[92m   Compiling[0m der_derive v0.7.3
#21 48.86 [1m[92m   Compiling[0m sha2 v0.10.9
#21 49.14 [1m[92m   Compiling[0m universal-hash v0.5.1
#21 49.20 [1m[92m   Compiling[0m proc-macro-error-attr2 v2.0.0
#21 49.23 [1m[92m   Compiling[0m aho-corasick v1.1.4
#21 49.24 [1m[92m   Compiling[0m openssl-probe v0.2.1
#21 49.28 [1m[92m   Compiling[0m iana-time-zone v0.1.65
#21 49.47 [1m[92m   Compiling[0m compression-core v0.4.31
#21 49.53 [1m[92m   Compiling[0m opaque-debug v0.3.1
#21 49.57 [1m[92m   Compiling[0m regex-syntax v0.8.10
#21 49.59 [1m[92m   Compiling[0m crc-catalog v2.4.0
#21 49.60 [1m[92m   Compiling[0m flagset v0.4.7
#21 49.62 [1m[92m   Compiling[0m winnow v1.0.0
#21 49.69 [1m[92m   Compiling[0m ucd-trie v0.1.7
#21 49.69 [1m[92m   Compiling[0m der v0.7.10
#21 49.89 [1m[92m   Compiling[0m pest v2.8.6
#21 51.21 [1m[92m   Compiling[0m toml_parser v1.1.0+spec-1.1.0
#21 51.52 [1m[92m   Compiling[0m tokio-util v0.7.18
#21 51.92 [1m[92m   Compiling[0m tokio-stream v0.1.18
#21 52.02 [1m[92m   Compiling[0m regex-automata v0.4.14
#21 52.34 [1m[92m   Compiling[0m h2 v0.4.13
#21 52.37 [1m[92m   Compiling[0m tower v0.5.3
#21 52.40 [1m[92m   Compiling[0m crc v3.4.0
#21 52.62 [1m[92m   Compiling[0m compression-codecs v0.4.37
#21 52.74 [1m[92m   Compiling[0m proc-macro-error2 v2.0.1
#21 52.82 [1m[92m   Compiling[0m chrono v0.4.44
#21 52.91 [1m[92m   Compiling[0m phf v0.11.3
#21 53.10 [1m[92m   Compiling[0m web_atoms v0.1.3
#21 53.62 [1m[92m   Compiling[0m futures-intrusive v0.5.0
#21 53.63 [1m[92m   Compiling[0m rand_core v0.9.5
#21 53.64 [1m[92m   Compiling[0m v_frame v0.3.9
#21 53.78 [1m[92m   Compiling[0m const-random-macro v0.1.16
#21 53.80 [1m[92m   Compiling[0m hashlink v0.10.0
#21 54.00 [1m[92m   Compiling[0m curve25519-dalek v4.1.3
#21 54.03 [1m[92m   Compiling[0m unicode-normalization v0.1.25
#21 54.11 [1m[92m   Compiling[0m rayon v1.12.0
#21 54.17 [1m[92m   Compiling[0m ipnetwork v0.20.0
#21 54.29 [1m[92m   Compiling[0m crossbeam-queue v0.3.12
#21 54.35 [1m[92m   Compiling[0m opentelemetry v0.31.0
#21 54.38 [1m[92m   Compiling[0m hmac v0.12.1
#21 54.41 [1m[92m   Compiling[0m pin-project-internal v1.1.11
#21 54.47 [1m[92m   Compiling[0m num-rational v0.4.2
#21 54.53 [1m[92m   Compiling[0m as-slice v0.2.1
#21 54.57 [1m[92m   Compiling[0m encoding_rs v0.8.35
#21 54.58 [1m[92m   Compiling[0m toml_datetime v1.1.0+spec-1.1.0
#21 55.28 [1m[92m   Compiling[0m precomputed-hash v0.1.1
#21 55.33 [1m[92m   Compiling[0m ident_case v1.0.1
#21 55.42 [1m[92m   Compiling[0m built v0.8.0
#21 55.50 [1m[92m   Compiling[0m unicode-bidi v0.3.18
#21 55.51 [1m[92m   Compiling[0m av-scenechange v0.14.1
#21 55.69 [1m[92m   Compiling[0m strsim v0.11.1
#21 55.82 [1m[92m   Compiling[0m rustversion v1.0.22
#21 55.95 [1m[92m   Compiling[0m paste v1.0.15
#21 56.02 [1m[92m   Compiling[0m unicode-properties v0.1.4
#21 56.09 [1m[92m   Compiling[0m mac v0.1.1
#21 56.13 [1m[92m   Compiling[0m futf v0.1.5
#21 56.13 [1m[92m   Compiling[0m stringprep v0.1.5
#21 56.23 [1m[92m   Compiling[0m rav1e v0.8.1
#21 56.23 [1m[92m   Compiling[0m darling_core v0.20.11
#21 56.36 [1m[92m   Compiling[0m pin-project v1.1.11
#21 56.47 [1m[92m   Compiling[0m sqlx-core v0.8.6
#21 56.48 [1m[92m   Compiling[0m string_cache v0.8.9
#21 56.69 [1m[92m   Compiling[0m hyper v1.8.1
#21 56.75 [1m[92m   Compiling[0m toml_edit v0.25.8+spec-1.1.0
#21 56.80 [1m[92m   Compiling[0m aligned v0.4.3
#21 56.86 [1m[92m   Compiling[0m hkdf v0.12.4
#21 57.01 [1m[92m   Compiling[0m const-random v0.1.18
#21 57.04 [1m[92m   Compiling[0m rand_chacha v0.9.0
#21 57.21 [1m[92m   Compiling[0m async-compression v0.4.41
#21 57.32 [1m[92m   Compiling[0m tokio-native-tls v0.3.1
#21 57.43 [1m[92m   Compiling[0m pest_meta v2.8.6
#21 57.58 [1m[92m   Compiling[0m spki v0.7.3
#21 57.80 [1m[92m   Compiling[0m prost-derive v0.14.3
#21 57.81 [1m[92m   Compiling[0m serde_urlencoded v0.7.1
#21 57.82 [1m[92m   Compiling[0m futures-executor v0.3.32
#21 58.06 [1m[92m   Compiling[0m md-5 v0.10.6
#21 58.16 [1m[92m   Compiling[0m arg_enum_proc_macro v0.3.4
#21 58.21 [1m[92m   Compiling[0m hyper-util v0.1.20
#21 58.45 [1m[92m   Compiling[0m profiling-procmacros v1.0.17
#21 58.47 [1m[92m   Compiling[0m atoi v2.0.0
#21 58.67 [1m[92m   Compiling[0m signature v2.2.0
#21 58.81 [1m[92m   Compiling[0m nom v8.0.0
#21 58.82 [1m[92m   Compiling[0m no_std_io2 v0.9.3
#21 58.86 [1m[92m   Compiling[0m http-range-header v0.4.2
#21 58.91 [1m[92m   Compiling[0m whoami v1.6.1
#21 58.91 [1m[92m   Compiling[0m powerfmt v0.2.0
#21 59.08 [1m[92m   Compiling[0m home v0.5.12
#21 59.18 [1m[92m   Compiling[0m quick-error v2.0.1
#21 59.22 [1m[92m   Compiling[0m dotenvy v0.15.7
#21 59.36 [1m[92m   Compiling[0m y4m v0.8.0
#21 59.49 [1m[92m   Compiling[0m byteorder v1.5.0
#21 59.51 [1m[92m   Compiling[0m pastey v0.1.1
#21 59.53 [1m[92m   Compiling[0m utf-8 v0.7.6
#21 59.56 [1m[92m   Compiling[0m iri-string v0.7.11
#21 59.58 [1m[92m   Compiling[0m hex v0.4.3
#21 59.63 [1m[92m   Compiling[0m time-core v0.1.8
#21 59.64 [1m[92m   Compiling[0m num-conv v0.2.1
#21 59.72 [1m[92m   Compiling[0m sqlx-postgres v0.8.6
#21 59.73 [1m[92m   Compiling[0m time-macros v0.2.27
#21 59.73 [1m[92m   Compiling[0m tendril v0.4.3
#21 59.92 [1m[92m   Compiling[0m prost v0.14.3
#21 60.01 [1m[92m   Compiling[0m hyper-timeout v0.5.2
#21 60.15 [1m[92m   Compiling[0m tonic v0.14.5
#21 60.43 [1m[92m   Compiling[0m hyper-tls v0.6.0
#21 60.76 [1m[92m   Compiling[0m deranged v0.5.8
#21 60.82 [1m[92m   Compiling[0m profiling v1.0.17
#21 60.84 [1m[92m   Compiling[0m bitstream-io v4.10.0
#21 60.94 [1m[92m   Compiling[0m darling_macro v0.20.11
#21 61.47 [1m[92m   Compiling[0m tower-http v0.6.8
#21 61.60 [1m[92m   Compiling[0m pest_generator v2.8.6
#21 61.78 [1m[92m   Compiling[0m av1-grain v0.2.5
#21 61.91 [1m[92m   Compiling[0m proc-macro-crate v3.5.0
#21 62.30 [1m[92m   Compiling[0m rand v0.9.4
#21 62.31 [1m[92m   Compiling[0m dlv-list v0.5.2
#21 62.72 [1m[92m   Compiling[0m maybe-rayon v0.1.1
#21 62.96 [1m[92m   Compiling[0m half v2.7.1
#21 63.15 [1m[92m   Compiling[0m serde_spanned v0.6.9
#21 63.25 [1m[92m   Compiling[0m toml_datetime v0.6.11
#21 63.28 [1m[92m   Compiling[0m rustls-pki-types v1.14.0
#21 63.35 [1m[92m   Compiling[0m num-derive v0.4.2
#21 63.41 [1m[92m   Compiling[0m fax_derive v0.2.0
#21 63.46 [1m[92m   Compiling[0m ring v0.17.14
#21 63.49 [1m[92m   Compiling[0m aead v0.5.2
#21 63.63 [1m[92m   Compiling[0m simd_helpers v0.1.0
#21 63.65 [1m[92m   Compiling[0m noop_proc_macro v0.3.0
#21 63.83 [1m[92m   Compiling[0m imgref v1.12.0
#21 63.86 [1m[92m   Compiling[0m weezl v0.1.12
#21 63.98 [1m[92m   Compiling[0m dtoa v1.0.11
#21 64.07 [1m[92m   Compiling[0m num-bigint-dig v0.8.6
#21 64.08 [1m[92m   Compiling[0m portable-atomic v1.13.1
#21 64.21 [1m[92m   Compiling[0m heck v0.5.0
#21 64.26 [1m[92m   Compiling[0m winnow v0.7.15
#21 64.29 [1m[92m   Compiling[0m zune-core v0.5.1
#21 64.36 [1m[92m   Compiling[0m toml_write v0.1.2
#21 64.37 [1m[92m   Compiling[0m sqlx-macros-core v0.8.6
#21 64.43 [1m[92m   Compiling[0m zune-jpeg v0.5.15
#21 64.48 [1m[92m   Compiling[0m time v0.3.47
#21 64.49 [1m[92m   Compiling[0m fax v0.2.6
#21 64.92 [1m[92m   Compiling[0m dtoa-short v0.3.5
#21 65.47 [1m[92m   Compiling[0m loop9 v0.1.5
#21 65.52 [1m[92m   Compiling[0m reqwest v0.12.28
#21 65.91 [1m[92m   Compiling[0m arc-swap v1.9.0
#21 65.99 [1m[92m   Compiling[0m toml_edit v0.22.27
#21 66.16 [1m[92m   Compiling[0m opentelemetry_sdk v0.31.0
#21 66.17 [1m[92m   Compiling[0m ordered-multimap v0.7.3
#21 66.18 [1m[92m   Compiling[0m matrix-pickle-derive v0.2.2
#21 66.41 [1m[92m   Compiling[0m markup5ever v0.35.0
#21 66.60 [1m[92m   Compiling[0m pest_derive v2.8.6
#21 66.72 [1m[92m   Compiling[0m tonic-prost v0.14.5
#21 66.86 [1m[92m   Compiling[0m darling v0.20.11
#21 66.87 [1m[92m   Compiling[0m ed25519 v2.2.3
#21 66.91 [1m[92m   Compiling[0m pkcs8 v0.10.2
#21 67.02 [1m[92m   Compiling[0m matchers v0.2.0
#21 67.08 [1m[92m   Compiling[0m combine v4.6.7
#21 67.09 [1m[92m   Compiling[0m deadpool-runtime v0.1.4
#21 67.16 [1m[92m   Compiling[0m polyval v0.6.2
#21 67.27 [1m[92m   Compiling[0m poly1305 v0.8.0
#21 67.29 [1m[92m   Compiling[0m hashlink v0.8.4
#21 67.39 [1m[92m   Compiling[0m event-listener-strategy v0.5.4
#21 67.45 [1m[92m   Compiling[0m prost-derive v0.13.5
#21 67.59 [1m[92m   Compiling[0m chacha20 v0.9.1
#21 67.70 [1m[92m   Compiling[0m aes v0.8.4
#21 68.12 [1m[92m   Compiling[0m avif-serialize v0.8.8
#21 68.60 [1m[92m   Compiling[0m sharded-slab v0.1.7
#21 68.81 [1m[92m   Compiling[0m itertools v0.13.0
#21 69.07 [1m[92m   Compiling[0m tracing-serde v0.2.0
#21 69.13 [1m[92m   Compiling[0m cssparser-macros v0.6.1
#21 69.27 [1m[92m   Compiling[0m match_token v0.35.0
#21 69.64 [1m[92m   Compiling[0m fdeflate v0.3.7
#21 69.76 [1m[92m   Compiling[0m zune-inflate v0.2.54
#21 69.78 [1m[92m   Compiling[0m num-iter v0.1.45
#21 70.07 [1m[92m   Compiling[0m tracing-log v0.2.0
#21 70.16 [1m[92m   Compiling[0m socket2 v0.5.10
#21 70.18 [1m[92m   Compiling[0m num_cpus v1.17.0
#21 70.32 [1m[92m   Compiling[0m thread_local v1.1.9
#21 70.51 [1m[92m   Compiling[0m base64 v0.21.7
#21 70.64 [1m[92m   Compiling[0m bit_field v0.10.3
#21 70.72 [1m[92m   Compiling[0m nu-ansi-term v0.50.3
#21 70.76 [1m[92m   Compiling[0m unicode-segmentation v1.13.2
#21 70.81 [1m[92m   Compiling[0m byteorder-lite v0.1.0
#21 70.86 [1m[92m   Compiling[0m sha1_smol v1.0.1
#21 71.00 [1m[92m   Compiling[0m rgb v0.8.53
#21 71.02 [1m[92m   Compiling[0m arraydeque v0.5.1
#21 71.08 [1m[92m   Compiling[0m pxfm v0.1.29
#21 71.20 [1m[92m   Compiling[0m minimal-lexical v0.2.1
#21 71.20 [1m[92m   Compiling[0m lebe v0.5.3
#21 71.24 [1m[92m   Compiling[0m bytemuck v1.25.0
#21 71.36 [1m[92m   Compiling[0m color_quant v1.1.0
#21 71.36 [1m[92m   Compiling[0m untrusted v0.9.0
#21 71.37 [1m[92m   Compiling[0m exr v1.74.0
#21 71.43 [1m[92m   Compiling[0m qoi v0.4.1
#21 71.45 [1m[92m   Compiling[0m gif v0.14.2
#21 71.53 [1m[92m   Compiling[0m nom v7.1.3
#21 71.77 [1m[92m   Compiling[0m redis v0.27.6
#21 73.19 [1m[92m   Compiling[0m ravif v0.13.0
#21 74.14 [1m[92m   Compiling[0m moxcms v0.8.1
#21 74.29 [1m[92m   Compiling[0m yaml-rust2 v0.8.1
#21 74.62 [1m[92m   Compiling[0m convert_case v0.6.0
#21 75.38 [1m[92m   Compiling[0m image-webp v0.2.4
#21 75.59 [1m[92m   Compiling[0m tracing-subscriber v0.3.23
#21 76.99 [1m[92m   Compiling[0m ron v0.8.1
#21 77.31 [1m[92m   Compiling[0m deadpool v0.12.3
#21 77.64 [1m[92m   Compiling[0m png v0.18.1
#21 78.87 [1m[92m   Compiling[0m html5ever v0.35.0
#21 79.07 [1m[92m   Compiling[0m cssparser v0.35.0
#21 79.78 [1m[92m   Compiling[0m opentelemetry-proto v0.31.0
#21 79.97 [1m[92m   Compiling[0m prost v0.13.5
#21 80.09 [1m[92m   Compiling[0m toml v0.8.23
#21 80.10 [1m[92m   Compiling[0m chacha20poly1305 v0.10.1
#21 80.18 [1m[92m   Compiling[0m async-lock v3.4.2
#21 80.43 [1m[92m   Compiling[0m ghash v0.5.1
#21 80.48 [1m[92m   Compiling[0m opentelemetry-http v0.31.0
#21 80.49 [1m[92m   Compiling[0m json5 v0.4.1
#21 80.71 [1m[92m   Compiling[0m pkcs1 v0.7.5
#21 81.28 [1m[92m   Compiling[0m ed25519-dalek v2.2.0
#21 81.30 [1m[92m   Compiling[0m validator_derive v0.20.0
#21 81.41 [1m[92m   Compiling[0m matrix-pickle v0.2.2
#21 81.53 [1m[92m   Compiling[0m rust-ini v0.20.0
#21 81.58 [1m[92m   Compiling[0m simple_asn1 v0.6.4
#21 81.70 [1m[92m   Compiling[0m sqlx-macros v0.8.6
#21 81.84 [1m[92m   Compiling[0m tiff v0.11.3
#21 82.45 [1m[92m   Compiling[0m x25519-dalek v2.0.1
#21 82.49 [1m[92m   Compiling[0m cfb v0.7.3
#21 82.56 [1m[92m   Compiling[0m regex v1.12.3
#21 82.71 [1m[92m   Compiling[0m axum-core v0.5.6
#21 83.42 [1m[92m   Compiling[0m cbc v0.1.2
#21 83.53 [1m[92m   Compiling[0m ctr v0.9.2
#21 83.62 [1m[92m   Compiling[0m password-hash v0.5.0
#21 83.64 [1m[92m   Compiling[0m axum-macros v0.5.0
#21 83.66 [1m[92m   Compiling[0m pem v3.0.6
#21 83.83 [1m[92m   Compiling[0m blake2 v0.10.6
#21 84.14 [1m[92m   Compiling[0m crossbeam-channel v0.5.15
#21 84.19 [1m[92m   Compiling[0m serde_bytes v0.11.19
#21 84.27 [1m[92m   Compiling[0m serde_path_to_error v0.1.20
#21 84.38 [1m[92m   Compiling[0m pathdiff v0.2.3
#21 84.43 [1m[92m   Compiling[0m smawk v0.3.2
#21 84.44 [1m[92m   Compiling[0m unsafe-libyaml v0.2.11
#21 84.51 [1m[92m   Compiling[0m matchit v0.8.4
#21 84.54 [1m[92m   Compiling[0m maplit v1.0.2
#21 84.59 [1m[92m   Compiling[0m unicode-width v0.2.2
#21 84.64 [1m[92m   Compiling[0m tagptr v0.2.0
#21 84.67 [1m[92m   Compiling[0m unicode-linebreak v0.1.5
#21 84.74 [1m[92m   Compiling[0m moka v0.12.15
#21 84.76 [1m[92m   Compiling[0m ammonia v4.1.2
#21 84.79 [1m[92m   Compiling[0m config v0.14.1
#21 84.84 [1m[92m   Compiling[0m textwrap v0.16.2
#21 84.88 [1m[92m   Compiling[0m vodozemac v0.9.0
#21 85.28 [1m[92m   Compiling[0m axum v0.8.8
#21 85.66 [1m[92m   Compiling[0m serde_yaml v0.9.34+deprecated
#21 85.81 [1m[92m   Compiling[0m argon2 v0.5.3
#21 85.87 [1m[92m   Compiling[0m jsonwebtoken v9.3.1
#21 86.31 [1m[92m   Compiling[0m aes-gcm v0.10.3
#21 86.45 [1m[92m   Compiling[0m sqlx v0.8.6
#21 86.76 [1m[92m   Compiling[0m infer v0.19.0
#21 87.29 [1m[92m   Compiling[0m image v0.25.10
#21 87.37 [1m[92m   Compiling[0m validator v0.20.0
#21 87.64 [1m[92m   Compiling[0m deadpool-redis v0.18.0
#21 87.76 [1m[92m   Compiling[0m rsa v0.9.10
#21 87.80 [1m[92m   Compiling[0m opentelemetry-otlp v0.31.1
#21 87.89 [1m[92m   Compiling[0m tracing-opentelemetry v0.32.1
#21 87.95 [1m[92m   Compiling[0m futures v0.3.32
#21 87.98 [1m[92m   Compiling[0m x509-cert v0.2.5
#21 88.24 [1m[92m   Compiling[0m dashmap v6.1.0
#21 88.55 [1m[92m   Compiling[0m metrics v0.23.1
#21 88.81 [1m[92m   Compiling[0m sha1 v0.10.6
#21 88.83 [1m[92m   Compiling[0m dns-lookup v3.0.1
#21 88.92 [1m[92m   Compiling[0m quick-xml v0.37.5
#21 88.93 [1m[92m   Compiling[0m urlencoding v2.1.3
#21 91.12 [1m[92m   Compiling[0m synapse-rust v0.1.0 (/workspace)
#21 93.54 [1m[91merror[0m[1m: `SQLX_OFFLINE=true` but there is no cached data for this query, run `cargo sqlx prepare` to update the query cache or unset `SQLX_OFFLINE`[0m
#21 93.54   [1m[94m--> [0msrc/services/account_data_service.rs:94:22
#21 93.54    [1m[94m|[0m
#21 93.54 [1m[94m94[0m [1m[94m|[0m           let result = sqlx::query_scalar!(
#21 93.54    [1m[94m|[0m [1m[91m ______________________^[0m
#21 93.54 [1m[94m95[0m [1m[94m|[0m [1m[91m|[0m             r#"SELECT data AS "data!" FROM room_account_data WHERE user_id = $1 AND room_id = $2 AND data_type = $3"#,
#21 93.54 [1m[94m96[0m [1m[94m|[0m [1m[91m|[0m             user_id,
#21 93.54 [1m[94m97[0m [1m[94m|[0m [1m[91m|[0m             room_id,
#21 93.54 [1m[94m98[0m [1m[94m|[0m [1m[91m|[0m             data_type,
#21 93.54 [1m[94m99[0m [1m[94m|[0m [1m[91m|[0m         )
#21 93.54    [1m[94m|[0m [1m[91m|_________^[0m
#21 93.54    [1m[94m|[0m
#21 93.54    [1m[94m= [0m[1mnote[0m: this error originates in the macro `$crate::sqlx_macros::expand_query` which comes from the expansion of the macro `sqlx::query_scalar` (in Nightly builds, run with -Z macro-backtrace for more info)
#21 93.54 
#21 93.54 [1m[91merror[0m[1m: `SQLX_OFFLINE=true` but there is no cached data for this query, run `cargo sqlx prepare` to update the query cache or unset `SQLX_OFFLINE`[0m
#21 93.54    [1m[94m--> [0msrc/services/account_data_service.rs:113:22
#21 93.54     [1m[94m|[0m
#21 93.54 [1m[94m113[0m [1m[94m|[0m   [1m[94m...[0m   let result = sqlx::query!(
#21 93.54     [1m[94m|[0m [1m[91m ____________________^[0m
#21 93.54 [1m[94m114[0m [1m[94m|[0m [1m[91m|[0m [1m[94m...[0m       r#"SELECT data AS "data!", updated_ts AS "updated_ts?" FROM room_account_data WHERE user_id = $1 AND room_id = $2 AND data_type[1m[94m...[0m
#21 93.54 [1m[94m115[0m [1m[94m|[0m [1m[91m|[0m [1m[94m...[0m       user_id,
#21 93.54 [1m[94m116[0m [1m[94m|[0m [1m[91m|[0m [1m[94m...[0m       room_id,
#21 93.54 [1m[94m117[0m [1m[94m|[0m [1m[91m|[0m [1m[94m...[0m       data_type,
#21 93.54 [1m[94m118[0m [1m[94m|[0m [1m[91m|[0m [1m[94m...[0m   )
#21 93.54     [1m[94m|[0m [1m[91m|_______^[0m
#21 93.54     [1m[94m|[0m
#21 93.54     [1m[94m= [0m[1mnote[0m: this error originates in the macro `$crate::sqlx_macros::expand_query` which comes from the expansion of the macro `sqlx::query` (in Nightly builds, run with -Z macro-backtrace for more info)
#21 93.54 
#21 93.54 [1m[91merror[0m[1m: `SQLX_OFFLINE=true` but there is no cached data for this query, run `cargo sqlx prepare` to update the query cache or unset `SQLX_OFFLINE`[0m
#21 93.54    [1m[94m--> [0msrc/services/admin_federation_service.rs:128:13
#21 93.54     [1m[94m|[0m
#21 93.54 [1m[94m128[0m [1m[94m|[0m [1m[91m/[0m [1m[94m...[0m   sqlx::query_as!(
#21 93.54 [1m[94m129[0m [1m[94m|[0m [1m[91m|[0m [1m[94m...[0m       DestinationRow,
#21 93.54 [1m[94m130[0m [1m[94m|[0m [1m[91m|[0m [1m[94m...[0m       r#"SELECT server_name AS "server_name?", last_failed_connect_at AS "last_failed_connect_at?", last_successful_connect_at AS "la[1m[94m...[0m
#21 93.54 [1m[94m131[0m [1m[94m|[0m [1m[91m|[0m [1m[94m...[0m       cursor.server_name,
#21 93.54 [1m[94m132[0m [1m[94m|[0m [1m[91m|[0m [1m[94m...[0m       fetch_limit,
#21 93.54 [1m[94m133[0m [1m[94m|[0m [1m[91m|[0m [1m[94m...[0m   )
#21 93.54     [1m[94m|[0m [1m[91m|_______^[0m
#21 93.54     [1m[94m|[0m
#21 93.54     [1m[94m= [0m[1mnote[0m: this error originates in the macro `$crate::sqlx_macros::expand_query` which comes from the expansion of the macro `sqlx::query_as` (in Nightly builds, run with -Z macro-backtrace for more info)
#21 93.54 
#21 93.54 [1m[91merror[0m[1m: `SQLX_OFFLINE=true` but there is no cached data for this query, run `cargo sqlx prepare` to update the query cache or unset `SQLX_OFFLINE`[0m
#21 93.54    [1m[94m--> [0msrc/services/admin_federation_service.rs:139:13
#21 93.54     [1m[94m|[0m
#21 93.54 [1m[94m139[0m [1m[94m|[0m [1m[91m/[0m [1m[94m...[0m   sqlx::query_as!(
#21 93.54 [1m[94m140[0m [1m[94m|[0m [1m[91m|[0m [1m[94m...[0m       DestinationRow,
#21 93.54 [1m[94m141[0m [1m[94m|[0m [1m[91m|[0m [1m[94m...[0m       r#"SELECT server_name AS "server_name?", last_failed_connect_at AS "last_failed_connect_at?", last_successful_connect_at AS "la[1m[94m...[0m
#21 93.54 [1m[94m142[0m [1m[94m|[0m [1m[91m|[0m [1m[94m...[0m       offset,
#21 93.54 [1m[94m143[0m [1m[94m|[0m [1m[91m|[0m [1m[94m...[0m       fetch_limit,
#21 93.54 [1m[94m144[0m [1m[94m|[0m [1m[91m|[0m [1m[94m...[0m   )
#21 93.54     [1m[94m|[0m [1m[91m|_______^[0m
#21 93.54     [1m[94m|[0m
#21 93.54     [1m[94m= [0m[1mnote[0m: this error originates in the macro `$crate::sqlx_macros::expand_query` which comes from the expansion of the macro `sqlx::query_as` (in Nightly builds, run with -Z macro-backtrace for more info)
#21 93.54 
#21 93.54 [1m[91merror[0m[1m: `SQLX_OFFLINE=true` but there is no cached data for this query, run `cargo sqlx prepare` to update the query cache or unset `SQLX_OFFLINE`[0m
#21 93.54    [1m[94m--> [0msrc/services/admin_federation_service.rs:213:22
#21 93.54     [1m[94m|[0m
#21 93.54 [1m[94m213[0m [1m[94m|[0m         let exists = sqlx::query_scalar!("SELECT EXISTS(SELECT 1 FROM federation_servers WHERE server_name = $1)", destination)
#21 93.54     [1m[94m|[0m                      [1m[91m^^^^^^^^^^^^^^^^^^^^^^^^^^^^^^^^^^^^^^^^^^^^^^^^^^^^^^^^^^^^^^^^^^^^^^^^^^^^^^^^^^^^^^^^^^^^^^^^^^^^^^^^^^[0m
#21 93.54     [1m[94m|[0m
#21 93.54     [1m[94m= [0m[1mnote[0m: this error originates in the macro `$crate::sqlx_macros::expand_query` which comes from the expansion of the macro `sqlx::query_scalar` (in Nightly builds, run with -Z macro-backtrace for more info)
#21 93.54 
#21 93.54 [1m[91merror[0m[1m: `SQLX_OFFLINE=true` but there is no cached data for this query, run `cargo sqlx prepare` to update the query cache or unset `SQLX_OFFLINE`[0m
#21 93.54    [1m[94m--> [0msrc/services/admin_federation_service.rs:240:22
#21 93.54     [1m[94m|[0m
#21 93.54 [1m[94m240[0m [1m[94m|[0m         let exists = sqlx::query_scalar!("SELECT EXISTS(SELECT 1 FROM federation_servers WHERE server_name = $1)", from_server)
#21 93.54     [1m[94m|[0m                      [1m[91m^^^^^^^^^^^^^^^^^^^^^^^^^^^^^^^^^^^^^^^^^^^^^^^^^^^^^^^^^^^^^^^^^^^^^^^^^^^^^^^^^^^^^^^^^^^^^^^^^^^^^^^^^^[0m
#21 93.54     [1m[94m|[0m
#21 93.54     [1m[94m= [0m[1mnote[0m: this error originates in the macro `$crate::sqlx_macros::expand_query` which comes from the expansion of the macro `sqlx::query_scalar` (in Nightly builds, run with -Z macro-backtrace for more info)
#21 93.54 
#21 93.54 [1m[91merror[0m[1m: `SQLX_OFFLINE=true` but there is no cached data for this query, run `cargo sqlx prepare` to update the query cache or unset `SQLX_OFFLINE`[0m
#21 93.54    [1m[94m--> [0msrc/services/admin_federation_service.rs:272:13
#21 93.54     [1m[94m|[0m
#21 93.54 [1m[94m272[0m [1m[94m|[0m             sqlx::query_scalar!("SELECT EXISTS(SELECT 1 FROM federation_servers WHERE server_name = $1)", server_name)
#21 93.54     [1m[94m|[0m             [1m[91m^^^^^^^^^^^^^^^^^^^^^^^^^^^^^^^^^^^^^^^^^^^^^^^^^^^^^^^^^^^^^^^^^^^^^^^^^^^^^^^^^^^^^^^^^^^^^^^^^^^^^^^^^^[0m
#21 93.54     [1m[94m|[0m
#21 93.54     [1m[94m= [0m[1mnote[0m: this error originates in the macro `$crate::sqlx_macros::expand_query` which comes from the expansion of the macro `sqlx::query_scalar` (in Nightly builds, run with -Z macro-backtrace for more info)
#21 93.54 
#21 93.54 [1m[91merror[0m[1m: `SQLX_OFFLINE=true` but there is no cached data for this query, run `cargo sqlx prepare` to update the query cache or unset `SQLX_OFFLINE`[0m
#21 93.54    [1m[94m--> [0msrc/services/admin_federation_service.rs:294:24
#21 93.54     [1m[94m|[0m
#21 93.54 [1m[94m294[0m [1m[94m|[0m           let existing = sqlx::query!(
#21 93.54     [1m[94m|[0m [1m[91m ________________________^[0m
#21 93.54 [1m[94m295[0m [1m[94m|[0m [1m[91m|[0m             r#"SELECT status AS "status?" FROM federation_servers WHERE server_name = $1"#,
#21 93.54 [1m[94m296[0m [1m[94m|[0m [1m[91m|[0m             server_name,
#21 93.54 [1m[94m297[0m [1m[94m|[0m [1m[91m|[0m         )
#21 93.54     [1m[94m|[0m [1m[91m|_________^[0m
#21 93.54     [1m[94m|[0m
#21 93.54     [1m[94m= [0m[1mnote[0m: this error originates in the macro `$crate::sqlx_macros::expand_query` which comes from the expansion of the macro `sqlx::query` (in Nightly builds, run with -Z macro-backtrace for more info)
#21 93.54 
#21 93.55 [1m[91merror[0m[1m: `SQLX_OFFLINE=true` but there is no cached data for this query, run `cargo sqlx prepare` to update the query cache or unset `SQLX_OFFLINE`[0m
#21 93.55    [1m[94m--> [0msrc/services/admin_federation_service.rs:353:23
#21 93.55     [1m[94m|[0m
#21 93.55 [1m[94m353[0m [1m[94m|[0m           let pending = sqlx::query!(
#21 93.55     [1m[94m|[0m [1m[91m _______________________^[0m
#21 93.55 [1m[94m354[0m [1m[94m|[0m [1m[91m|[0m             "SELECT server_name, failure_count, last_failed_connect_at, last_successful_connect_at, updated_ts \
#21 93.55 [1m[94m355[0m [1m[94m|[0m [1m[91m|[0m              FROM federation_servers WHERE status = 'pending' \
#21 93.55 [1m[94m356[0m [1m[94m|[0m [1m[91m|[0m                AND (($1::BIGINT IS NULL AND $2::TEXT IS NULL)
#21 93.55 [1m[94m...[0m   [1m[91m|[0m
#21 93.55 [1m[94m363[0m [1m[94m|[0m [1m[91m|[0m             limit as i64
#21 93.55 [1m[94m364[0m [1m[94m|[0m [1m[91m|[0m         )
#21 93.55     [1m[94m|[0m [1m[91m|_________^[0m
#21 93.55     [1m[94m|[0m
#21 93.55     [1m[94m= [0m[1mnote[0m: this error originates in the macro `$crate::sqlx_macros::expand_query` which comes from the expansion of the macro `sqlx::query` (in Nightly builds, run with -Z macro-backtrace for more info)
#21 93.55 
#21 93.55 [1m[91merror[0m[1m: `SQLX_OFFLINE=true` but there is no cached data for this query, run `cargo sqlx prepare` to update the query cache or unset `SQLX_OFFLINE`[0m
#21 93.55    [1m[94m--> [0msrc/services/admin_media_service.rs:94:21
#21 93.55     [1m[94m|[0m
#21 93.55  [1m[94m94[0m [1m[94m|[0m           let media = sqlx::query_as!(
#21 93.55     [1m[94m|[0m [1m[91m _____________________^[0m
#21 93.55  [1m[94m95[0m [1m[94m|[0m [1m[91m|[0m             AdminMediaRow,
#21 93.55  [1m[94m96[0m [1m[94m|[0m [1m[91m|[0m             r#"SELECT media_id, content_type, file_name, size, uploader_user_id, created_ts, last_accessed_at, quarantine_status
#21 93.55  [1m[94m97[0m [1m[94m|[0m [1m[91m|[0m                FROM media_metadata
#21 93.55 [1m[94m...[0m   [1m[91m|[0m
#21 93.55 [1m[94m105[0m [1m[94m|[0m [1m[91m|[0m             limit
#21 93.55 [1m[94m106[0m [1m[94m|[0m [1m[91m|[0m         )
#21 93.55     [1m[94m|[0m [1m[91m|_________^[0m
#21 93.55     [1m[94m|[0m
#21 93.55     [1m[94m= [0m[1mnote[0m: this error originates in the macro `$crate::sqlx_macros::expand_query` which comes from the expansion of the macro `sqlx::query_as` (in Nightly builds, run with -Z macro-backtrace for more info)
#21 93.55 
#21 93.55 [1m[91merror[0m[1m: `SQLX_OFFLINE=true` but there is no cached data for this query, run `cargo sqlx prepare` to update the query cache or unset `SQLX_OFFLINE`[0m
#21 93.55    [1m[94m--> [0msrc/services/admin_media_service.rs:129:21
#21 93.55     [1m[94m|[0m
#21 93.55 [1m[94m129[0m [1m[94m|[0m           let media = sqlx::query_as!(
#21 93.55     [1m[94m|[0m [1m[91m _____________________^[0m
#21 93.55 [1m[94m130[0m [1m[94m|[0m [1m[91m|[0m             AdminMediaRow,
#21 93.55 [1m[94m131[0m [1m[94m|[0m [1m[91m|[0m             r#"SELECT media_id, content_type, file_name, size, uploader_user_id, created_ts, last_accessed_at, quarantine_status
#21 93.55 [1m[94m132[0m [1m[94m|[0m [1m[91m|[0m                FROM media_metadata WHERE media_id = $1"#,
#21 93.55 [1m[94m133[0m [1m[94m|[0m [1m[91m|[0m             media_id
#21 93.55 [1m[94m134[0m [1m[94m|[0m [1m[91m|[0m         )
#21 93.55     [1m[94m|[0m [1m[91m|_________^[0m
#21 93.55     [1m[94m|[0m
#21 93.55     [1m[94m= [0m[1mnote[0m: this error originates in the macro `$crate::sqlx_macros::expand_query` which comes from the expansion of the macro `sqlx::query_as` (in Nightly builds, run with -Z macro-backtrace for more info)
#21 93.55 
#21 93.55 [1m[91merror[0m[1m: `SQLX_OFFLINE=true` but there is no cached data for this query, run `cargo sqlx prepare` to update the query cache or unset `SQLX_OFFLINE`[0m
#21 93.55    [1m[94m--> [0msrc/services/admin_media_service.rs:178:21
#21 93.55     [1m[94m|[0m
#21 93.55 [1m[94m178[0m [1m[94m|[0m           let media = sqlx::query_as!(
#21 93.55     [1m[94m|[0m [1m[91m _____________________^[0m
#21 93.55 [1m[94m179[0m [1m[94m|[0m [1m[91m|[0m             AdminMediaRow,
#21 93.55 [1m[94m180[0m [1m[94m|[0m [1m[91m|[0m             r#"SELECT media_id, content_type, file_name, size, uploader_user_id, created_ts,
#21 93.55 [1m[94m181[0m [1m[94m|[0m [1m[91m|[0m                NULL::BIGINT AS "last_accessed_at?", NULL::TEXT AS "quarantine_status?"
#21 93.55 [1m[94m182[0m [1m[94m|[0m [1m[91m|[0m                FROM media_metadata WHERE uploader_user_id = $1 ORDER BY created_ts DESC"#,
#21 93.55 [1m[94m183[0m [1m[94m|[0m [1m[91m|[0m             &user.user_id
#21 93.55 [1m[94m184[0m [1m[94m|[0m [1m[91m|[0m         )
#21 93.55     [1m[94m|[0m [1m[91m|_________^[0m
#21 93.55     [1m[94m|[0m
#21 93.55     [1m[94m= [0m[1mnote[0m: this error originates in the macro `$crate::sqlx_macros::expand_query` which comes from the expansion of the macro `sqlx::query_as` (in Nightly builds, run with -Z macro-backtrace for more info)
#21 93.55 
#21 93.55 [1m[91merror[0m[1m: `SQLX_OFFLINE=true` but there is no cached data for this query, run `cargo sqlx prepare` to update the query cache or unset `SQLX_OFFLINE`[0m
#21 93.55   [1m[94m--> [0msrc/services/admin_security_service.rs:23:22
#21 93.55    [1m[94m|[0m
#21 93.55 [1m[94m23[0m [1m[94m|[0m           let result = sqlx::query!(
#21 93.55    [1m[94m|[0m [1m[91m ______________________^[0m
#21 93.55 [1m[94m24[0m [1m[94m|[0m [1m[91m|[0m             "UPDATE users SET is_shadow_banned = $2 WHERE user_id = $1",
#21 93.55 [1m[94m25[0m [1m[94m|[0m [1m[91m|[0m             user_id,
#21 93.55 [1m[94m26[0m [1m[94m|[0m [1m[91m|[0m             is_shadow_banned,
#21 93.55 [1m[94m27[0m [1m[94m|[0m [1m[91m|[0m         )
#21 93.55    [1m[94m|[0m [1m[91m|_________^[0m
#21 93.55    [1m[94m|[0m
#21 93.55    [1m[94m= [0m[1mnote[0m: this error originates in the macro `$crate::sqlx_macros::expand_query` which comes from the expansion of the macro `sqlx::query` (in Nightly builds, run with -Z macro-backtrace for more info)
#21 93.55 
#21 93.56 [1m[91merror[0m[1m: `SQLX_OFFLINE=true` but there is no cached data for this query, run `cargo sqlx prepare` to update the query cache or unset `SQLX_OFFLINE`[0m
#21 93.56    [1m[94m--> [0msrc/services/admin_user_service.rs:240:13
#21 93.56     [1m[94m|[0m
#21 93.56 [1m[94m240[0m [1m[94m|[0m [1m[91m/[0m             sqlx::query!(
#21 93.56 [1m[94m241[0m [1m[94m|[0m [1m[91m|[0m                 r#"
#21 93.56 [1m[94m242[0m [1m[94m|[0m [1m[91m|[0m                 UPDATE users SET
#21 93.56 [1m[94m243[0m [1m[94m|[0m [1m[91m|[0m                     displayname = COALESCE($2, displayname),
#21 93.56 [1m[94m...[0m   [1m[91m|[0m
#21 93.56 [1m[94m257[0m [1m[94m|[0m [1m[91m|[0m                 now,
#21 93.56 [1m[94m258[0m [1m[94m|[0m [1m[91m|[0m             )
#21 93.56     [1m[94m|[0m [1m[91m|_____________^[0m
#21 93.56     [1m[94m|[0m
#21 93.56     [1m[94m= [0m[1mnote[0m: this error originates in the macro `$crate::sqlx_macros::expand_query` which comes from the expansion of the macro `sqlx::query` (in Nightly builds, run with -Z macro-backtrace for more info)
#21 93.56 
#21 93.56 [1m[91merror[0m[1m: `SQLX_OFFLINE=true` but there is no cached data for this query, run `cargo sqlx prepare` to update the query cache or unset `SQLX_OFFLINE`[0m
#21 93.56    [1m[94m--> [0msrc/services/admin_user_service.rs:283:9
#21 93.56     [1m[94m|[0m
#21 93.56 [1m[94m283[0m [1m[94m|[0m [1m[91m/[0m         sqlx::query!(
#21 93.56 [1m[94m284[0m [1m[94m|[0m [1m[91m|[0m             r#"
#21 93.56 [1m[94m285[0m [1m[94m|[0m [1m[91m|[0m             INSERT INTO users (
#21 93.56 [1m[94m286[0m [1m[94m|[0m [1m[91m|[0m                 user_id, username, password_hash, displayname, avatar_url,
#21 93.56 [1m[94m...[0m   [1m[91m|[0m
#21 93.56 [1m[94m300[0m [1m[94m|[0m [1m[91m|[0m             now,
#21 93.56 [1m[94m301[0m [1m[94m|[0m [1m[91m|[0m         )
#21 93.56     [1m[94m|[0m [1m[91m|_________^[0m
#21 93.56     [1m[94m|[0m
#21 93.56     [1m[94m= [0m[1mnote[0m: this error originates in the macro `$crate::sqlx_macros::expand_query` which comes from the expansion of the macro `sqlx::query` (in Nightly builds, run with -Z macro-backtrace for more info)
#21 93.56 
#21 93.56 [1m[91merror[0m[1m: `SQLX_OFFLINE=true` but there is no cached data for this query, run `cargo sqlx prepare` to update the query cache or unset `SQLX_OFFLINE`[0m
#21 93.56    [1m[94m--> [0msrc/services/admin_user_service.rs:310:21
#21 93.56     [1m[94m|[0m
#21 93.56 [1m[94m310[0m [1m[94m|[0m           let stats = sqlx::query!(
#21 93.56     [1m[94m|[0m [1m[91m _____________________^[0m
#21 93.56 [1m[94m311[0m [1m[94m|[0m [1m[91m|[0m             r#"
#21 93.56 [1m[94m312[0m [1m[94m|[0m [1m[91m|[0m             SELECT
#21 93.56 [1m[94m313[0m [1m[94m|[0m [1m[91m|[0m                 COUNT(*) AS "total_users!",
#21 93.56 [1m[94m...[0m   [1m[91m|[0m
#21 93.56 [1m[94m319[0m [1m[94m|[0m [1m[91m|[0m             "#
#21 93.56 [1m[94m320[0m [1m[94m|[0m [1m[91m|[0m         )
#21 93.56     [1m[94m|[0m [1m[91m|_________^[0m
#21 93.56     [1m[94m|[0m
#21 93.56     [1m[94m= [0m[1mnote[0m: this error originates in the macro `$crate::sqlx_macros::expand_query` which comes from the expansion of the macro `sqlx::query` (in Nightly builds, run with -Z macro-backtrace for more info)
#21 93.56 
#21 93.56 [1m[91merror[0m[1m: `SQLX_OFFLINE=true` but there is no cached data for this query, run `cargo sqlx prepare` to update the query cache or unset `SQLX_OFFLINE`[0m
#21 93.56    [1m[94m--> [0msrc/services/admin_user_service.rs:352:29
#21 93.56     [1m[94m|[0m
#21 93.56 [1m[94m352[0m [1m[94m|[0m           let messages_sent = sqlx::query_scalar!(
#21 93.56     [1m[94m|[0m [1m[91m _____________________________^[0m
#21 93.56 [1m[94m353[0m [1m[94m|[0m [1m[91m|[0m             r#"SELECT COUNT(*) AS "count!" FROM events WHERE sender = $1 AND event_type = 'm.room.message' AND is_redacted = false"#,
#21 93.56 [1m[94m354[0m [1m[94m|[0m [1m[91m|[0m             &user.user_id,
#21 93.56 [1m[94m355[0m [1m[94m|[0m [1m[91m|[0m         )
#21 93.56     [1m[94m|[0m [1m[91m|_________^[0m
#21 93.56     [1m[94m|[0m
#21 93.56     [1m[94m= [0m[1mnote[0m: this error originates in the macro `$crate::sqlx_macros::expand_query` which comes from the expansion of the macro `sqlx::query_scalar` (in Nightly builds, run with -Z macro-backtrace for more info)
#21 93.56 
#21 93.56 [1m[91merror[0m[1m: `SQLX_OFFLINE=true` but there is no cached data for this query, run `cargo sqlx prepare` to update the query cache or unset `SQLX_OFFLINE`[0m
#21 93.56    [1m[94m--> [0msrc/services/admin_user_service.rs:390:26
#21 93.56     [1m[94m|[0m
#21 93.56 [1m[94m390[0m [1m[94m|[0m               let result = sqlx::query!(
#21 93.56     [1m[94m|[0m [1m[91m __________________________^[0m
#21 93.56 [1m[94m391[0m [1m[94m|[0m [1m[91m|[0m                 r#"
#21 93.56 [1m[94m392[0m [1m[94m|[0m [1m[91m|[0m                 INSERT INTO users (user_id, username, password_hash, displayname, is_admin, created_ts, updated_ts)
#21 93.56 [1m[94m393[0m [1m[94m|[0m [1m[91m|[0m                 VALUES ($1, $2, $3, $4, $5, $6, $7)
#21 93.56 [1m[94m...[0m   [1m[91m|[0m
#21 93.56 [1m[94m402[0m [1m[94m|[0m [1m[91m|[0m                 now,
#21 93.56 [1m[94m403[0m [1m[94m|[0m [1m[91m|[0m             )
#21 93.56     [1m[94m|[0m [1m[91m|_____________^[0m
#21 93.56     [1m[94m|[0m
#21 93.56     [1m[94m= [0m[1mnote[0m: this error originates in the macro `$crate::sqlx_macros::expand_query` which comes from the expansion of the macro `sqlx::query` (in Nightly builds, run with -Z macro-backtrace for more info)
#21 93.56 
#21 93.60 [1m[91merror[0m[1m: `SQLX_OFFLINE=true` but there is no cached data for this query, run `cargo sqlx prepare` to update the query cache or unset `SQLX_OFFLINE`[0m
#21 93.60   [1m[94m--> [0msrc/services/client_push_service.rs:41:23
#21 93.60    [1m[94m|[0m
#21 93.60 [1m[94m41[0m [1m[94m|[0m   [1m[94m...[0m   let pushers = sqlx::query!(
#21 93.60    [1m[94m|[0m [1m[91m _____________________^[0m
#21 93.60 [1m[94m42[0m [1m[94m|[0m [1m[91m|[0m [1m[94m...[0m       r#"
#21 93.60 [1m[94m43[0m [1m[94m|[0m [1m[91m|[0m [1m[94m...[0m       SELECT pushkey AS "pushkey!", kind AS "kind!", app_id AS "app_id!", app_display_name AS "app_display_name!", device_display_nam[1m[94m...[0m
#21 93.60 [1m[94m44[0m [1m[94m|[0m [1m[91m|[0m [1m[94m...[0m              profile_tag AS "profile_tag?", lang AS "lang!", data AS "data"
#21 93.60 [1m[94m...[0m  [1m[91m|[0m
#21 93.60 [1m[94m50[0m [1m[94m|[0m [1m[91m|[0m [1m[94m...[0m       device_id,
#21 93.60 [1m[94m51[0m [1m[94m|[0m [1m[91m|[0m [1m[94m...[0m   )
#21 93.60    [1m[94m|[0m [1m[91m|_______^[0m
#21 93.60    [1m[94m|[0m
#21 93.60    [1m[94m= [0m[1mnote[0m: this error originates in the macro `$crate::sqlx_macros::expand_query` which comes from the expansion of the macro `sqlx::query` (in Nightly builds, run with -Z macro-backtrace for more info)
#21 93.60 
#21 93.60 [1m[91merror[0m[1m: `SQLX_OFFLINE=true` but there is no cached data for this query, run `cargo sqlx prepare` to update the query cache or unset `SQLX_OFFLINE`[0m
#21 93.60    [1m[94m--> [0msrc/services/client_push_service.rs:118:9
#21 93.60     [1m[94m|[0m
#21 93.60 [1m[94m118[0m [1m[94m|[0m         sqlx::query_scalar!(r#"SELECT content AS "content!" FROM account_data WHERE user_id = $1 AND data_type = 'm.push_rules'"#, user_id)
#21 93.60     [1m[94m|[0m         [1m[91m^^^^^^^^^^^^^^^^^^^^^^^^^^^^^^^^^^^^^^^^^^^^^^^^^^^^^^^^^^^^^^^^^^^^^^^^^^^^^^^^^^^^^^^^^^^^^^^^^^^^^^^^^^^^^^^^^^^^^^^^^^^^^^^^^^^[0m
#21 93.60     [1m[94m|[0m
#21 93.60     [1m[94m= [0m[1mnote[0m: this error originates in the macro `$crate::sqlx_macros::expand_query` which comes from the expansion of the macro `sqlx::query_scalar` (in Nightly builds, run with -Z macro-backtrace for more info)
#21 93.60 
#21 93.60 [1m[91merror[0m[1m: `SQLX_OFFLINE=true` but there is no cached data for this query, run `cargo sqlx prepare` to update the query cache or unset `SQLX_OFFLINE`[0m
#21 93.60    [1m[94m--> [0msrc/services/client_push_service.rs:125:21
#21 93.60     [1m[94m|[0m
#21 93.60 [1m[94m125[0m [1m[94m|[0m   [1m[94m...[0m   let rules = sqlx::query!(
#21 93.60     [1m[94m|[0m [1m[91m ___________________^[0m
#21 93.60 [1m[94m126[0m [1m[94m|[0m [1m[91m|[0m [1m[94m...[0m       r#"
#21 93.60 [1m[94m127[0m [1m[94m|[0m [1m[91m|[0m [1m[94m...[0m       SELECT rule_id AS "rule_id!", pattern AS "pattern?", conditions AS "conditions", actions AS "actions", is_enabled AS "is_enable[1m[94m...[0m
#21 93.60 [1m[94m128[0m [1m[94m|[0m [1m[91m|[0m [1m[94m...[0m       FROM push_rules
#21 93.60 [1m[94m...[0m   [1m[91m|[0m
#21 93.60 [1m[94m134[0m [1m[94m|[0m [1m[91m|[0m [1m[94m...[0m       kind,
#21 93.60 [1m[94m135[0m [1m[94m|[0m [1m[91m|[0m [1m[94m...[0m   )
#21 93.60     [1m[94m|[0m [1m[91m|_______^[0m
#21 93.60     [1m[94m|[0m
#21 93.60     [1m[94m= [0m[1mnote[0m: this error originates in the macro `$crate::sqlx_macros::expand_query` which comes from the expansion of the macro `sqlx::query` (in Nightly builds, run with -Z macro-backtrace for more info)
#21 93.60 
#21 93.61 [1m[91merror[0m[1m: `SQLX_OFFLINE=true` but there is no cached data for this query, run `cargo sqlx prepare` to update the query cache or unset `SQLX_OFFLINE`[0m
#21 93.61    [1m[94m--> [0msrc/services/client_push_service.rs:157:9
#21 93.61     [1m[94m|[0m
#21 93.61 [1m[94m157[0m [1m[94m|[0m [1m[91m/[0m [1m[94m...[0m   sqlx::query!(
#21 93.61 [1m[94m158[0m [1m[94m|[0m [1m[91m|[0m [1m[94m...[0m       r"
#21 93.61 [1m[94m159[0m [1m[94m|[0m [1m[91m|[0m [1m[94m...[0m       INSERT INTO push_rules (user_id, scope, kind, rule_id, pattern, conditions, actions, is_enabled, is_default, priority_class, cr[1m[94m...[0m
#21 93.61 [1m[94m160[0m [1m[94m|[0m [1m[91m|[0m [1m[94m...[0m       VALUES ($1, $2, $3, $4, $5, $6, $7, true, false, 5, $8)
#21 93.61 [1m[94m...[0m   [1m[91m|[0m
#21 93.61 [1m[94m171[0m [1m[94m|[0m [1m[91m|[0m [1m[94m...[0m       now,
#21 93.61 [1m[94m172[0m [1m[94m|[0m [1m[91m|[0m [1m[94m...[0m   )
#21 93.61     [1m[94m|[0m [1m[91m|_______^[0m
#21 93.61     [1m[94m|[0m
#21 93.61     [1m[94m= [0m[1mnote[0m: this error originates in the macro `$crate::sqlx_macros::expand_query` which comes from the expansion of the macro `sqlx::query` (in Nightly builds, run with -Z macro-backtrace for more info)
#21 93.61 
#21 93.61 [1m[91merror[0m[1m: `SQLX_OFFLINE=true` but there is no cached data for this query, run `cargo sqlx prepare` to update the query cache or unset `SQLX_OFFLINE`[0m
#21 93.61    [1m[94m--> [0msrc/services/client_push_service.rs:264:29
#21 93.61     [1m[94m|[0m
#21 93.61 [1m[94m264[0m [1m[94m|[0m   [1m[94m...[0m   let notifications = sqlx::query!(
#21 93.61     [1m[94m|[0m [1m[91m ___________________________^[0m
#21 93.61 [1m[94m265[0m [1m[94m|[0m [1m[91m|[0m [1m[94m...[0m       r#"
#21 93.61 [1m[94m266[0m [1m[94m|[0m [1m[91m|[0m [1m[94m...[0m       SELECT id AS "id!", event_id AS "event_id?", room_id AS "room_id?", ts AS "ts?", notification_type AS "notification_type?", is_[1m[94m...[0m
#21 93.61 [1m[94m267[0m [1m[94m|[0m [1m[91m|[0m [1m[94m...[0m       FROM notifications
#21 93.61 [1m[94m...[0m   [1m[91m|[0m
#21 93.61 [1m[94m273[0m [1m[94m|[0m [1m[91m|[0m [1m[94m...[0m       limit,
#21 93.61 [1m[94m274[0m [1m[94m|[0m [1m[91m|[0m [1m[94m...[0m   )
#21 93.61     [1m[94m|[0m [1m[91m|_______^[0m
#21 93.61     [1m[94m|[0m
#21 93.61     [1m[94m= [0m[1mnote[0m: this error originates in the macro `$crate::sqlx_macros::expand_query` which comes from the expansion of the macro `sqlx::query` (in Nightly builds, run with -Z macro-backtrace for more info)
#21 93.61 
#21 93.90 [1m[91merror[0m[1m: `SQLX_OFFLINE=true` but there is no cached data for this query, run `cargo sqlx prepare` to update the query cache or unset `SQLX_OFFLINE`[0m
#21 93.90     [1m[94m--> [0msrc/services/room/service.rs:1331:21
#21 93.90      [1m[94m|[0m
#21 93.90 [1m[94m1331[0m [1m[94m|[0m           let rooms = sqlx::query!(
#21 93.90      [1m[94m|[0m [1m[91m _____________________^[0m
#21 93.90 [1m[94m1332[0m [1m[94m|[0m [1m[91m|[0m             r#"
#21 93.90 [1m[94m1333[0m [1m[94m|[0m [1m[91m|[0m             SELECT rm.room_id AS "room_id!", rm.membership AS "membership!",
#21 93.90 [1m[94m1334[0m [1m[94m|[0m [1m[91m|[0m                    COALESCE(r.name, '') AS "name!",
#21 93.90 [1m[94m...[0m    [1m[91m|[0m
#21 93.90 [1m[94m1342[0m [1m[94m|[0m [1m[91m|[0m             user_id,
#21 93.90 [1m[94m1343[0m [1m[94m|[0m [1m[91m|[0m         )
#21 93.90      [1m[94m|[0m [1m[91m|_________^[0m
#21 93.90      [1m[94m|[0m
#21 93.90      [1m[94m= [0m[1mnote[0m: this error originates in the macro `$crate::sqlx_macros::expand_query` which comes from the expansion of the macro `sqlx::query` (in Nightly builds, run with -Z macro-backtrace for more info)
#21 93.90 
#21 94.01 [1m[91merror[0m[1m: `SQLX_OFFLINE=true` but there is no cached data for this query, run `cargo sqlx prepare` to update the query cache or unset `SQLX_OFFLINE`[0m
#21 94.01     [1m[94m--> [0msrc/services/search_service.rs:1130:20
#21 94.01      [1m[94m|[0m
#21 94.01 [1m[94m1130[0m [1m[94m|[0m   [1m[94m...[0m   let rows = sqlx::query!(
#21 94.01      [1m[94m|[0m [1m[91m __________________^[0m
#21 94.01 [1m[94m1131[0m [1m[94m|[0m [1m[91m|[0m [1m[94m...[0m       r#"
#21 94.01 [1m[94m1132[0m [1m[94m|[0m [1m[91m|[0m [1m[94m...[0m       SELECT event_id AS "event_id!", room_id AS "room_id!", sender AS "sender!", event_type AS "event_type!", content AS "content!",[1m[94m...[0m
#21 94.01 [1m[94m1133[0m [1m[94m|[0m [1m[91m|[0m [1m[94m...[0m       FROM events
#21 94.01 [1m[94m...[0m    [1m[91m|[0m
#21 94.01 [1m[94m1142[0m [1m[94m|[0m [1m[91m|[0m [1m[94m...[0m       limit,
#21 94.01 [1m[94m1143[0m [1m[94m|[0m [1m[91m|[0m [1m[94m...[0m   )
#21 94.01      [1m[94m|[0m [1m[91m|_______^[0m
#21 94.01      [1m[94m|[0m
#21 94.01      [1m[94m= [0m[1mnote[0m: this error originates in the macro `$crate::sqlx_macros::expand_query` which comes from the expansion of the macro `sqlx::query` (in Nightly builds, run with -Z macro-backtrace for more info)
#21 94.01 
#21 94.27 [1m[91merror[0m[1m: `SQLX_OFFLINE=true` but there is no cached data for this query, run `cargo sqlx prepare` to update the query cache or unset `SQLX_OFFLINE`[0m
#21 94.27    [1m[94m--> [0msrc/storage/device.rs:559:22
#21 94.27     [1m[94m|[0m
#21 94.27 [1m[94m559[0m [1m[94m|[0m           let max_id = sqlx::query_scalar!(
#21 94.27     [1m[94m|[0m [1m[91m ______________________^[0m
#21 94.27 [1m[94m560[0m [1m[94m|[0m [1m[91m|[0m             r#"SELECT COALESCE(MAX(stream_id), 0) as "max_id!" FROM device_lists_stream WHERE user_id = $1"#,
#21 94.27 [1m[94m561[0m [1m[94m|[0m [1m[91m|[0m             user_id
#21 94.27 [1m[94m562[0m [1m[94m|[0m [1m[91m|[0m         )
#21 94.27     [1m[94m|[0m [1m[91m|_________^[0m
#21 94.27     [1m[94m|[0m
#21 94.27     [1m[94m= [0m[1mnote[0m: this error originates in the macro `$crate::sqlx_macros::expand_query` which comes from the expansion of the macro `sqlx::query_scalar` (in Nightly builds, run with -Z macro-backtrace for more info)
#21 94.27 
#21 94.30 [1m[91merror[0m[1m: `SQLX_OFFLINE=true` but there is no cached data for this query, run `cargo sqlx prepare` to update the query cache or unset `SQLX_OFFLINE`[0m
#21 94.30    [1m[94m--> [0msrc/storage/event/mod.rs:101:9
#21 94.30     [1m[94m|[0m
#21 94.30 [1m[94m101[0m [1m[94m|[0m [1m[91m/[0m         sqlx::query!(
#21 94.30 [1m[94m102[0m [1m[94m|[0m [1m[91m|[0m             r#"
#21 94.30 [1m[94m103[0m [1m[94m|[0m [1m[91m|[0m             INSERT INTO room_ephemeral (room_id, event_type, user_id, content, stream_id, created_ts, expires_at)
#21 94.30 [1m[94m104[0m [1m[94m|[0m [1m[91m|[0m             VALUES ($1, $2, $3, $4, $5, $6, $7)
#21 94.30 [1m[94m...[0m   [1m[91m|[0m
#21 94.30 [1m[94m114[0m [1m[94m|[0m [1m[91m|[0m             expires_at
#21 94.30 [1m[94m115[0m [1m[94m|[0m [1m[91m|[0m         )
#21 94.30     [1m[94m|[0m [1m[91m|_________^[0m
#21 94.30     [1m[94m|[0m
#21 94.30     [1m[94m= [0m[1mnote[0m: this error originates in the macro `$crate::sqlx_macros::expand_query` which comes from the expansion of the macro `sqlx::query` (in Nightly builds, run with -Z macro-backtrace for more info)
#21 94.30 
#21 94.30 [1m[91merror[0m[1m: `SQLX_OFFLINE=true` but there is no cached data for this query, run `cargo sqlx prepare` to update the query cache or unset `SQLX_OFFLINE`[0m
#21 94.30    [1m[94m--> [0msrc/storage/event/mod.rs:127:9
#21 94.30     [1m[94m|[0m
#21 94.30 [1m[94m127[0m [1m[94m|[0m [1m[91m/[0m         sqlx::query!(
#21 94.30 [1m[94m128[0m [1m[94m|[0m [1m[91m|[0m             r#"
#21 94.30 [1m[94m129[0m [1m[94m|[0m [1m[91m|[0m             DELETE FROM room_ephemeral
#21 94.30 [1m[94m130[0m [1m[94m|[0m [1m[91m|[0m             WHERE room_id = $1 AND event_type = $2 AND user_id = $3
#21 94.30 [1m[94m...[0m   [1m[91m|[0m
#21 94.30 [1m[94m134[0m [1m[94m|[0m [1m[91m|[0m             user_id
#21 94.30 [1m[94m135[0m [1m[94m|[0m [1m[91m|[0m         )
#21 94.30     [1m[94m|[0m [1m[91m|_________^[0m
#21 94.30     [1m[94m|[0m
#21 94.30     [1m[94m= [0m[1mnote[0m: this error originates in the macro `$crate::sqlx_macros::expand_query` which comes from the expansion of the macro `sqlx::query` (in Nightly builds, run with -Z macro-backtrace for more info)
#21 94.30 
#21 94.30 [1m[91merror[0m[1m: `SQLX_OFFLINE=true` but there is no cached data for this query, run `cargo sqlx prepare` to update the query cache or unset `SQLX_OFFLINE`[0m
#21 94.30    [1m[94m--> [0msrc/storage/event/mod.rs:147:9
#21 94.30     [1m[94m|[0m
#21 94.30 [1m[94m147[0m [1m[94m|[0m [1m[91m/[0m         sqlx::query_as!(
#21 94.30 [1m[94m148[0m [1m[94m|[0m [1m[91m|[0m             RoomEphemeralEvent,
#21 94.30 [1m[94m149[0m [1m[94m|[0m [1m[91m|[0m             r#"
#21 94.30 [1m[94m150[0m [1m[94m|[0m [1m[91m|[0m             SELECT
#21 94.30 [1m[94m...[0m   [1m[91m|[0m
#21 94.30 [1m[94m164[0m [1m[94m|[0m [1m[91m|[0m             limit
#21 94.30 [1m[94m165[0m [1m[94m|[0m [1m[91m|[0m         )
#21 94.30     [1m[94m|[0m [1m[91m|_________^[0m
#21 94.30     [1m[94m|[0m
#21 94.30     [1m[94m= [0m[1mnote[0m: this error originates in the macro `$crate::sqlx_macros::expand_query` which comes from the expansion of the macro `sqlx::query_as` (in Nightly builds, run with -Z macro-backtrace for more info)
#21 94.30 
#21 94.87 [1m[91merror[0m[1m: `SQLX_OFFLINE=true` but there is no cached data for this query, run `cargo sqlx prepare` to update the query cache or unset `SQLX_OFFLINE`[0m
#21 94.87    [1m[94m--> [0msrc/storage/retention.rs:258:19
#21 94.87     [1m[94m|[0m
#21 94.87 [1m[94m258[0m [1m[94m|[0m           let row = sqlx::query_as!(
#21 94.87     [1m[94m|[0m [1m[91m ___________________^[0m
#21 94.87 [1m[94m259[0m [1m[94m|[0m [1m[91m|[0m             ServerRetentionPolicy,
#21 94.87 [1m[94m260[0m [1m[94m|[0m [1m[91m|[0m             r#"
#21 94.87 [1m[94m261[0m [1m[94m|[0m [1m[91m|[0m             INSERT INTO server_retention_policy (
#21 94.87 [1m[94m...[0m   [1m[91m|[0m
#21 94.87 [1m[94m277[0m [1m[94m|[0m [1m[91m|[0m             now
#21 94.87 [1m[94m278[0m [1m[94m|[0m [1m[91m|[0m         )
#21 94.87     [1m[94m|[0m [1m[91m|_________^[0m
#21 94.87     [1m[94m|[0m
#21 94.87     [1m[94m= [0m[1mnote[0m: this error originates in the macro `$crate::sqlx_macros::expand_query` which comes from the expansion of the macro `sqlx::query_as` (in Nightly builds, run with -Z macro-backtrace for more info)
#21 94.87 
#21 94.96 [1m[91merror[0m[1m: `SQLX_OFFLINE=true` but there is no cached data for this query, run `cargo sqlx prepare` to update the query cache or unset `SQLX_OFFLINE`[0m
#21 94.96   [1m[94m--> [0msrc/storage/room_tag.rs:18:9
#21 94.96    [1m[94m|[0m
#21 94.96 [1m[94m18[0m [1m[94m|[0m [1m[91m/[0m [1m[94m...[0m   sqlx::query_as!(
#21 94.96 [1m[94m19[0m [1m[94m|[0m [1m[91m|[0m [1m[94m...[0m       RoomTag,
#21 94.96 [1m[94m20[0m [1m[94m|[0m [1m[91m|[0m [1m[94m...[0m       r#"SELECT id, user_id, room_id, tag, order_value AS "order", created_ts FROM room_tags WHERE user_id = $1 ORDER BY room_id, tag"#,
#21 94.96 [1m[94m21[0m [1m[94m|[0m [1m[91m|[0m [1m[94m...[0m       user_id,
#21 94.96 [1m[94m22[0m [1m[94m|[0m [1m[91m|[0m [1m[94m...[0m   )
#21 94.96    [1m[94m|[0m [1m[91m|_______^[0m
#21 94.96    [1m[94m|[0m
#21 94.96    [1m[94m= [0m[1mnote[0m: this error originates in the macro `$crate::sqlx_macros::expand_query` which comes from the expansion of the macro `sqlx::query_as` (in Nightly builds, run with -Z macro-backtrace for more info)
#21 94.96 
#21 95.24 [1m[91merror[0m[1m: `SQLX_OFFLINE=true` but there is no cached data for this query, run `cargo sqlx prepare` to update the query cache or unset `SQLX_OFFLINE`[0m
#21 95.24    [1m[94m--> [0msrc/storage/openclaw.rs:582:17
#21 95.24     [1m[94m|[0m
#21 95.24 [1m[94m582[0m [1m[94m|[0m [1m[91m/[0m                 sqlx::query_as!(AiMessage,
#21 95.24 [1m[94m583[0m [1m[94m|[0m [1m[91m|[0m                     r#"SELECT id as "id!", conversation_id as "conversation_id!", role as "role!",
#21 95.24 [1m[94m584[0m [1m[94m|[0m [1m[91m|[0m                               content as "content!", token_count as "token_count?",
#21 95.24 [1m[94m585[0m [1m[94m|[0m [1m[91m|[0m                               tool_calls as "tool_calls?", tool_call_id as "tool_call_id?",
#21 95.24 [1m[94m...[0m   [1m[91m|[0m
#21 95.24 [1m[94m595[0m [1m[94m|[0m [1m[91m|[0m                     limit + 1
#21 95.24 [1m[94m596[0m [1m[94m|[0m [1m[91m|[0m                 )
#21 95.24     [1m[94m|[0m [1m[91m|_________________^[0m
#21 95.24     [1m[94m|[0m
#21 95.24     [1m[94m= [0m[1mnote[0m: this error originates in the macro `$crate::sqlx_macros::expand_query` which comes from the expansion of the macro `sqlx::query_as` (in Nightly builds, run with -Z macro-backtrace for more info)
#21 95.24 
#21 95.24 [1m[91merror[0m[1m: `SQLX_OFFLINE=true` but there is no cached data for this query, run `cargo sqlx prepare` to update the query cache or unset `SQLX_OFFLINE`[0m
#21 95.24    [1m[94m--> [0msrc/storage/openclaw.rs:601:17
#21 95.24     [1m[94m|[0m
#21 95.24 [1m[94m601[0m [1m[94m|[0m [1m[91m/[0m                 sqlx::query_as!(AiMessage,
#21 95.24 [1m[94m602[0m [1m[94m|[0m [1m[91m|[0m                     r#"SELECT id as "id!", conversation_id as "conversation_id!", role as "role!",
#21 95.24 [1m[94m603[0m [1m[94m|[0m [1m[91m|[0m                               content as "content!", token_count as "token_count?",
#21 95.24 [1m[94m604[0m [1m[94m|[0m [1m[91m|[0m                               tool_calls as "tool_calls?", tool_call_id as "tool_call_id?",
#21 95.24 [1m[94m...[0m   [1m[91m|[0m
#21 95.24 [1m[94m611[0m [1m[94m|[0m [1m[91m|[0m                     limit + 1
#21 95.24 [1m[94m612[0m [1m[94m|[0m [1m[91m|[0m                 )
#21 95.24     [1m[94m|[0m [1m[91m|_________________^[0m
#21 95.24     [1m[94m|[0m
#21 95.24     [1m[94m= [0m[1mnote[0m: this error originates in the macro `$crate::sqlx_macros::expand_query` which comes from the expansion of the macro `sqlx::query_as` (in Nightly builds, run with -Z macro-backtrace for more info)
#21 95.24 
#21 95.28 [1m[91merror[0m[1m: `SQLX_OFFLINE=true` but there is no cached data for this query, run `cargo sqlx prepare` to update the query cache or unset `SQLX_OFFLINE`[0m
#21 95.28   [1m[94m--> [0msrc/storage/voice.rs:51:19
#21 95.28    [1m[94m|[0m
#21 95.28 [1m[94m51[0m [1m[94m|[0m           let row = sqlx::query_scalar!(
#21 95.28    [1m[94m|[0m [1m[91m ___________________^[0m
#21 95.28 [1m[94m52[0m [1m[94m|[0m [1m[91m|[0m             r#"
#21 95.28 [1m[94m53[0m [1m[94m|[0m [1m[91m|[0m             INSERT INTO voice_usage_stats (user_id, room_id, media_id, content_type, duration_ms, size_bytes, created_ts)
#21 95.28 [1m[94m54[0m [1m[94m|[0m [1m[91m|[0m             VALUES ($1, $2, $3, $4, $5, $6, $7)
#21 95.28 [1m[94m...[0m  [1m[91m|[0m
#21 95.28 [1m[94m63[0m [1m[94m|[0m [1m[91m|[0m             now
#21 95.28 [1m[94m64[0m [1m[94m|[0m [1m[91m|[0m         )
#21 95.28    [1m[94m|[0m [1m[91m|_________^[0m
#21 95.28    [1m[94m|[0m
#21 95.28    [1m[94m= [0m[1mnote[0m: this error originates in the macro `$crate::sqlx_macros::expand_query` which comes from the expansion of the macro `sqlx::query_scalar` (in Nightly builds, run with -Z macro-backtrace for more info)
#21 95.28 
#21 95.28 [1m[91merror[0m[1m: `SQLX_OFFLINE=true` but there is no cached data for this query, run `cargo sqlx prepare` to update the query cache or unset `SQLX_OFFLINE`[0m
#21 95.28   [1m[94m--> [0msrc/storage/voice.rs:79:19
#21 95.28    [1m[94m|[0m
#21 95.28 [1m[94m79[0m [1m[94m|[0m           let row = sqlx::query_as!(
#21 95.28    [1m[94m|[0m [1m[91m ___________________^[0m
#21 95.28 [1m[94m80[0m [1m[94m|[0m [1m[91m|[0m             VoiceUserAggregatedStats,
#21 95.28 [1m[94m81[0m [1m[94m|[0m [1m[91m|[0m             r#"
#21 95.28 [1m[94m82[0m [1m[94m|[0m [1m[91m|[0m             SELECT
#21 95.28 [1m[94m...[0m  [1m[91m|[0m
#21 95.28 [1m[94m91[0m [1m[94m|[0m [1m[91m|[0m             today_start
#21 95.28 [1m[94m92[0m [1m[94m|[0m [1m[91m|[0m         )
#21 95.28    [1m[94m|[0m [1m[91m|_________^[0m
#21 95.28    [1m[94m|[0m
#21 95.28    [1m[94m= [0m[1mnote[0m: this error originates in the macro `$crate::sqlx_macros::expand_query` which comes from the expansion of the macro `sqlx::query_as` (in Nightly builds, run with -Z macro-backtrace for more info)
#21 95.28 
#21 95.28 [1m[91merror[0m[1m: `SQLX_OFFLINE=true` but there is no cached data for this query, run `cargo sqlx prepare` to update the query cache or unset `SQLX_OFFLINE`[0m
#21 95.28    [1m[94m--> [0msrc/storage/voice.rs:99:19
#21 95.28     [1m[94m|[0m
#21 95.28  [1m[94m99[0m [1m[94m|[0m           let row = sqlx::query_as!(
#21 95.28     [1m[94m|[0m [1m[91m ___________________^[0m
#21 95.28 [1m[94m100[0m [1m[94m|[0m [1m[91m|[0m             VoiceAggregatedStats,
#21 95.28 [1m[94m101[0m [1m[94m|[0m [1m[91m|[0m             r#"
#21 95.28 [1m[94m102[0m [1m[94m|[0m [1m[91m|[0m             SELECT
#21 95.28 [1m[94m...[0m   [1m[91m|[0m
#21 95.28 [1m[94m109[0m [1m[94m|[0m [1m[91m|[0m             room_id
#21 95.28 [1m[94m110[0m [1m[94m|[0m [1m[91m|[0m         )
#21 95.28     [1m[94m|[0m [1m[91m|_________^[0m
#21 95.28     [1m[94m|[0m
#21 95.28     [1m[94m= [0m[1mnote[0m: this error originates in the macro `$crate::sqlx_macros::expand_query` which comes from the expansion of the macro `sqlx::query_as` (in Nightly builds, run with -Z macro-backtrace for more info)
#21 95.28 
#21 95.28 [1m[91merror[0m[1m: `SQLX_OFFLINE=true` but there is no cached data for this query, run `cargo sqlx prepare` to update the query cache or unset `SQLX_OFFLINE`[0m
#21 95.28    [1m[94m--> [0msrc/storage/voice.rs:122:13
#21 95.28     [1m[94m|[0m
#21 95.28 [1m[94m122[0m [1m[94m|[0m             sqlx::query!("DELETE FROM voice_usage_stats WHERE user_id = $1", user_id).execute(&*self.pool).await?;
#21 95.28     [1m[94m|[0m             [1m[91m^^^^^^^^^^^^^^^^^^^^^^^^^^^^^^^^^^^^^^^^^^^^^^^^^^^^^^^^^^^^^^^^^^^^^^^^^[0m
#21 95.28     [1m[94m|[0m
#21 95.28     [1m[94m= [0m[1mnote[0m: this error originates in the macro `$crate::sqlx_macros::expand_query` which comes from the expansion of the macro `sqlx::query` (in Nightly builds, run with -Z macro-backtrace for more info)
#21 95.28 
#21 95.28 [1m[91merror[0m[1m: `SQLX_OFFLINE=true` but there is no cached data for this query, run `cargo sqlx prepare` to update the query cache or unset `SQLX_OFFLINE`[0m
#21 95.28    [1m[94m--> [0msrc/storage/voice.rs:128:13
#21 95.28     [1m[94m|[0m
#21 95.28 [1m[94m128[0m [1m[94m|[0m             sqlx::query!("DELETE FROM voice_usage_stats WHERE room_id = $1", room_id).execute(&*self.pool).await?;
#21 95.28     [1m[94m|[0m             [1m[91m^^^^^^^^^^^^^^^^^^^^^^^^^^^^^^^^^^^^^^^^^^^^^^^^^^^^^^^^^^^^^^^^^^^^^^^^^[0m
#21 95.28     [1m[94m|[0m
#21 95.28     [1m[94m= [0m[1mnote[0m: this error originates in the macro `$crate::sqlx_macros::expand_query` which comes from the expansion of the macro `sqlx::query` (in Nightly builds, run with -Z macro-backtrace for more info)
#21 95.28 
#21 95.28 [1m[91merror[0m[1m: `SQLX_OFFLINE=true` but there is no cached data for this query, run `cargo sqlx prepare` to update the query cache or unset `SQLX_OFFLINE`[0m
#21 95.28    [1m[94m--> [0msrc/storage/voice.rs:140:13
#21 95.28     [1m[94m|[0m
#21 95.28 [1m[94m140[0m [1m[94m|[0m [1m[91m/[0m             sqlx::query_as!(
#21 95.28 [1m[94m141[0m [1m[94m|[0m [1m[91m|[0m                 VoiceUsageRecord,
#21 95.28 [1m[94m142[0m [1m[94m|[0m [1m[91m|[0m                 r#"
#21 95.28 [1m[94m143[0m [1m[94m|[0m [1m[91m|[0m                 SELECT id AS "id!", user_id AS "user_id!", room_id AS "room_id?", media_id AS "media_id!",
#21 95.28 [1m[94m...[0m   [1m[91m|[0m
#21 95.28 [1m[94m153[0m [1m[94m|[0m [1m[91m|[0m                 limit
#21 95.28 [1m[94m154[0m [1m[94m|[0m [1m[91m|[0m             )
#21 95.28     [1m[94m|[0m [1m[91m|_____________^[0m
#21 95.28     [1m[94m|[0m
#21 95.28     [1m[94m= [0m[1mnote[0m: this error originates in the macro `$crate::sqlx_macros::expand_query` which comes from the expansion of the macro `sqlx::query_as` (in Nightly builds, run with -Z macro-backtrace for more info)
#21 95.28 
#21 95.28 [1m[91merror[0m[1m: `SQLX_OFFLINE=true` but there is no cached data for this query, run `cargo sqlx prepare` to update the query cache or unset `SQLX_OFFLINE`[0m
#21 95.28    [1m[94m--> [0msrc/storage/voice.rs:158:13
#21 95.28     [1m[94m|[0m
#21 95.28 [1m[94m158[0m [1m[94m|[0m [1m[91m/[0m             sqlx::query_as!(
#21 95.28 [1m[94m159[0m [1m[94m|[0m [1m[91m|[0m                 VoiceUsageRecord,
#21 95.28 [1m[94m160[0m [1m[94m|[0m [1m[91m|[0m                 r#"
#21 95.28 [1m[94m161[0m [1m[94m|[0m [1m[91m|[0m                 SELECT id AS "id!", user_id AS "user_id!", room_id AS "room_id?", media_id AS "media_id!",
#21 95.28 [1m[94m...[0m   [1m[91m|[0m
#21 95.28 [1m[94m170[0m [1m[94m|[0m [1m[91m|[0m                 limit
#21 95.28 [1m[94m171[0m [1m[94m|[0m [1m[91m|[0m             )
#21 95.28     [1m[94m|[0m [1m[91m|_____________^[0m
#21 95.28     [1m[94m|[0m
#21 95.28     [1m[94m= [0m[1mnote[0m: this error originates in the macro `$crate::sqlx_macros::expand_query` which comes from the expansion of the macro `sqlx::query_as` (in Nightly builds, run with -Z macro-backtrace for more info)
#21 95.28 
#21 95.28 [1m[91merror[0m[1m: `SQLX_OFFLINE=true` but there is no cached data for this query, run `cargo sqlx prepare` to update the query cache or unset `SQLX_OFFLINE`[0m
#21 95.28    [1m[94m--> [0msrc/storage/voice.rs:186:13
#21 95.28     [1m[94m|[0m
#21 95.28 [1m[94m186[0m [1m[94m|[0m [1m[91m/[0m             sqlx::query_as!(
#21 95.28 [1m[94m187[0m [1m[94m|[0m [1m[91m|[0m                 VoiceUsageRecord,
#21 95.28 [1m[94m188[0m [1m[94m|[0m [1m[91m|[0m                 r#"
#21 95.28 [1m[94m189[0m [1m[94m|[0m [1m[91m|[0m                 SELECT id AS "id!", user_id AS "user_id!", room_id AS "room_id?", media_id AS "media_id!",
#21 95.28 [1m[94m...[0m   [1m[91m|[0m
#21 95.28 [1m[94m199[0m [1m[94m|[0m [1m[91m|[0m                 limit
#21 95.28 [1m[94m200[0m [1m[94m|[0m [1m[91m|[0m             )
#21 95.28     [1m[94m|[0m [1m[91m|_____________^[0m
#21 95.28     [1m[94m|[0m
#21 95.28     [1m[94m= [0m[1mnote[0m: this error originates in the macro `$crate::sqlx_macros::expand_query` which comes from the expansion of the macro `sqlx::query_as` (in Nightly builds, run with -Z macro-backtrace for more info)
#21 95.28 
#21 95.28 [1m[91merror[0m[1m: `SQLX_OFFLINE=true` but there is no cached data for this query, run `cargo sqlx prepare` to update the query cache or unset `SQLX_OFFLINE`[0m
#21 95.28    [1m[94m--> [0msrc/storage/voice.rs:204:13
#21 95.28     [1m[94m|[0m
#21 95.28 [1m[94m204[0m [1m[94m|[0m [1m[91m/[0m             sqlx::query_as!(
#21 95.28 [1m[94m205[0m [1m[94m|[0m [1m[91m|[0m                 VoiceUsageRecord,
#21 95.28 [1m[94m206[0m [1m[94m|[0m [1m[91m|[0m                 r#"
#21 95.28 [1m[94m207[0m [1m[94m|[0m [1m[91m|[0m                 SELECT id AS "id!", user_id AS "user_id!", room_id AS "room_id?", media_id AS "media_id!",
#21 95.28 [1m[94m...[0m   [1m[91m|[0m
#21 95.28 [1m[94m216[0m [1m[94m|[0m [1m[91m|[0m                 limit
#21 95.28 [1m[94m217[0m [1m[94m|[0m [1m[91m|[0m             )
#21 95.28     [1m[94m|[0m [1m[91m|_____________^[0m
#21 95.28     [1m[94m|[0m
#21 95.28     [1m[94m= [0m[1mnote[0m: this error originates in the macro `$crate::sqlx_macros::expand_query` which comes from the expansion of the macro `sqlx::query_as` (in Nightly builds, run with -Z macro-backtrace for more info)
#21 95.28 
#21 95.28 [1m[91merror[0m[1m: `SQLX_OFFLINE=true` but there is no cached data for this query, run `cargo sqlx prepare` to update the query cache or unset `SQLX_OFFLINE`[0m
#21 95.28    [1m[94m--> [0msrc/storage/voice.rs:225:19
#21 95.28     [1m[94m|[0m
#21 95.28 [1m[94m225[0m [1m[94m|[0m           let row = sqlx::query_as!(
#21 95.28     [1m[94m|[0m [1m[91m ___________________^[0m
#21 95.28 [1m[94m226[0m [1m[94m|[0m [1m[91m|[0m             VoiceUsageRecord,
#21 95.28 [1m[94m227[0m [1m[94m|[0m [1m[91m|[0m             r#"
#21 95.28 [1m[94m228[0m [1m[94m|[0m [1m[91m|[0m             SELECT id AS "id!", user_id AS "user_id!", room_id AS "room_id?", media_id AS "media_id!",
#21 95.28 [1m[94m...[0m   [1m[91m|[0m
#21 95.28 [1m[94m234[0m [1m[94m|[0m [1m[91m|[0m             media_id
#21 95.28 [1m[94m235[0m [1m[94m|[0m [1m[91m|[0m         )
#21 95.28     [1m[94m|[0m [1m[91m|_________^[0m
#21 95.28     [1m[94m|[0m
#21 95.28     [1m[94m= [0m[1mnote[0m: this error originates in the macro `$crate::sqlx_macros::expand_query` which comes from the expansion of the macro `sqlx::query_as` (in Nightly builds, run with -Z macro-backtrace for more info)
#21 95.28 
#21 95.30 [1m[91merror[0m[1m: `SQLX_OFFLINE=true` but there is no cached data for this query, run `cargo sqlx prepare` to update the query cache or unset `SQLX_OFFLINE`[0m
#21 95.30    [1m[94m--> [0msrc/storage/saml.rs:275:19
#21 95.30     [1m[94m|[0m
#21 95.30 [1m[94m275[0m [1m[94m|[0m           let row = sqlx::query_as!(
#21 95.30     [1m[94m|[0m [1m[91m ___________________^[0m
#21 95.30 [1m[94m276[0m [1m[94m|[0m [1m[91m|[0m             SamlSession,
#21 95.30 [1m[94m277[0m [1m[94m|[0m [1m[91m|[0m             r#"
#21 95.30 [1m[94m278[0m [1m[94m|[0m [1m[91m|[0m             INSERT INTO saml_sessions (
#21 95.30 [1m[94m...[0m   [1m[91m|[0m
#21 95.30 [1m[94m298[0m [1m[94m|[0m [1m[91m|[0m             expires_at
#21 95.30 [1m[94m299[0m [1m[94m|[0m [1m[91m|[0m         )
#21 95.30     [1m[94m|[0m [1m[91m|_________^[0m
#21 95.30     [1m[94m|[0m
#21 95.30     [1m[94m= [0m[1mnote[0m: this error originates in the macro `$crate::sqlx_macros::expand_query` which comes from the expansion of the macro `sqlx::query_as` (in Nightly builds, run with -Z macro-backtrace for more info)
#21 95.30 
#21 95.30 [1m[91merror[0m[1m: `SQLX_OFFLINE=true` but there is no cached data for this query, run `cargo sqlx prepare` to update the query cache or unset `SQLX_OFFLINE`[0m
#21 95.30    [1m[94m--> [0msrc/storage/saml.rs:309:19
#21 95.30     [1m[94m|[0m
#21 95.30 [1m[94m309[0m [1m[94m|[0m           let row = sqlx::query_as!(
#21 95.30     [1m[94m|[0m [1m[91m ___________________^[0m
#21 95.30 [1m[94m310[0m [1m[94m|[0m [1m[91m|[0m             SamlSession,
#21 95.30 [1m[94m311[0m [1m[94m|[0m [1m[91m|[0m             r#"SELECT id as "id!", session_id as "session_id!", user_id as "user_id!",
#21 95.30 [1m[94m312[0m [1m[94m|[0m [1m[91m|[0m                 COALESCE(name_id, '') as "name_id!",
#21 95.30 [1m[94m...[0m   [1m[91m|[0m
#21 95.30 [1m[94m319[0m [1m[94m|[0m [1m[91m|[0m             session_id
#21 95.30 [1m[94m320[0m [1m[94m|[0m [1m[91m|[0m         )
#21 95.30     [1m[94m|[0m [1m[91m|_________^[0m
#21 95.30     [1m[94m|[0m
#21 95.30     [1m[94m= [0m[1mnote[0m: this error originates in the macro `$crate::sqlx_macros::expand_query` which comes from the expansion of the macro `sqlx::query_as` (in Nightly builds, run with -Z macro-backtrace for more info)
#21 95.30 
#21 95.30 [1m[91merror[0m[1m: `SQLX_OFFLINE=true` but there is no cached data for this query, run `cargo sqlx prepare` to update the query cache or unset `SQLX_OFFLINE`[0m
#21 95.30    [1m[94m--> [0msrc/storage/saml.rs:330:19
#21 95.30     [1m[94m|[0m
#21 95.30 [1m[94m330[0m [1m[94m|[0m           let row = sqlx::query_as!(
#21 95.30     [1m[94m|[0m [1m[91m ___________________^[0m
#21 95.30 [1m[94m331[0m [1m[94m|[0m [1m[91m|[0m             SamlSession,
#21 95.30 [1m[94m332[0m [1m[94m|[0m [1m[91m|[0m             r#"
#21 95.30 [1m[94m333[0m [1m[94m|[0m [1m[91m|[0m             SELECT id as "id!", session_id as "session_id!", user_id as "user_id!",
#21 95.30 [1m[94m...[0m   [1m[91m|[0m
#21 95.30 [1m[94m346[0m [1m[94m|[0m [1m[91m|[0m             now
#21 95.30 [1m[94m347[0m [1m[94m|[0m [1m[91m|[0m         )
#21 95.30     [1m[94m|[0m [1m[91m|_________^[0m
#21 95.30     [1m[94m|[0m
#21 95.30     [1m[94m= [0m[1mnote[0m: this error originates in the macro `$crate::sqlx_macros::expand_query` which comes from the expansion of the macro `sqlx::query_as` (in Nightly builds, run with -Z macro-backtrace for more info)
#21 95.30 
#21 95.30 [1m[91merror[0m[1m: `SQLX_OFFLINE=true` but there is no cached data for this query, run `cargo sqlx prepare` to update the query cache or unset `SQLX_OFFLINE`[0m
#21 95.30    [1m[94m--> [0msrc/storage/saml.rs:356:9
#21 95.30     [1m[94m|[0m
#21 95.30 [1m[94m356[0m [1m[94m|[0m [1m[91m/[0m         sqlx::query!(
#21 95.30 [1m[94m357[0m [1m[94m|[0m [1m[91m|[0m             "UPDATE saml_sessions SET last_used_ts = (EXTRACT(EPOCH FROM NOW())::BIGINT * 1000) WHERE session_id = $1",
#21 95.30 [1m[94m358[0m [1m[94m|[0m [1m[91m|[0m             session_id
#21 95.30 [1m[94m359[0m [1m[94m|[0m [1m[91m|[0m         )
#21 95.30     [1m[94m|[0m [1m[91m|_________^[0m
#21 95.30     [1m[94m|[0m
#21 95.30     [1m[94m= [0m[1mnote[0m: this error originates in the macro `$crate::sqlx_macros::expand_query` which comes from the expansion of the macro `sqlx::query` (in Nightly builds, run with -Z macro-backtrace for more info)
#21 95.30 
#21 95.30 [1m[91merror[0m[1m: `SQLX_OFFLINE=true` but there is no cached data for this query, run `cargo sqlx prepare` to update the query cache or unset `SQLX_OFFLINE`[0m
#21 95.30    [1m[94m--> [0msrc/storage/saml.rs:368:9
#21 95.30     [1m[94m|[0m
#21 95.30 [1m[94m368[0m [1m[94m|[0m         sqlx::query!("UPDATE saml_sessions SET status = 'invalidated' WHERE session_id = $1", session_id)
#21 95.30     [1m[94m|[0m         [1m[91m^^^^^^^^^^^^^^^^^^^^^^^^^^^^^^^^^^^^^^^^^^^^^^^^^^^^^^^^^^^^^^^^^^^^^^^^^^^^^^^^^^^^^^^^^^^^^^^^^[0m
#21 95.30     [1m[94m|[0m
#21 95.30     [1m[94m= [0m[1mnote[0m: this error originates in the macro `$crate::sqlx_macros::expand_query` which comes from the expansion of the macro `sqlx::query` (in Nightly builds, run with -Z macro-backtrace for more info)
#21 95.30 
#21 95.30 [1m[91merror[0m[1m: `SQLX_OFFLINE=true` but there is no cached data for this query, run `cargo sqlx prepare` to update the query cache or unset `SQLX_OFFLINE`[0m
#21 95.30    [1m[94m--> [0msrc/storage/saml.rs:379:22
#21 95.30     [1m[94m|[0m
#21 95.30 [1m[94m379[0m [1m[94m|[0m         let result = sqlx::query!("DELETE FROM saml_sessions WHERE expires_at < $1 OR status = 'invalidated'", now)
#21 95.30     [1m[94m|[0m                      [1m[91m^^^^^^^^^^^^^^^^^^^^^^^^^^^^^^^^^^^^^^^^^^^^^^^^^^^^^^^^^^^^^^^^^^^^^^^^^^^^^^^^^^^^^^^^^^^^^^[0m
#21 95.30     [1m[94m|[0m
#21 95.30     [1m[94m= [0m[1mnote[0m: this error originates in the macro `$crate::sqlx_macros::expand_query` which comes from the expansion of the macro `sqlx::query` (in Nightly builds, run with -Z macro-backtrace for more info)
#21 95.30 
#21 95.30 [1m[91merror[0m[1m: `SQLX_OFFLINE=true` but there is no cached data for this query, run `cargo sqlx prepare` to update the query cache or unset `SQLX_OFFLINE`[0m
#21 95.30    [1m[94m--> [0msrc/storage/saml.rs:398:19
#21 95.30     [1m[94m|[0m
#21 95.30 [1m[94m398[0m [1m[94m|[0m           let row = sqlx::query_as!(
#21 95.30     [1m[94m|[0m [1m[91m ___________________^[0m
#21 95.30 [1m[94m399[0m [1m[94m|[0m [1m[91m|[0m             SamlUserMapping,
#21 95.30 [1m[94m400[0m [1m[94m|[0m [1m[91m|[0m             r#"
#21 95.30 [1m[94m401[0m [1m[94m|[0m [1m[91m|[0m             INSERT INTO saml_user_mapping (
#21 95.30 [1m[94m...[0m   [1m[91m|[0m
#21 95.30 [1m[94m418[0m [1m[94m|[0m [1m[91m|[0m             &attributes_json
#21 95.30 [1m[94m419[0m [1m[94m|[0m [1m[91m|[0m         )
#21 95.30     [1m[94m|[0m [1m[91m|_________^[0m
#21 95.30     [1m[94m|[0m
#21 95.30     [1m[94m= [0m[1mnote[0m: this error originates in the macro `$crate::sqlx_macros::expand_query` which comes from the expansion of the macro `sqlx::query_as` (in Nightly builds, run with -Z macro-backtrace for more info)
#21 95.30 
#21 95.30 [1m[91merror[0m[1m: `SQLX_OFFLINE=true` but there is no cached data for this query, run `cargo sqlx prepare` to update the query cache or unset `SQLX_OFFLINE`[0m
#21 95.30    [1m[94m--> [0msrc/storage/saml.rs:433:19
#21 95.30     [1m[94m|[0m
#21 95.30 [1m[94m433[0m [1m[94m|[0m   [1m[94m...[0m   let row = sqlx::query_as!(
#21 95.30     [1m[94m|[0m [1m[91m _________________^[0m
#21 95.30 [1m[94m434[0m [1m[94m|[0m [1m[91m|[0m [1m[94m...[0m       SamlUserMapping,
#21 95.30 [1m[94m435[0m [1m[94m|[0m [1m[91m|[0m [1m[94m...[0m       r#"SELECT id as "id!", name_id as "name_id!", user_id as "user_id!", issuer as "issuer!", first_seen_ts as "first_seen_ts!", la[1m[94m...[0m
#21 95.30 [1m[94m436[0m [1m[94m|[0m [1m[91m|[0m [1m[94m...[0m           COALESCE(authentication_count, 1) as "authentication_count!",
#21 95.30 [1m[94m...[0m   [1m[91m|[0m
#21 95.30 [1m[94m440[0m [1m[94m|[0m [1m[91m|[0m [1m[94m...[0m       issuer
#21 95.30 [1m[94m441[0m [1m[94m|[0m [1m[91m|[0m [1m[94m...[0m   )
#21 95.30     [1m[94m|[0m [1m[91m|_______^[0m
#21 95.30     [1m[94m|[0m
#21 95.30     [1m[94m= [0m[1mnote[0m: this error originates in the macro `$crate::sqlx_macros::expand_query` which comes from the expansion of the macro `sqlx::query_as` (in Nightly builds, run with -Z macro-backtrace for more info)
#21 95.30 
#21 95.30 [1m[91merror[0m[1m: `SQLX_OFFLINE=true` but there is no cached data for this query, run `cargo sqlx prepare` to update the query cache or unset `SQLX_OFFLINE`[0m
#21 95.30    [1m[94m--> [0msrc/storage/saml.rs:450:19
#21 95.30     [1m[94m|[0m
#21 95.30 [1m[94m450[0m [1m[94m|[0m   [1m[94m...[0m   let row = sqlx::query_as!(
#21 95.30     [1m[94m|[0m [1m[91m _________________^[0m
#21 95.30 [1m[94m451[0m [1m[94m|[0m [1m[91m|[0m [1m[94m...[0m       SamlUserMapping,
#21 95.30 [1m[94m452[0m [1m[94m|[0m [1m[91m|[0m [1m[94m...[0m       r#"SELECT id as "id!", name_id as "name_id!", user_id as "user_id!", issuer as "issuer!", first_seen_ts as "first_seen_ts!", la[1m[94m...[0m
#21 95.30 [1m[94m453[0m [1m[94m|[0m [1m[91m|[0m [1m[94m...[0m           COALESCE(authentication_count, 1) as "authentication_count!",
#21 95.30 [1m[94m...[0m   [1m[91m|[0m
#21 95.30 [1m[94m456[0m [1m[94m|[0m [1m[91m|[0m [1m[94m...[0m       user_id
#21 95.30 [1m[94m457[0m [1m[94m|[0m [1m[91m|[0m [1m[94m...[0m   )
#21 95.30     [1m[94m|[0m [1m[91m|_______^[0m
#21 95.30     [1m[94m|[0m
#21 95.30     [1m[94m= [0m[1mnote[0m: this error originates in the macro `$crate::sqlx_macros::expand_query` which comes from the expansion of the macro `sqlx::query_as` (in Nightly builds, run with -Z macro-backtrace for more info)
#21 95.30 
#21 95.30 [1m[91merror[0m[1m: `SQLX_OFFLINE=true` but there is no cached data for this query, run `cargo sqlx prepare` to update the query cache or unset `SQLX_OFFLINE`[0m
#21 95.30    [1m[94m--> [0msrc/storage/saml.rs:466:9
#21 95.30     [1m[94m|[0m
#21 95.30 [1m[94m466[0m [1m[94m|[0m         sqlx::query!("DELETE FROM saml_user_mapping WHERE name_id = $1 AND issuer = $2", name_id, issuer)
#21 95.30     [1m[94m|[0m         [1m[91m^^^^^^^^^^^^^^^^^^^^^^^^^^^^^^^^^^^^^^^^^^^^^^^^^^^^^^^^^^^^^^^^^^^^^^^^^^^^^^^^^^^^^^^^^^^^^^^^^[0m
#21 95.30     [1m[94m|[0m
#21 95.30     [1m[94m= [0m[1mnote[0m: this error originates in the macro `$crate::sqlx_macros::expand_query` which comes from the expansion of the macro `sqlx::query` (in Nightly builds, run with -Z macro-backtrace for more info)
#21 95.30 
#21 95.31 [1m[91merror[0m[1m: `SQLX_OFFLINE=true` but there is no cached data for this query, run `cargo sqlx prepare` to update the query cache or unset `SQLX_OFFLINE`[0m
#21 95.31    [1m[94m--> [0msrc/storage/saml.rs:483:13
#21 95.31     [1m[94m|[0m
#21 95.31 [1m[94m483[0m [1m[94m|[0m [1m[91m/[0m [1m[94m...[0m   sqlx::query_as!(
#21 95.31 [1m[94m484[0m [1m[94m|[0m [1m[91m|[0m [1m[94m...[0m       SamlUserMapping,
#21 95.31 [1m[94m485[0m [1m[94m|[0m [1m[91m|[0m [1m[94m...[0m       r#"
#21 95.31 [1m[94m486[0m [1m[94m|[0m [1m[91m|[0m [1m[94m...[0m       SELECT id as "id!", name_id as "name_id!", user_id as "user_id!", issuer as "issuer!", first_seen_ts as "first_seen_ts!", last_[1m[94m...[0m
#21 95.31 [1m[94m...[0m   [1m[91m|[0m
#21 95.31 [1m[94m495[0m [1m[94m|[0m [1m[91m|[0m [1m[94m...[0m       limit
#21 95.31 [1m[94m496[0m [1m[94m|[0m [1m[91m|[0m [1m[94m...[0m   )
#21 95.31     [1m[94m|[0m [1m[91m|_______^[0m
#21 95.31     [1m[94m|[0m
#21 95.31     [1m[94m= [0m[1mnote[0m: this error originates in the macro `$crate::sqlx_macros::expand_query` which comes from the expansion of the macro `sqlx::query_as` (in Nightly builds, run with -Z macro-backtrace for more info)
#21 95.31 
#21 95.31 [1m[91merror[0m[1m: `SQLX_OFFLINE=true` but there is no cached data for this query, run `cargo sqlx prepare` to update the query cache or unset `SQLX_OFFLINE`[0m
#21 95.31    [1m[94m--> [0msrc/storage/saml.rs:500:13
#21 95.31     [1m[94m|[0m
#21 95.31 [1m[94m500[0m [1m[94m|[0m [1m[91m/[0m [1m[94m...[0m   sqlx::query_as!(
#21 95.31 [1m[94m501[0m [1m[94m|[0m [1m[91m|[0m [1m[94m...[0m       SamlUserMapping,
#21 95.31 [1m[94m502[0m [1m[94m|[0m [1m[91m|[0m [1m[94m...[0m       r#"
#21 95.31 [1m[94m503[0m [1m[94m|[0m [1m[91m|[0m [1m[94m...[0m       SELECT id as "id!", name_id as "name_id!", user_id as "user_id!", issuer as "issuer!", first_seen_ts as "first_seen_ts!", last_[1m[94m...[0m
#21 95.31 [1m[94m...[0m   [1m[91m|[0m
#21 95.31 [1m[94m510[0m [1m[94m|[0m [1m[91m|[0m [1m[94m...[0m       limit
#21 95.31 [1m[94m511[0m [1m[94m|[0m [1m[91m|[0m [1m[94m...[0m   )
#21 95.31     [1m[94m|[0m [1m[91m|_______^[0m
#21 95.31     [1m[94m|[0m
#21 95.31     [1m[94m= [0m[1mnote[0m: this error originates in the macro `$crate::sqlx_macros::expand_query` which comes from the expansion of the macro `sqlx::query_as` (in Nightly builds, run with -Z macro-backtrace for more info)
#21 95.31 
#21 95.31 [1m[91merror[0m[1m: `SQLX_OFFLINE=true` but there is no cached data for this query, run `cargo sqlx prepare` to update the query cache or unset `SQLX_OFFLINE`[0m
#21 95.31    [1m[94m--> [0msrc/storage/saml.rs:528:19
#21 95.31     [1m[94m|[0m
#21 95.31 [1m[94m528[0m [1m[94m|[0m   [1m[94m...[0m   let row = sqlx::query_as!(
#21 95.31     [1m[94m|[0m [1m[91m _________________^[0m
#21 95.31 [1m[94m529[0m [1m[94m|[0m [1m[91m|[0m [1m[94m...[0m       SamlUserMapping,
#21 95.31 [1m[94m530[0m [1m[94m|[0m [1m[91m|[0m [1m[94m...[0m       r#"
#21 95.31 [1m[94m531[0m [1m[94m|[0m [1m[91m|[0m [1m[94m...[0m       SELECT id as "id!", name_id as "name_id!", user_id as "user_id!", issuer as "issuer!", first_seen_ts as "first_seen_ts!", last_[1m[94m...[0m
#21 95.31 [1m[94m...[0m   [1m[91m|[0m
#21 95.31 [1m[94m539[0m [1m[94m|[0m [1m[91m|[0m [1m[94m...[0m       name_id
#21 95.31 [1m[94m540[0m [1m[94m|[0m [1m[91m|[0m [1m[94m...[0m   )
#21 95.31     [1m[94m|[0m [1m[91m|_______^[0m
#21 95.31     [1m[94m|[0m
#21 95.31     [1m[94m= [0m[1mnote[0m: this error originates in the macro `$crate::sqlx_macros::expand_query` which comes from the expansion of the macro `sqlx::query_as` (in Nightly builds, run with -Z macro-backtrace for more info)
#21 95.31 
#21 95.31 [1m[91merror[0m[1m: `SQLX_OFFLINE=true` but there is no cached data for this query, run `cargo sqlx prepare` to update the query cache or unset `SQLX_OFFLINE`[0m
#21 95.31    [1m[94m--> [0msrc/storage/saml.rs:567:19
#21 95.31     [1m[94m|[0m
#21 95.31 [1m[94m567[0m [1m[94m|[0m           let row = sqlx::query_as!(
#21 95.31     [1m[94m|[0m [1m[91m ___________________^[0m
#21 95.31 [1m[94m568[0m [1m[94m|[0m [1m[91m|[0m             SamlUserMapping,
#21 95.31 [1m[94m569[0m [1m[94m|[0m [1m[91m|[0m             r#"
#21 95.31 [1m[94m570[0m [1m[94m|[0m [1m[91m|[0m             UPDATE saml_user_mapping
#21 95.31 [1m[94m...[0m   [1m[91m|[0m
#21 95.31 [1m[94m580[0m [1m[94m|[0m [1m[91m|[0m             &existing.issuer
#21 95.31 [1m[94m581[0m [1m[94m|[0m [1m[91m|[0m         )
#21 95.31     [1m[94m|[0m [1m[91m|_________^[0m
#21 95.31     [1m[94m|[0m
#21 95.31     [1m[94m= [0m[1mnote[0m: this error originates in the macro `$crate::sqlx_macros::expand_query` which comes from the expansion of the macro `sqlx::query_as` (in Nightly builds, run with -Z macro-backtrace for more info)
#21 95.31 
#21 95.31 [1m[91merror[0m[1m: `SQLX_OFFLINE=true` but there is no cached data for this query, run `cargo sqlx prepare` to update the query cache or unset `SQLX_OFFLINE`[0m
#21 95.31    [1m[94m--> [0msrc/storage/saml.rs:596:22
#21 95.31     [1m[94m|[0m
#21 95.31 [1m[94m596[0m [1m[94m|[0m         let result = sqlx::query!("DELETE FROM saml_user_mapping WHERE name_id = $1", name_id)
#21 95.31     [1m[94m|[0m                      [1m[91m^^^^^^^^^^^^^^^^^^^^^^^^^^^^^^^^^^^^^^^^^^^^^^^^^^^^^^^^^^^^^^^^^^^^^^^^^[0m
#21 95.31     [1m[94m|[0m
#21 95.31     [1m[94m= [0m[1mnote[0m: this error originates in the macro `$crate::sqlx_macros::expand_query` which comes from the expansion of the macro `sqlx::query` (in Nightly builds, run with -Z macro-backtrace for more info)
#21 95.31 
#21 95.31 [1m[91merror[0m[1m: `SQLX_OFFLINE=true` but there is no cached data for this query, run `cargo sqlx prepare` to update the query cache or unset `SQLX_OFFLINE`[0m
#21 95.31    [1m[94m--> [0msrc/storage/saml.rs:615:19
#21 95.31     [1m[94m|[0m
#21 95.31 [1m[94m615[0m [1m[94m|[0m           let row = sqlx::query_as!(
#21 95.31     [1m[94m|[0m [1m[91m ___________________^[0m
#21 95.31 [1m[94m616[0m [1m[94m|[0m [1m[91m|[0m             SamlIdentityProvider,
#21 95.31 [1m[94m617[0m [1m[94m|[0m [1m[91m|[0m             r#"
#21 95.31 [1m[94m618[0m [1m[94m|[0m [1m[91m|[0m             INSERT INTO saml_identity_providers (
#21 95.31 [1m[94m...[0m   [1m[91m|[0m
#21 95.31 [1m[94m646[0m [1m[94m|[0m [1m[91m|[0m             now
#21 95.31 [1m[94m647[0m [1m[94m|[0m [1m[91m|[0m         )
#21 95.31     [1m[94m|[0m [1m[91m|_________^[0m
#21 95.31     [1m[94m|[0m
#21 95.31     [1m[94m= [0m[1mnote[0m: this error originates in the macro `$crate::sqlx_macros::expand_query` which comes from the expansion of the macro `sqlx::query_as` (in Nightly builds, run with -Z macro-backtrace for more info)
#21 95.31 
#21 95.31 [1m[91merror[0m[1m: `SQLX_OFFLINE=true` but there is no cached data for this query, run `cargo sqlx prepare` to update the query cache or unset `SQLX_OFFLINE`[0m
#21 95.31    [1m[94m--> [0msrc/storage/saml.rs:657:19
#21 95.31     [1m[94m|[0m
#21 95.31 [1m[94m657[0m [1m[94m|[0m           let row = sqlx::query_as!(
#21 95.31     [1m[94m|[0m [1m[91m ___________________^[0m
#21 95.31 [1m[94m658[0m [1m[94m|[0m [1m[91m|[0m             SamlIdentityProvider,
#21 95.31 [1m[94m659[0m [1m[94m|[0m [1m[91m|[0m             r#"SELECT id as "id!", entity_id as "entity_id!", display_name, description, metadata_url, metadata_xml,
#21 95.31 [1m[94m660[0m [1m[94m|[0m [1m[91m|[0m                     is_enabled as "is_enabled!", priority as "priority!", attribute_mapping as "attribute_mapping!",
#21 95.31 [1m[94m...[0m   [1m[91m|[0m
#21 95.31 [1m[94m665[0m [1m[94m|[0m [1m[91m|[0m             entity_id
#21 95.31 [1m[94m666[0m [1m[94m|[0m [1m[91m|[0m         )
#21 95.31     [1m[94m|[0m [1m[91m|_________^[0m
#21 95.31     [1m[94m|[0m
#21 95.31     [1m[94m= [0m[1mnote[0m: this error originates in the macro `$crate::sqlx_macros::expand_query` which comes from the expansion of the macro `sqlx::query_as` (in Nightly builds, run with -Z macro-backtrace for more info)
#21 95.31 
#21 95.31 [1m[91merror[0m[1m: `SQLX_OFFLINE=true` but there is no cached data for this query, run `cargo sqlx prepare` to update the query cache or unset `SQLX_OFFLINE`[0m
#21 95.31    [1m[94m--> [0msrc/storage/saml.rs:675:20
#21 95.31     [1m[94m|[0m
#21 95.31 [1m[94m675[0m [1m[94m|[0m           let rows = sqlx::query_as!(
#21 95.31     [1m[94m|[0m [1m[91m ____________________^[0m
#21 95.31 [1m[94m676[0m [1m[94m|[0m [1m[91m|[0m             SamlIdentityProvider,
#21 95.31 [1m[94m677[0m [1m[94m|[0m [1m[91m|[0m             r#"SELECT id as "id!", entity_id as "entity_id!", display_name, description, metadata_url, metadata_xml,
#21 95.31 [1m[94m678[0m [1m[94m|[0m [1m[91m|[0m                     is_enabled as "is_enabled!", priority as "priority!", attribute_mapping as "attribute_mapping!",
#21 95.31 [1m[94m...[0m   [1m[91m|[0m
#21 95.31 [1m[94m682[0m [1m[94m|[0m [1m[91m|[0m                     FROM saml_identity_providers ORDER BY priority ASC"#
#21 95.31 [1m[94m683[0m [1m[94m|[0m [1m[91m|[0m         )
#21 95.31     [1m[94m|[0m [1m[91m|_________^[0m
#21 95.31     [1m[94m|[0m
#21 95.31     [1m[94m= [0m[1mnote[0m: this error originates in the macro `$crate::sqlx_macros::expand_query` which comes from the expansion of the macro `sqlx::query_as` (in Nightly builds, run with -Z macro-backtrace for more info)
#21 95.31 
#21 95.31 [1m[91merror[0m[1m: `SQLX_OFFLINE=true` but there is no cached data for this query, run `cargo sqlx prepare` to update the query cache or unset `SQLX_OFFLINE`[0m
#21 95.31    [1m[94m--> [0msrc/storage/saml.rs:692:20
#21 95.31     [1m[94m|[0m
#21 95.31 [1m[94m692[0m [1m[94m|[0m           let rows = sqlx::query_as!(
#21 95.31     [1m[94m|[0m [1m[91m ____________________^[0m
#21 95.31 [1m[94m693[0m [1m[94m|[0m [1m[91m|[0m             SamlIdentityProvider,
#21 95.31 [1m[94m694[0m [1m[94m|[0m [1m[91m|[0m             r#"SELECT id as "id!", entity_id as "entity_id!", display_name, description, metadata_url, metadata_xml,
#21 95.31 [1m[94m695[0m [1m[94m|[0m [1m[91m|[0m                 is_enabled as "is_enabled!", priority as "priority!", attribute_mapping as "attribute_mapping!",
#21 95.31 [1m[94m...[0m   [1m[91m|[0m
#21 95.31 [1m[94m699[0m [1m[94m|[0m [1m[91m|[0m                 FROM saml_identity_providers WHERE is_enabled = true ORDER BY priority ASC"#
#21 95.31 [1m[94m700[0m [1m[94m|[0m [1m[91m|[0m         )
#21 95.31     [1m[94m|[0m [1m[91m|_________^[0m
#21 95.31     [1m[94m|[0m
#21 95.31     [1m[94m= [0m[1mnote[0m: this error originates in the macro `$crate::sqlx_macros::expand_query` which comes from the expansion of the macro `sqlx::query_as` (in Nightly builds, run with -Z macro-backtrace for more info)
#21 95.31 
#21 95.31 [1m[91merror[0m[1m: `SQLX_OFFLINE=true` but there is no cached data for this query, run `cargo sqlx prepare` to update the query cache or unset `SQLX_OFFLINE`[0m
#21 95.31    [1m[94m--> [0msrc/storage/saml.rs:715:9
#21 95.31     [1m[94m|[0m
#21 95.31 [1m[94m715[0m [1m[94m|[0m [1m[91m/[0m         sqlx::query!(
#21 95.31 [1m[94m716[0m [1m[94m|[0m [1m[91m|[0m             r#"
#21 95.31 [1m[94m717[0m [1m[94m|[0m [1m[91m|[0m             UPDATE saml_identity_providers
#21 95.31 [1m[94m718[0m [1m[94m|[0m [1m[91m|[0m             SET metadata_xml = $1,
#21 95.31 [1m[94m...[0m   [1m[91m|[0m
#21 95.31 [1m[94m727[0m [1m[94m|[0m [1m[91m|[0m             now
#21 95.31 [1m[94m728[0m [1m[94m|[0m [1m[91m|[0m         )
#21 95.31     [1m[94m|[0m [1m[91m|_________^[0m
#21 95.31     [1m[94m|[0m
#21 95.31     [1m[94m= [0m[1mnote[0m: this error originates in the macro `$crate::sqlx_macros::expand_query` which comes from the expansion of the macro `sqlx::query` (in Nightly builds, run with -Z macro-backtrace for more info)
#21 95.31 
#21 95.31 [1m[91merror[0m[1m: `SQLX_OFFLINE=true` but there is no cached data for this query, run `cargo sqlx prepare` to update the query cache or unset `SQLX_OFFLINE`[0m
#21 95.31    [1m[94m--> [0msrc/storage/saml.rs:738:9
#21 95.31     [1m[94m|[0m
#21 95.31 [1m[94m738[0m [1m[94m|[0m         sqlx::query!("DELETE FROM saml_identity_providers WHERE entity_id = $1", entity_id)
#21 95.31     [1m[94m|[0m         [1m[91m^^^^^^^^^^^^^^^^^^^^^^^^^^^^^^^^^^^^^^^^^^^^^^^^^^^^^^^^^^^^^^^^^^^^^^^^^^^^^^^^^^^[0m
#21 95.31     [1m[94m|[0m
#21 95.31     [1m[94m= [0m[1mnote[0m: this error originates in the macro `$crate::sqlx_macros::expand_query` which comes from the expansion of the macro `sqlx::query` (in Nightly builds, run with -Z macro-backtrace for more info)
#21 95.31 
#21 95.31 [1m[91merror[0m[1m: `SQLX_OFFLINE=true` but there is no cached data for this query, run `cargo sqlx prepare` to update the query cache or unset `SQLX_OFFLINE`[0m
#21 95.31    [1m[94m--> [0msrc/storage/saml.rs:751:19
#21 95.31     [1m[94m|[0m
#21 95.31 [1m[94m751[0m [1m[94m|[0m           let row = sqlx::query_as!(
#21 95.31     [1m[94m|[0m [1m[91m ___________________^[0m
#21 95.31 [1m[94m752[0m [1m[94m|[0m [1m[91m|[0m             SamlAuthEvent,
#21 95.31 [1m[94m753[0m [1m[94m|[0m [1m[91m|[0m             r#"
#21 95.31 [1m[94m754[0m [1m[94m|[0m [1m[91m|[0m             INSERT INTO saml_auth_events (
#21 95.31 [1m[94m...[0m   [1m[91m|[0m
#21 95.31 [1m[94m776[0m [1m[94m|[0m [1m[91m|[0m             now
#21 95.31 [1m[94m777[0m [1m[94m|[0m [1m[91m|[0m         )
#21 95.31     [1m[94m|[0m [1m[91m|_________^[0m
#21 95.31     [1m[94m|[0m
#21 95.31     [1m[94m= [0m[1mnote[0m: this error originates in the macro `$crate::sqlx_macros::expand_query` which comes from the expansion of the macro `sqlx::query_as` (in Nightly builds, run with -Z macro-backtrace for more info)
#21 95.31 
#21 95.31 [1m[91merror[0m[1m: `SQLX_OFFLINE=true` but there is no cached data for this query, run `cargo sqlx prepare` to update the query cache or unset `SQLX_OFFLINE`[0m
#21 95.31    [1m[94m--> [0msrc/storage/saml.rs:787:20
#21 95.31     [1m[94m|[0m
#21 95.31 [1m[94m787[0m [1m[94m|[0m           let rows = sqlx::query_as!(
#21 95.31     [1m[94m|[0m [1m[91m ____________________^[0m
#21 95.31 [1m[94m788[0m [1m[94m|[0m [1m[91m|[0m             SamlAuthEvent,
#21 95.31 [1m[94m789[0m [1m[94m|[0m [1m[91m|[0m             r#"
#21 95.31 [1m[94m790[0m [1m[94m|[0m [1m[91m|[0m             SELECT id as "id!", session_id, user_id, name_id, issuer,
#21 95.31 [1m[94m...[0m   [1m[91m|[0m
#21 95.31 [1m[94m801[0m [1m[94m|[0m [1m[91m|[0m             limit
#21 95.31 [1m[94m802[0m [1m[94m|[0m [1m[91m|[0m         )
#21 95.31     [1m[94m|[0m [1m[91m|_________^[0m
#21 95.31     [1m[94m|[0m
#21 95.31     [1m[94m= [0m[1mnote[0m: this error originates in the macro `$crate::sqlx_macros::expand_query` which comes from the expansion of the macro `sqlx::query_as` (in Nightly builds, run with -Z macro-backtrace for more info)
#21 95.31 
#21 95.31 [1m[91merror[0m[1m: `SQLX_OFFLINE=true` but there is no cached data for this query, run `cargo sqlx prepare` to update the query cache or unset `SQLX_OFFLINE`[0m
#21 95.31    [1m[94m--> [0msrc/storage/saml.rs:815:19
#21 95.31     [1m[94m|[0m
#21 95.31 [1m[94m815[0m [1m[94m|[0m           let row = sqlx::query_as!(
#21 95.31     [1m[94m|[0m [1m[91m ___________________^[0m
#21 95.31 [1m[94m816[0m [1m[94m|[0m [1m[91m|[0m             SamlLogoutRequest,
#21 95.31 [1m[94m817[0m [1m[94m|[0m [1m[91m|[0m             r#"
#21 95.31 [1m[94m818[0m [1m[94m|[0m [1m[91m|[0m             INSERT INTO saml_logout_requests (
#21 95.31 [1m[94m...[0m   [1m[91m|[0m
#21 95.31 [1m[94m832[0m [1m[94m|[0m [1m[91m|[0m             now
#21 95.31 [1m[94m833[0m [1m[94m|[0m [1m[91m|[0m         )
#21 95.31     [1m[94m|[0m [1m[91m|_________^[0m
#21 95.31     [1m[94m|[0m
#21 95.31     [1m[94m= [0m[1mnote[0m: this error originates in the macro `$crate::sqlx_macros::expand_query` which comes from the expansion of the macro `sqlx::query_as` (in Nightly builds, run with -Z macro-backtrace for more info)
#21 95.31 
#21 95.31 [1m[91merror[0m[1m: `SQLX_OFFLINE=true` but there is no cached data for this query, run `cargo sqlx prepare` to update the query cache or unset `SQLX_OFFLINE`[0m
#21 95.31    [1m[94m--> [0msrc/storage/saml.rs:843:19
#21 95.31     [1m[94m|[0m
#21 95.31 [1m[94m843[0m [1m[94m|[0m           let row = sqlx::query_as!(
#21 95.31     [1m[94m|[0m [1m[91m ___________________^[0m
#21 95.31 [1m[94m844[0m [1m[94m|[0m [1m[91m|[0m             SamlLogoutRequest,
#21 95.31 [1m[94m845[0m [1m[94m|[0m [1m[91m|[0m             r#"SELECT id as "id!", request_id as "request_id!", session_id, user_id, name_id, issuer,
#21 95.31 [1m[94m846[0m [1m[94m|[0m [1m[91m|[0m                 reason, status as "status!", created_ts as "created_ts!",
#21 95.31 [1m[94m...[0m   [1m[91m|[0m
#21 95.31 [1m[94m849[0m [1m[94m|[0m [1m[91m|[0m             request_id
#21 95.31 [1m[94m850[0m [1m[94m|[0m [1m[91m|[0m         )
#21 95.31     [1m[94m|[0m [1m[91m|_________^[0m
#21 95.31     [1m[94m|[0m
#21 95.31     [1m[94m= [0m[1mnote[0m: this error originates in the macro `$crate::sqlx_macros::expand_query` which comes from the expansion of the macro `sqlx::query_as` (in Nightly builds, run with -Z macro-backtrace for more info)
#21 95.31 
#21 95.31 [1m[91merror[0m[1m: `SQLX_OFFLINE=true` but there is no cached data for this query, run `cargo sqlx prepare` to update the query cache or unset `SQLX_OFFLINE`[0m
#21 95.31    [1m[94m--> [0msrc/storage/saml.rs:860:9
#21 95.31     [1m[94m|[0m
#21 95.31 [1m[94m860[0m [1m[94m|[0m [1m[91m/[0m         sqlx::query!(
#21 95.31 [1m[94m861[0m [1m[94m|[0m [1m[91m|[0m             "UPDATE saml_logout_requests SET status = 'processed', processed_at = $2 WHERE request_id = $1",
#21 95.31 [1m[94m862[0m [1m[94m|[0m [1m[91m|[0m             request_id,
#21 95.31 [1m[94m863[0m [1m[94m|[0m [1m[91m|[0m             now_ts
#21 95.31 [1m[94m864[0m [1m[94m|[0m [1m[91m|[0m         )
#21 95.31     [1m[94m|[0m [1m[91m|_________^[0m
#21 95.31     [1m[94m|[0m
#21 95.31     [1m[94m= [0m[1mnote[0m: this error originates in the macro `$crate::sqlx_macros::expand_query` which comes from the expansion of the macro `sqlx::query` (in Nightly builds, run with -Z macro-backtrace for more info)
#21 95.31 
#21 95.31 [1m[91merror[0m[1m: `SQLX_OFFLINE=true` but there is no cached data for this query, run `cargo sqlx prepare` to update the query cache or unset `SQLX_OFFLINE`[0m
#21 95.31    [1m[94m--> [0msrc/storage/saml.rs:874:22
#21 95.31     [1m[94m|[0m
#21 95.31 [1m[94m874[0m [1m[94m|[0m           let result = sqlx::query!(
#21 95.31     [1m[94m|[0m [1m[91m ______________________^[0m
#21 95.31 [1m[94m875[0m [1m[94m|[0m [1m[91m|[0m             "DELETE FROM saml_auth_events WHERE created_ts < (EXTRACT(EPOCH FROM NOW())::BIGINT * 1000) - $1::bigint * 86400000",
#21 95.31 [1m[94m876[0m [1m[94m|[0m [1m[91m|[0m             days
#21 95.31 [1m[94m877[0m [1m[94m|[0m [1m[91m|[0m         )
#21 95.31     [1m[94m|[0m [1m[91m|_________^[0m
#21 95.31     [1m[94m|[0m
#21 95.31     [1m[94m= [0m[1mnote[0m: this error originates in the macro `$crate::sqlx_macros::expand_query` which comes from the expansion of the macro `sqlx::query` (in Nightly builds, run with -Z macro-backtrace for more info)
#21 95.31 
#21 95.31 [1m[91merror[0m[1m: `SQLX_OFFLINE=true` but there is no cached data for this query, run `cargo sqlx prepare` to update the query cache or unset `SQLX_OFFLINE`[0m
#21 95.31    [1m[94m--> [0msrc/storage/saml.rs:894:20
#21 95.31     [1m[94m|[0m
#21 95.31 [1m[94m894[0m [1m[94m|[0m           let rows = sqlx::query!(
#21 95.31     [1m[94m|[0m [1m[91m ____________________^[0m
#21 95.31 [1m[94m895[0m [1m[94m|[0m [1m[91m|[0m             r#"SELECT config_key as "config_key!", config_value as "config_value!" FROM saml_config_overrides"#
#21 95.31 [1m[94m896[0m [1m[94m|[0m [1m[91m|[0m         )
#21 95.31     [1m[94m|[0m [1m[91m|_________^[0m
#21 95.31     [1m[94m|[0m
#21 95.31     [1m[94m= [0m[1mnote[0m: this error originates in the macro `$crate::sqlx_macros::expand_query` which comes from the expansion of the macro `sqlx::query` (in Nightly builds, run with -Z macro-backtrace for more info)
#21 95.31 
#21 95.31 [1m[91merror[0m[1m: `SQLX_OFFLINE=true` but there is no cached data for this query, run `cargo sqlx prepare` to update the query cache or unset `SQLX_OFFLINE`[0m
#21 95.31    [1m[94m--> [0msrc/storage/saml.rs:914:9
#21 95.31     [1m[94m|[0m
#21 95.31 [1m[94m914[0m [1m[94m|[0m [1m[91m/[0m         sqlx::query!(
#21 95.31 [1m[94m915[0m [1m[94m|[0m [1m[91m|[0m             r#"
#21 95.31 [1m[94m916[0m [1m[94m|[0m [1m[91m|[0m             INSERT INTO saml_config_overrides (config_key, config_value, updated_ts)
#21 95.31 [1m[94m917[0m [1m[94m|[0m [1m[91m|[0m             VALUES ($1, $2, $3)
#21 95.31 [1m[94m...[0m   [1m[91m|[0m
#21 95.31 [1m[94m924[0m [1m[94m|[0m [1m[91m|[0m             now
#21 95.31 [1m[94m925[0m [1m[94m|[0m [1m[91m|[0m         )
#21 95.31     [1m[94m|[0m [1m[91m|_________^[0m
#21 95.31     [1m[94m|[0m
#21 95.31     [1m[94m= [0m[1mnote[0m: this error originates in the macro `$crate::sqlx_macros::expand_query` which comes from the expansion of the macro `sqlx::query` (in Nightly builds, run with -Z macro-backtrace for more info)
#21 95.31 
#21 95.31 [1m[91merror[0m[1m: `SQLX_OFFLINE=true` but there is no cached data for this query, run `cargo sqlx prepare` to update the query cache or unset `SQLX_OFFLINE`[0m
#21 95.31    [1m[94m--> [0msrc/storage/saml.rs:937:9
#21 95.31     [1m[94m|[0m
#21 95.31 [1m[94m937[0m [1m[94m|[0m         sqlx::query!("DELETE FROM saml_config_overrides WHERE config_key = $1", key)
#21 95.31     [1m[94m|[0m         [1m[91m^^^^^^^^^^^^^^^^^^^^^^^^^^^^^^^^^^^^^^^^^^^^^^^^^^^^^^^^^^^^^^^^^^^^^^^^^^^^[0m
#21 95.31     [1m[94m|[0m
#21 95.31     [1m[94m= [0m[1mnote[0m: this error originates in the macro `$crate::sqlx_macros::expand_query` which comes from the expansion of the macro `sqlx::query` (in Nightly builds, run with -Z macro-backtrace for more info)
#21 95.31 
#21 95.34 [1m[91merror[0m[1m: `SQLX_OFFLINE=true` but there is no cached data for this query, run `cargo sqlx prepare` to update the query cache or unset `SQLX_OFFLINE`[0m
#21 95.34    [1m[94m--> [0msrc/storage/cas.rs:288:22
#21 95.34     [1m[94m|[0m
#21 95.34 [1m[94m288[0m [1m[94m|[0m           let ticket = sqlx::query_as!(
#21 95.34     [1m[94m|[0m [1m[91m ______________________^[0m
#21 95.34 [1m[94m289[0m [1m[94m|[0m [1m[91m|[0m             CasTicketRow,
#21 95.34 [1m[94m290[0m [1m[94m|[0m [1m[91m|[0m             r#"
#21 95.34 [1m[94m291[0m [1m[94m|[0m [1m[91m|[0m             INSERT INTO cas_tickets (ticket_id, user_id, service_url, created_ts, expires_at)
#21 95.34 [1m[94m...[0m   [1m[91m|[0m
#21 95.34 [1m[94m308[0m [1m[94m|[0m [1m[91m|[0m             expires_at,
#21 95.34 [1m[94m309[0m [1m[94m|[0m [1m[91m|[0m         )
#21 95.34     [1m[94m|[0m [1m[91m|_________^[0m
#21 95.34     [1m[94m|[0m
#21 95.34     [1m[94m= [0m[1mnote[0m: this error originates in the macro `$crate::sqlx_macros::expand_query` which comes from the expansion of the macro `sqlx::query_as` (in Nightly builds, run with -Z macro-backtrace for more info)
#21 95.34 
#21 95.34 [1m[91merror[0m[1m: `SQLX_OFFLINE=true` but there is no cached data for this query, run `cargo sqlx prepare` to update the query cache or unset `SQLX_OFFLINE`[0m
#21 95.34    [1m[94m--> [0msrc/storage/cas.rs:320:22
#21 95.34     [1m[94m|[0m
#21 95.34 [1m[94m320[0m [1m[94m|[0m           let ticket = sqlx::query_as!(
#21 95.34     [1m[94m|[0m [1m[91m ______________________^[0m
#21 95.34 [1m[94m321[0m [1m[94m|[0m [1m[91m|[0m             CasTicketRow,
#21 95.34 [1m[94m322[0m [1m[94m|[0m [1m[91m|[0m             r#"
#21 95.34 [1m[94m323[0m [1m[94m|[0m [1m[91m|[0m             UPDATE cas_tickets
#21 95.34 [1m[94m...[0m   [1m[91m|[0m
#21 95.34 [1m[94m339[0m [1m[94m|[0m [1m[91m|[0m             service_url,
#21 95.34 [1m[94m340[0m [1m[94m|[0m [1m[91m|[0m         )
#21 95.34     [1m[94m|[0m [1m[91m|_________^[0m
#21 95.34     [1m[94m|[0m
#21 95.34     [1m[94m= [0m[1mnote[0m: this error originates in the macro `$crate::sqlx_macros::expand_query` which comes from the expansion of the macro `sqlx::query_as` (in Nightly builds, run with -Z macro-backtrace for more info)
#21 95.34 
#21 95.34 [1m[91merror[0m[1m: `SQLX_OFFLINE=true` but there is no cached data for this query, run `cargo sqlx prepare` to update the query cache or unset `SQLX_OFFLINE`[0m
#21 95.34    [1m[94m--> [0msrc/storage/cas.rs:349:22
#21 95.34     [1m[94m|[0m
#21 95.34 [1m[94m349[0m [1m[94m|[0m           let ticket = sqlx::query_as!(
#21 95.34     [1m[94m|[0m [1m[91m ______________________^[0m
#21 95.34 [1m[94m350[0m [1m[94m|[0m [1m[91m|[0m             CasTicketRow,
#21 95.34 [1m[94m351[0m [1m[94m|[0m [1m[91m|[0m             r#"
#21 95.34 [1m[94m352[0m [1m[94m|[0m [1m[91m|[0m             SELECT
#21 95.34 [1m[94m...[0m   [1m[91m|[0m
#21 95.34 [1m[94m365[0m [1m[94m|[0m [1m[91m|[0m             ticket_id,
#21 95.34 [1m[94m366[0m [1m[94m|[0m [1m[91m|[0m         )
#21 95.34     [1m[94m|[0m [1m[91m|_________^[0m
#21 95.34     [1m[94m|[0m
#21 95.34     [1m[94m= [0m[1mnote[0m: this error originates in the macro `$crate::sqlx_macros::expand_query` which comes from the expansion of the macro `sqlx::query_as` (in Nightly builds, run with -Z macro-backtrace for more info)
#21 95.34 
#21 95.34 [1m[91merror[0m[1m: `SQLX_OFFLINE=true` but there is no cached data for this query, run `cargo sqlx prepare` to update the query cache or unset `SQLX_OFFLINE`[0m
#21 95.34    [1m[94m--> [0msrc/storage/cas.rs:375:22
#21 95.34     [1m[94m|[0m
#21 95.34 [1m[94m375[0m [1m[94m|[0m           let result = sqlx::query!(
#21 95.34     [1m[94m|[0m [1m[91m ______________________^[0m
#21 95.34 [1m[94m376[0m [1m[94m|[0m [1m[91m|[0m             r#"
#21 95.34 [1m[94m377[0m [1m[94m|[0m [1m[91m|[0m             DELETE FROM cas_tickets
#21 95.34 [1m[94m378[0m [1m[94m|[0m [1m[91m|[0m             WHERE ticket_id = $1
#21 95.34 [1m[94m379[0m [1m[94m|[0m [1m[91m|[0m             "#,
#21 95.34 [1m[94m380[0m [1m[94m|[0m [1m[91m|[0m             ticket_id,
#21 95.34 [1m[94m381[0m [1m[94m|[0m [1m[91m|[0m         )
#21 95.34     [1m[94m|[0m [1m[91m|_________^[0m
#21 95.34     [1m[94m|[0m
#21 95.34     [1m[94m= [0m[1mnote[0m: this error originates in the macro `$crate::sqlx_macros::expand_query` which comes from the expansion of the macro `sqlx::query` (in Nightly builds, run with -Z macro-backtrace for more info)
#21 95.34 
#21 95.34 [1m[91merror[0m[1m: `SQLX_OFFLINE=true` but there is no cached data for this query, run `cargo sqlx prepare` to update the query cache or unset `SQLX_OFFLINE`[0m
#21 95.34    [1m[94m--> [0msrc/storage/cas.rs:391:22
#21 95.34     [1m[94m|[0m
#21 95.34 [1m[94m391[0m [1m[94m|[0m           let result = sqlx::query!(
#21 95.34     [1m[94m|[0m [1m[91m ______________________^[0m
#21 95.34 [1m[94m392[0m [1m[94m|[0m [1m[91m|[0m             r#"
#21 95.34 [1m[94m393[0m [1m[94m|[0m [1m[91m|[0m             DELETE FROM cas_tickets
#21 95.34 [1m[94m394[0m [1m[94m|[0m [1m[91m|[0m             WHERE expires_at < $1
#21 95.34 [1m[94m395[0m [1m[94m|[0m [1m[91m|[0m             "#,
#21 95.34 [1m[94m396[0m [1m[94m|[0m [1m[91m|[0m             now,
#21 95.34 [1m[94m397[0m [1m[94m|[0m [1m[91m|[0m         )
#21 95.34     [1m[94m|[0m [1m[91m|_________^[0m
#21 95.34     [1m[94m|[0m
#21 95.34     [1m[94m= [0m[1mnote[0m: this error originates in the macro `$crate::sqlx_macros::expand_query` which comes from the expansion of the macro `sqlx::query` (in Nightly builds, run with -Z macro-backtrace for more info)
#21 95.34 
#21 95.34 [1m[91merror[0m[1m: `SQLX_OFFLINE=true` but there is no cached data for this query, run `cargo sqlx prepare` to update the query cache or unset `SQLX_OFFLINE`[0m
#21 95.34    [1m[94m--> [0msrc/storage/cas.rs:409:22
#21 95.34     [1m[94m|[0m
#21 95.34 [1m[94m409[0m [1m[94m|[0m           let ticket = sqlx::query_as!(
#21 95.34     [1m[94m|[0m [1m[91m ______________________^[0m
#21 95.34 [1m[94m410[0m [1m[94m|[0m [1m[91m|[0m             CasProxyTicketRow,
#21 95.34 [1m[94m411[0m [1m[94m|[0m [1m[91m|[0m             r#"
#21 95.34 [1m[94m412[0m [1m[94m|[0m [1m[91m|[0m             INSERT INTO cas_proxy_tickets (proxy_ticket_id, user_id, service_url, pgt_url, created_ts, expires_at)
#21 95.34 [1m[94m...[0m   [1m[91m|[0m
#21 95.34 [1m[94m430[0m [1m[94m|[0m [1m[91m|[0m             expires_at,
#21 95.34 [1m[94m431[0m [1m[94m|[0m [1m[91m|[0m         )
#21 95.34     [1m[94m|[0m [1m[91m|_________^[0m
#21 95.34     [1m[94m|[0m
#21 95.34     [1m[94m= [0m[1mnote[0m: this error originates in the macro `$crate::sqlx_macros::expand_query` which comes from the expansion of the macro `sqlx::query_as` (in Nightly builds, run with -Z macro-backtrace for more info)
#21 95.34 
#21 95.34 [1m[91merror[0m[1m: `SQLX_OFFLINE=true` but there is no cached data for this query, run `cargo sqlx prepare` to update the query cache or unset `SQLX_OFFLINE`[0m
#21 95.34    [1m[94m--> [0msrc/storage/cas.rs:446:22
#21 95.34     [1m[94m|[0m
#21 95.34 [1m[94m446[0m [1m[94m|[0m           let ticket = sqlx::query_as!(
#21 95.34     [1m[94m|[0m [1m[91m ______________________^[0m
#21 95.34 [1m[94m447[0m [1m[94m|[0m [1m[91m|[0m             CasProxyTicketRow,
#21 95.34 [1m[94m448[0m [1m[94m|[0m [1m[91m|[0m             r#"
#21 95.34 [1m[94m449[0m [1m[94m|[0m [1m[91m|[0m             UPDATE cas_proxy_tickets
#21 95.34 [1m[94m...[0m   [1m[91m|[0m
#21 95.34 [1m[94m465[0m [1m[94m|[0m [1m[91m|[0m             service_url,
#21 95.34 [1m[94m466[0m [1m[94m|[0m [1m[91m|[0m         )
#21 95.34     [1m[94m|[0m [1m[91m|_________^[0m
#21 95.34     [1m[94m|[0m
#21 95.34     [1m[94m= [0m[1mnote[0m: this error originates in the macro `$crate::sqlx_macros::expand_query` which comes from the expansion of the macro `sqlx::query_as` (in Nightly builds, run with -Z macro-backtrace for more info)
#21 95.34 
#21 95.34 [1m[91merror[0m[1m: `SQLX_OFFLINE=true` but there is no cached data for this query, run `cargo sqlx prepare` to update the query cache or unset `SQLX_OFFLINE`[0m
#21 95.34    [1m[94m--> [0msrc/storage/cas.rs:478:43
#21 95.34     [1m[94m|[0m
#21 95.34 [1m[94m478[0m [1m[94m|[0m           let pgt: CasProxyGrantingTicket = sqlx::query_as!(
#21 95.34     [1m[94m|[0m [1m[91m ___________________________________________^[0m
#21 95.34 [1m[94m479[0m [1m[94m|[0m [1m[91m|[0m             CasProxyGrantingTicket,
#21 95.34 [1m[94m480[0m [1m[94m|[0m [1m[91m|[0m             r#"
#21 95.34 [1m[94m481[0m [1m[94m|[0m [1m[91m|[0m             INSERT INTO cas_proxy_granting_tickets (pgt_id, user_id, service_url, iou, created_ts, expires_at)
#21 95.34 [1m[94m...[0m   [1m[91m|[0m
#21 95.34 [1m[94m498[0m [1m[94m|[0m [1m[91m|[0m             expires_at,
#21 95.34 [1m[94m499[0m [1m[94m|[0m [1m[91m|[0m         )
#21 95.34     [1m[94m|[0m [1m[91m|_________^[0m
#21 95.34     [1m[94m|[0m
#21 95.34     [1m[94m= [0m[1mnote[0m: this error originates in the macro `$crate::sqlx_macros::expand_query` which comes from the expansion of the macro `sqlx::query_as` (in Nightly builds, run with -Z macro-backtrace for more info)
#21 95.34 
#21 95.34 [1m[91merror[0m[1m: `SQLX_OFFLINE=true` but there is no cached data for this query, run `cargo sqlx prepare` to update the query cache or unset `SQLX_OFFLINE`[0m
#21 95.34    [1m[94m--> [0msrc/storage/cas.rs:508:51
#21 95.34     [1m[94m|[0m
#21 95.34 [1m[94m508[0m [1m[94m|[0m           let pgt: Option<CasProxyGrantingTicket> = sqlx::query_as!(
#21 95.34     [1m[94m|[0m [1m[91m ___________________________________________________^[0m
#21 95.34 [1m[94m509[0m [1m[94m|[0m [1m[91m|[0m             CasProxyGrantingTicket,
#21 95.34 [1m[94m510[0m [1m[94m|[0m [1m[91m|[0m             r#"
#21 95.34 [1m[94m511[0m [1m[94m|[0m [1m[91m|[0m             SELECT
#21 95.34 [1m[94m...[0m   [1m[91m|[0m
#21 95.34 [1m[94m523[0m [1m[94m|[0m [1m[91m|[0m             pgt_id,
#21 95.34 [1m[94m524[0m [1m[94m|[0m [1m[91m|[0m         )
#21 95.34     [1m[94m|[0m [1m[91m|_________^[0m
#21 95.34     [1m[94m|[0m
#21 95.34     [1m[94m= [0m[1mnote[0m: this error originates in the macro `$crate::sqlx_macros::expand_query` which comes from the expansion of the macro `sqlx::query_as` (in Nightly builds, run with -Z macro-backtrace for more info)
#21 95.34 
#21 95.34 [1m[91merror[0m[1m: `SQLX_OFFLINE=true` but there is no cached data for this query, run `cargo sqlx prepare` to update the query cache or unset `SQLX_OFFLINE`[0m
#21 95.34    [1m[94m--> [0msrc/storage/cas.rs:533:51
#21 95.34     [1m[94m|[0m
#21 95.34 [1m[94m533[0m [1m[94m|[0m           let pgt: Option<CasProxyGrantingTicket> = sqlx::query_as!(
#21 95.34     [1m[94m|[0m [1m[91m ___________________________________________________^[0m
#21 95.34 [1m[94m534[0m [1m[94m|[0m [1m[91m|[0m             CasProxyGrantingTicket,
#21 95.34 [1m[94m535[0m [1m[94m|[0m [1m[91m|[0m             r#"
#21 95.34 [1m[94m536[0m [1m[94m|[0m [1m[91m|[0m             SELECT
#21 95.34 [1m[94m...[0m   [1m[91m|[0m
#21 95.34 [1m[94m548[0m [1m[94m|[0m [1m[91m|[0m             iou,
#21 95.34 [1m[94m549[0m [1m[94m|[0m [1m[91m|[0m         )
#21 95.34     [1m[94m|[0m [1m[91m|_________^[0m
#21 95.34     [1m[94m|[0m
#21 95.34     [1m[94m= [0m[1mnote[0m: this error originates in the macro `$crate::sqlx_macros::expand_query` which comes from the expansion of the macro `sqlx::query_as` (in Nightly builds, run with -Z macro-backtrace for more info)
#21 95.34 
#21 95.34 [1m[91merror[0m[1m: `SQLX_OFFLINE=true` but there is no cached data for this query, run `cargo sqlx prepare` to update the query cache or unset `SQLX_OFFLINE`[0m
#21 95.34    [1m[94m--> [0msrc/storage/cas.rs:564:48
#21 95.34     [1m[94m|[0m
#21 95.34 [1m[94m564[0m [1m[94m|[0m           let service: CasRegisteredServiceRow = sqlx::query_as!(
#21 95.34     [1m[94m|[0m [1m[91m ________________________________________________^[0m
#21 95.34 [1m[94m565[0m [1m[94m|[0m [1m[91m|[0m             CasRegisteredServiceRow,
#21 95.34 [1m[94m566[0m [1m[94m|[0m [1m[91m|[0m             r#"
#21 95.34 [1m[94m567[0m [1m[94m|[0m [1m[91m|[0m             INSERT INTO cas_services (
#21 95.34 [1m[94m...[0m   [1m[91m|[0m
#21 95.34 [1m[94m595[0m [1m[94m|[0m [1m[91m|[0m             now,
#21 95.34 [1m[94m596[0m [1m[94m|[0m [1m[91m|[0m         )
#21 95.34     [1m[94m|[0m [1m[91m|_________^[0m
#21 95.34     [1m[94m|[0m
#21 95.34     [1m[94m= [0m[1mnote[0m: this error originates in the macro `$crate::sqlx_macros::expand_query` which comes from the expansion of the macro `sqlx::query_as` (in Nightly builds, run with -Z macro-backtrace for more info)
#21 95.34 
#21 95.34 [1m[91merror[0m[1m: `SQLX_OFFLINE=true` but there is no cached data for this query, run `cargo sqlx prepare` to update the query cache or unset `SQLX_OFFLINE`[0m
#21 95.34    [1m[94m--> [0msrc/storage/cas.rs:605:56
#21 95.34     [1m[94m|[0m
#21 95.34 [1m[94m605[0m [1m[94m|[0m           let service: Option<CasRegisteredServiceRow> = sqlx::query_as!(
#21 95.34     [1m[94m|[0m [1m[91m ________________________________________________________^[0m
#21 95.34 [1m[94m606[0m [1m[94m|[0m [1m[91m|[0m             CasRegisteredServiceRow,
#21 95.34 [1m[94m607[0m [1m[94m|[0m [1m[91m|[0m             r#"
#21 95.34 [1m[94m608[0m [1m[94m|[0m [1m[91m|[0m             SELECT
#21 95.34 [1m[94m...[0m   [1m[91m|[0m
#21 95.34 [1m[94m624[0m [1m[94m|[0m [1m[91m|[0m             service_id,
#21 95.34 [1m[94m625[0m [1m[94m|[0m [1m[91m|[0m         )
#21 95.34     [1m[94m|[0m [1m[91m|_________^[0m
#21 95.34     [1m[94m|[0m
#21 95.34     [1m[94m= [0m[1mnote[0m: this error originates in the macro `$crate::sqlx_macros::expand_query` which comes from the expansion of the macro `sqlx::query_as` (in Nightly builds, run with -Z macro-backtrace for more info)
#21 95.34 
#21 95.34 [1m[91merror[0m[1m: `SQLX_OFFLINE=true` but there is no cached data for this query, run `cargo sqlx prepare` to update the query cache or unset `SQLX_OFFLINE`[0m
#21 95.34    [1m[94m--> [0msrc/storage/cas.rs:634:56
#21 95.34     [1m[94m|[0m
#21 95.34 [1m[94m634[0m [1m[94m|[0m           let service: Option<CasRegisteredServiceRow> = sqlx::query_as!(
#21 95.34     [1m[94m|[0m [1m[91m ________________________________________________________^[0m
#21 95.34 [1m[94m635[0m [1m[94m|[0m [1m[91m|[0m             CasRegisteredServiceRow,
#21 95.34 [1m[94m636[0m [1m[94m|[0m [1m[91m|[0m             r#"
#21 95.34 [1m[94m637[0m [1m[94m|[0m [1m[91m|[0m             SELECT
#21 95.34 [1m[94m...[0m   [1m[91m|[0m
#21 95.34 [1m[94m653[0m [1m[94m|[0m [1m[91m|[0m             service_url,
#21 95.34 [1m[94m654[0m [1m[94m|[0m [1m[91m|[0m         )
#21 95.34     [1m[94m|[0m [1m[91m|_________^[0m
#21 95.34     [1m[94m|[0m
#21 95.34     [1m[94m= [0m[1mnote[0m: this error originates in the macro `$crate::sqlx_macros::expand_query` which comes from the expansion of the macro `sqlx::query_as` (in Nightly builds, run with -Z macro-backtrace for more info)
#21 95.34 
#21 95.34 [1m[91merror[0m[1m: `SQLX_OFFLINE=true` but there is no cached data for this query, run `cargo sqlx prepare` to update the query cache or unset `SQLX_OFFLINE`[0m
#21 95.34    [1m[94m--> [0msrc/storage/cas.rs:663:54
#21 95.34     [1m[94m|[0m
#21 95.34 [1m[94m663[0m [1m[94m|[0m           let services: Vec<CasRegisteredServiceRow> = sqlx::query_as!(
#21 95.34     [1m[94m|[0m [1m[91m ______________________________________________________^[0m
#21 95.34 [1m[94m664[0m [1m[94m|[0m [1m[91m|[0m             CasRegisteredServiceRow,
#21 95.34 [1m[94m665[0m [1m[94m|[0m [1m[91m|[0m             r#"
#21 95.34 [1m[94m666[0m [1m[94m|[0m [1m[91m|[0m             SELECT
#21 95.34 [1m[94m...[0m   [1m[91m|[0m
#21 95.34 [1m[94m681[0m [1m[94m|[0m [1m[91m|[0m             "#,
#21 95.34 [1m[94m682[0m [1m[94m|[0m [1m[91m|[0m         )
#21 95.34     [1m[94m|[0m [1m[91m|_________^[0m
#21 95.34     [1m[94m|[0m
#21 95.34     [1m[94m= [0m[1mnote[0m: this error originates in the macro `$crate::sqlx_macros::expand_query` which comes from the expansion of the macro `sqlx::query_as` (in Nightly builds, run with -Z macro-backtrace for more info)
#21 95.34 
#21 95.34 [1m[91merror[0m[1m: `SQLX_OFFLINE=true` but there is no cached data for this query, run `cargo sqlx prepare` to update the query cache or unset `SQLX_OFFLINE`[0m
#21 95.34    [1m[94m--> [0msrc/storage/cas.rs:691:53
#21 95.34     [1m[94m|[0m
#21 95.34 [1m[94m691[0m [1m[94m|[0m           let result: sqlx::postgres::PgQueryResult = sqlx::query!(
#21 95.34     [1m[94m|[0m [1m[91m _____________________________________________________^[0m
#21 95.34 [1m[94m692[0m [1m[94m|[0m [1m[91m|[0m             r#"
#21 95.34 [1m[94m693[0m [1m[94m|[0m [1m[91m|[0m             DELETE FROM cas_services
#21 95.34 [1m[94m694[0m [1m[94m|[0m [1m[91m|[0m             WHERE service_id = $1
#21 95.34 [1m[94m695[0m [1m[94m|[0m [1m[91m|[0m             "#,
#21 95.34 [1m[94m696[0m [1m[94m|[0m [1m[91m|[0m             service_id,
#21 95.34 [1m[94m697[0m [1m[94m|[0m [1m[91m|[0m         )
#21 95.34     [1m[94m|[0m [1m[91m|_________^[0m
#21 95.34     [1m[94m|[0m
#21 95.34     [1m[94m= [0m[1mnote[0m: this error originates in the macro `$crate::sqlx_macros::expand_query` which comes from the expansion of the macro `sqlx::query` (in Nightly builds, run with -Z macro-backtrace for more info)
#21 95.34 
#21 95.34 [1m[91merror[0m[1m: `SQLX_OFFLINE=true` but there is no cached data for this query, run `cargo sqlx prepare` to update the query cache or unset `SQLX_OFFLINE`[0m
#21 95.34    [1m[94m--> [0msrc/storage/cas.rs:713:41
#21 95.34     [1m[94m|[0m
#21 95.34 [1m[94m713[0m [1m[94m|[0m           let attr: CasUserAttributeRow = sqlx::query_as!(
#21 95.34     [1m[94m|[0m [1m[91m _________________________________________^[0m
#21 95.34 [1m[94m714[0m [1m[94m|[0m [1m[91m|[0m             CasUserAttributeRow,
#21 95.34 [1m[94m715[0m [1m[94m|[0m [1m[91m|[0m             r#"
#21 95.34 [1m[94m716[0m [1m[94m|[0m [1m[91m|[0m             INSERT INTO cas_user_attributes (user_id, attribute_name, attribute_value, created_ts, updated_ts)
#21 95.34 [1m[94m...[0m   [1m[91m|[0m
#21 95.34 [1m[94m731[0m [1m[94m|[0m [1m[91m|[0m             now,
#21 95.34 [1m[94m732[0m [1m[94m|[0m [1m[91m|[0m         )
#21 95.34     [1m[94m|[0m [1m[91m|_________^[0m
#21 95.34     [1m[94m|[0m
#21 95.34     [1m[94m= [0m[1mnote[0m: this error originates in the macro `$crate::sqlx_macros::expand_query` which comes from the expansion of the macro `sqlx::query_as` (in Nightly builds, run with -Z macro-backtrace for more info)
#21 95.34 
#21 95.34 [1m[91merror[0m[1m: `SQLX_OFFLINE=true` but there is no cached data for this query, run `cargo sqlx prepare` to update the query cache or unset `SQLX_OFFLINE`[0m
#21 95.34    [1m[94m--> [0msrc/storage/cas.rs:741:47
#21 95.34     [1m[94m|[0m
#21 95.34 [1m[94m741[0m [1m[94m|[0m           let attrs: Vec<CasUserAttributeRow> = sqlx::query_as!(
#21 95.34     [1m[94m|[0m [1m[91m _______________________________________________^[0m
#21 95.34 [1m[94m742[0m [1m[94m|[0m [1m[91m|[0m             CasUserAttributeRow,
#21 95.34 [1m[94m743[0m [1m[94m|[0m [1m[91m|[0m             r#"
#21 95.34 [1m[94m744[0m [1m[94m|[0m [1m[91m|[0m             SELECT
#21 95.34 [1m[94m...[0m   [1m[91m|[0m
#21 95.34 [1m[94m754[0m [1m[94m|[0m [1m[91m|[0m             user_id,
#21 95.34 [1m[94m755[0m [1m[94m|[0m [1m[91m|[0m         )
#21 95.34     [1m[94m|[0m [1m[91m|_________^[0m
#21 95.34     [1m[94m|[0m
#21 95.34     [1m[94m= [0m[1mnote[0m: this error originates in the macro `$crate::sqlx_macros::expand_query` which comes from the expansion of the macro `sqlx::query_as` (in Nightly builds, run with -Z macro-backtrace for more info)
#21 95.34 
#21 95.34 [1m[91merror[0m[1m: `SQLX_OFFLINE=true` but there is no cached data for this query, run `cargo sqlx prepare` to update the query cache or unset `SQLX_OFFLINE`[0m
#21 95.34    [1m[94m--> [0msrc/storage/cas.rs:771:41
#21 95.34     [1m[94m|[0m
#21 95.34 [1m[94m771[0m [1m[94m|[0m           let session: CasSloSessionRow = sqlx::query_as!(
#21 95.34     [1m[94m|[0m [1m[91m _________________________________________^[0m
#21 95.34 [1m[94m772[0m [1m[94m|[0m [1m[91m|[0m             CasSloSessionRow,
#21 95.34 [1m[94m773[0m [1m[94m|[0m [1m[91m|[0m             r#"
#21 95.34 [1m[94m774[0m [1m[94m|[0m [1m[91m|[0m             INSERT INTO cas_slo_sessions (session_id, user_id, service_url, ticket_id, created_ts)
#21 95.34 [1m[94m...[0m   [1m[91m|[0m
#21 95.34 [1m[94m789[0m [1m[94m|[0m [1m[91m|[0m             now,
#21 95.34 [1m[94m790[0m [1m[94m|[0m [1m[91m|[0m         )
#21 95.34     [1m[94m|[0m [1m[91m|_________^[0m
#21 95.34     [1m[94m|[0m
#21 95.34     [1m[94m= [0m[1mnote[0m: this error originates in the macro `$crate::sqlx_macros::expand_query` which comes from the expansion of the macro `sqlx::query_as` (in Nightly builds, run with -Z macro-backtrace for more info)
#21 95.34 
#21 95.34 [1m[91merror[0m[1m: `SQLX_OFFLINE=true` but there is no cached data for this query, run `cargo sqlx prepare` to update the query cache or unset `SQLX_OFFLINE`[0m
#21 95.34    [1m[94m--> [0msrc/storage/cas.rs:800:53
#21 95.34     [1m[94m|[0m
#21 95.34 [1m[94m800[0m [1m[94m|[0m           let result: sqlx::postgres::PgQueryResult = sqlx::query!(
#21 95.34     [1m[94m|[0m [1m[91m _____________________________________________________^[0m
#21 95.34 [1m[94m801[0m [1m[94m|[0m [1m[91m|[0m             r#"
#21 95.34 [1m[94m802[0m [1m[94m|[0m [1m[91m|[0m             UPDATE cas_slo_sessions
#21 95.34 [1m[94m803[0m [1m[94m|[0m [1m[91m|[0m             SET logout_sent_at = $1
#21 95.34 [1m[94m...[0m   [1m[91m|[0m
#21 95.34 [1m[94m807[0m [1m[94m|[0m [1m[91m|[0m             session_id,
#21 95.34 [1m[94m808[0m [1m[94m|[0m [1m[91m|[0m         )
#21 95.34     [1m[94m|[0m [1m[91m|_________^[0m
#21 95.34     [1m[94m|[0m
#21 95.34     [1m[94m= [0m[1mnote[0m: this error originates in the macro `$crate::sqlx_macros::expand_query` which comes from the expansion of the macro `sqlx::query` (in Nightly builds, run with -Z macro-backtrace for more info)
#21 95.34 
#21 95.34 [1m[91merror[0m[1m: `SQLX_OFFLINE=true` but there is no cached data for this query, run `cargo sqlx prepare` to update the query cache or unset `SQLX_OFFLINE`[0m
#21 95.34    [1m[94m--> [0msrc/storage/cas.rs:817:47
#21 95.34     [1m[94m|[0m
#21 95.34 [1m[94m817[0m [1m[94m|[0m           let sessions: Vec<CasSloSessionRow> = sqlx::query_as!(
#21 95.34     [1m[94m|[0m [1m[91m _______________________________________________^[0m
#21 95.34 [1m[94m818[0m [1m[94m|[0m [1m[91m|[0m             CasSloSessionRow,
#21 95.34 [1m[94m819[0m [1m[94m|[0m [1m[91m|[0m             r#"
#21 95.34 [1m[94m820[0m [1m[94m|[0m [1m[91m|[0m             SELECT
#21 95.34 [1m[94m...[0m   [1m[91m|[0m
#21 95.34 [1m[94m831[0m [1m[94m|[0m [1m[91m|[0m             user_id,
#21 95.34 [1m[94m832[0m [1m[94m|[0m [1m[91m|[0m         )
#21 95.34     [1m[94m|[0m [1m[91m|_________^[0m
#21 95.34     [1m[94m|[0m
#21 95.34     [1m[94m= [0m[1mnote[0m: this error originates in the macro `$crate::sqlx_macros::expand_query` which comes from the expansion of the macro `sqlx::query_as` (in Nightly builds, run with -Z macro-backtrace for more info)
#21 95.34 
#21 105.9 [1m[91merror[E0282][0m[1m: type annotations needed[0m
#21 105.9    [1m[94m--> [0msrc/services/account_data_service.rs:94:22
#21 105.9     [1m[94m|[0m
#21 105.9  [1m[94m94[0m [1m[94m|[0m           let result = sqlx::query_scalar!(
#21 105.9     [1m[94m|[0m [1m[91m ______________________^[0m
#21 105.9  [1m[94m95[0m [1m[94m|[0m [1m[91m|[0m             r#"SELECT data AS "data!" FROM room_account_data WHERE user_id = $1 AND room_id = $2 AND data_type = $3"#,
#21 105.9  [1m[94m96[0m [1m[94m|[0m [1m[91m|[0m             user_id,
#21 105.9  [1m[94m97[0m [1m[94m|[0m [1m[91m|[0m             room_id,
#21 105.9 [1m[94m...[0m   [1m[91m|[0m
#21 105.9 [1m[94m100[0m [1m[94m|[0m [1m[91m|[0m         .fetch_optional(&*self.pool)
#21 105.9 [1m[94m101[0m [1m[94m|[0m [1m[91m|[0m         .await
#21 105.9     [1m[94m|[0m [1m[91m|______________^[0m [1m[91mcannot infer type[0m
#21 105.9 
#21 105.9 [1m[91merror[E0282][0m[1m: type annotations needed[0m
#21 105.9    [1m[94m--> [0msrc/services/account_data_service.rs:113:22
#21 105.9     [1m[94m|[0m
#21 105.9 [1m[94m113[0m [1m[94m|[0m   [1m[94m...[0m   let result = sqlx::query!(
#21 105.9     [1m[94m|[0m [1m[91m ____________________^[0m
#21 105.9 [1m[94m114[0m [1m[94m|[0m [1m[91m|[0m [1m[94m...[0m       r#"SELECT data AS "data!", updated_ts AS "updated_ts?" FROM room_account_data WHERE user_id = $1 AND room_id = $2 AND data_type[1m[94m...[0m
#21 105.9 [1m[94m115[0m [1m[94m|[0m [1m[91m|[0m [1m[94m...[0m       user_id,
#21 105.9 [1m[94m116[0m [1m[94m|[0m [1m[91m|[0m [1m[94m...[0m       room_id,
#21 105.9 [1m[94m...[0m   [1m[91m|[0m
#21 105.9 [1m[94m119[0m [1m[94m|[0m [1m[91m|[0m [1m[94m...[0m   .fetch_optional(&*self.pool)
#21 105.9 [1m[94m120[0m [1m[94m|[0m [1m[91m|[0m [1m[94m...[0m   .await
#21 105.9     [1m[94m|[0m [1m[91m|____________^[0m [1m[91mcannot infer type[0m
#21 105.9 
#21 106.0 [1m[91merror[E0282][0m[1m: type annotations needed[0m
#21 106.0    [1m[94m--> [0msrc/services/admin_federation_service.rs:128:13
#21 106.0     [1m[94m|[0m
#21 106.0 [1m[94m128[0m [1m[94m|[0m [1m[91m/[0m [1m[94m...[0m   sqlx::query_as!(
#21 106.0 [1m[94m129[0m [1m[94m|[0m [1m[91m|[0m [1m[94m...[0m       DestinationRow,
#21 106.0 [1m[94m130[0m [1m[94m|[0m [1m[91m|[0m [1m[94m...[0m       r#"SELECT server_name AS "server_name?", last_failed_connect_at AS "last_failed_connect_at?", last_successful_connect_at AS "la[1m[94m...[0m
#21 106.0 [1m[94m131[0m [1m[94m|[0m [1m[91m|[0m [1m[94m...[0m       cursor.server_name,
#21 106.0 [1m[94m...[0m   [1m[91m|[0m
#21 106.0 [1m[94m134[0m [1m[94m|[0m [1m[91m|[0m [1m[94m...[0m   .fetch_all(&*self.pool)
#21 106.0 [1m[94m135[0m [1m[94m|[0m [1m[91m|[0m [1m[94m...[0m   .await
#21 106.0     [1m[94m|[0m [1m[91m|____________^[0m [1m[91mcannot infer type[0m
#21 106.0 
#21 106.0 [1m[91merror[E0282][0m[1m: type annotations needed[0m
#21 106.0    [1m[94m--> [0msrc/services/admin_federation_service.rs:139:13
#21 106.0     [1m[94m|[0m
#21 106.0 [1m[94m139[0m [1m[94m|[0m [1m[91m/[0m [1m[94m...[0m   sqlx::query_as!(
#21 106.0 [1m[94m140[0m [1m[94m|[0m [1m[91m|[0m [1m[94m...[0m       DestinationRow,
#21 106.0 [1m[94m141[0m [1m[94m|[0m [1m[91m|[0m [1m[94m...[0m       r#"SELECT server_name AS "server_name?", last_failed_connect_at AS "last_failed_connect_at?", last_successful_connect_at AS "la[1m[94m...[0m
#21 106.0 [1m[94m142[0m [1m[94m|[0m [1m[91m|[0m [1m[94m...[0m       offset,
#21 106.0 [1m[94m...[0m   [1m[91m|[0m
#21 106.0 [1m[94m145[0m [1m[94m|[0m [1m[91m|[0m [1m[94m...[0m   .fetch_all(&*self.pool)
#21 106.0 [1m[94m146[0m [1m[94m|[0m [1m[91m|[0m [1m[94m...[0m   .await
#21 106.0     [1m[94m|[0m [1m[91m|____________^[0m [1m[91mcannot infer type[0m
#21 106.0 
#21 106.0 [1m[91merror[E0282][0m[1m: type annotations needed[0m
#21 106.0    [1m[94m--> [0msrc/services/admin_federation_service.rs:156:27
#21 106.0     [1m[94m|[0m
#21 106.0 [1m[94m156[0m [1m[94m|[0m                     .map(|server_name| DestinationCursor { server_name: server_name.clone() })
#21 106.0     [1m[94m|[0m                           [1m[91m^^^^^^^^^^^[0m                                   [1m[94m-----------[0m [1m[94mtype must be known at this point[0m
#21 106.0     [1m[94m|[0m
#21 106.0 [1m[96mhelp[0m: consider giving this closure parameter an explicit type
#21 106.0     [1m[94m|[0m
#21 106.0 [1m[94m156[0m [1m[94m| [0m                    .map(|server_name[92m: /* Type */[0m| DestinationCursor { server_name: server_name.clone() })
#21 106.0     [1m[94m|[0m                                      [92m++++++++++++[0m
#21 106.0 
#21 106.0 [1m[91merror[E0282][0m[1m: type annotations needed[0m
#21 106.0    [1m[94m--> [0msrc/services/admin_federation_service.rs:213:22
#21 106.0     [1m[94m|[0m
#21 106.0 [1m[94m213[0m [1m[94m|[0m           let exists = sqlx::query_scalar!("SELECT EXISTS(SELECT 1 FROM federation_servers WHERE server_name = $1)", destination)
#21 106.0     [1m[94m|[0m [1m[91m ______________________^[0m
#21 106.0 [1m[94m214[0m [1m[94m|[0m [1m[91m|[0m             .fetch_one(&*self.pool)
#21 106.0 [1m[94m215[0m [1m[94m|[0m [1m[91m|[0m             .await
#21 106.0     [1m[94m|[0m [1m[91m|__________________^[0m [1m[91mcannot infer type[0m
#21 106.0 
#21 106.0 [1m[91merror[E0282][0m[1m: type annotations needed[0m
#21 106.0    [1m[94m--> [0msrc/services/admin_federation_service.rs:240:22
#21 106.0     [1m[94m|[0m
#21 106.0 [1m[94m240[0m [1m[94m|[0m           let exists = sqlx::query_scalar!("SELECT EXISTS(SELECT 1 FROM federation_servers WHERE server_name = $1)", from_server)
#21 106.0     [1m[94m|[0m [1m[91m ______________________^[0m
#21 106.0 [1m[94m241[0m [1m[94m|[0m [1m[91m|[0m             .fetch_one(&*self.pool)
#21 106.0 [1m[94m242[0m [1m[94m|[0m [1m[91m|[0m             .await
#21 106.0     [1m[94m|[0m [1m[91m|__________________^[0m [1m[91mcannot infer type[0m
#21 106.0 
#21 106.0 [1m[91merror[E0282][0m[1m: type annotations needed[0m
#21 106.0    [1m[94m--> [0msrc/services/admin_federation_service.rs:272:13
#21 106.0     [1m[94m|[0m
#21 106.0 [1m[94m272[0m [1m[94m|[0m [1m[91m/[0m             sqlx::query_scalar!("SELECT EXISTS(SELECT 1 FROM federation_servers WHERE server_name = $1)", server_name)
#21 106.0 [1m[94m273[0m [1m[94m|[0m [1m[91m|[0m                 .fetch_one(&*self.pool)
#21 106.0 [1m[94m274[0m [1m[94m|[0m [1m[91m|[0m                 .await
#21 106.0     [1m[94m|[0m [1m[91m|______________________^[0m [1m[91mcannot infer type[0m
#21 106.0 
#21 106.0 [1m[91merror[E0282][0m[1m: type annotations needed[0m
#21 106.0    [1m[94m--> [0msrc/services/admin_federation_service.rs:294:24
#21 106.0     [1m[94m|[0m
#21 106.0 [1m[94m294[0m [1m[94m|[0m           let existing = sqlx::query!(
#21 106.0     [1m[94m|[0m [1m[91m ________________________^[0m
#21 106.0 [1m[94m295[0m [1m[94m|[0m [1m[91m|[0m             r#"SELECT status AS "status?" FROM federation_servers WHERE server_name = $1"#,
#21 106.0 [1m[94m296[0m [1m[94m|[0m [1m[91m|[0m             server_name,
#21 106.0 [1m[94m...[0m   [1m[91m|[0m
#21 106.0 [1m[94m299[0m [1m[94m|[0m [1m[91m|[0m         .await
#21 106.0     [1m[94m|[0m [1m[91m|______________^[0m [1m[91mcannot infer type[0m
#21 106.0 
#21 106.0 [1m[91merror[E0282][0m[1m: type annotations needed[0m
#21 106.0    [1m[94m--> [0msrc/services/admin_federation_service.rs:353:23
#21 106.0     [1m[94m|[0m
#21 106.0 [1m[94m353[0m [1m[94m|[0m           let pending = sqlx::query!(
#21 106.0     [1m[94m|[0m [1m[91m _______________________^[0m
#21 106.0 [1m[94m354[0m [1m[94m|[0m [1m[91m|[0m             "SELECT server_name, failure_count, last_failed_connect_at, last_successful_connect_at, updated_ts \
#21 106.0 [1m[94m355[0m [1m[94m|[0m [1m[91m|[0m              FROM federation_servers WHERE status = 'pending' \
#21 106.0 [1m[94m356[0m [1m[94m|[0m [1m[91m|[0m                AND (($1::BIGINT IS NULL AND $2::TEXT IS NULL)
#21 106.0 [1m[94m...[0m   [1m[91m|[0m
#21 106.0 [1m[94m365[0m [1m[94m|[0m [1m[91m|[0m         .fetch_all(&*self.pool)
#21 106.0 [1m[94m366[0m [1m[94m|[0m [1m[91m|[0m         .await
#21 106.0     [1m[94m|[0m [1m[91m|______________^[0m [1m[91mcannot infer type[0m
#21 106.0 
#21 106.1 [1m[91merror[E0282][0m[1m: type annotations needed[0m
#21 106.1    [1m[94m--> [0msrc/services/admin_media_service.rs:94:21
#21 106.1     [1m[94m|[0m
#21 106.1  [1m[94m94[0m [1m[94m|[0m           let media = sqlx::query_as!(
#21 106.1     [1m[94m|[0m [1m[91m _____________________^[0m
#21 106.1  [1m[94m95[0m [1m[94m|[0m [1m[91m|[0m             AdminMediaRow,
#21 106.1  [1m[94m96[0m [1m[94m|[0m [1m[91m|[0m             r#"SELECT media_id, content_type, file_name, size, uploader_user_id, created_ts, last_accessed_at, quarantine_status
#21 106.1  [1m[94m97[0m [1m[94m|[0m [1m[91m|[0m                FROM media_metadata
#21 106.1 [1m[94m...[0m   [1m[91m|[0m
#21 106.1 [1m[94m107[0m [1m[94m|[0m [1m[91m|[0m         .fetch_all(&*self.pool)
#21 106.1 [1m[94m108[0m [1m[94m|[0m [1m[91m|[0m         .await
#21 106.1     [1m[94m|[0m [1m[91m|______________^[0m [1m[91mcannot infer type[0m
#21 106.1 
#21 106.1 [1m[91merror[E0282][0m[1m: type annotations needed[0m
#21 106.1    [1m[94m--> [0msrc/services/admin_media_service.rs:129:21
#21 106.1     [1m[94m|[0m
#21 106.1 [1m[94m129[0m [1m[94m|[0m           let media = sqlx::query_as!(
#21 106.1     [1m[94m|[0m [1m[91m _____________________^[0m
#21 106.1 [1m[94m130[0m [1m[94m|[0m [1m[91m|[0m             AdminMediaRow,
#21 106.1 [1m[94m131[0m [1m[94m|[0m [1m[91m|[0m             r#"SELECT media_id, content_type, file_name, size, uploader_user_id, created_ts, last_accessed_at, quarantine_status
#21 106.1 [1m[94m132[0m [1m[94m|[0m [1m[91m|[0m                FROM media_metadata WHERE media_id = $1"#,
#21 106.1 [1m[94m...[0m   [1m[91m|[0m
#21 106.1 [1m[94m135[0m [1m[94m|[0m [1m[91m|[0m         .fetch_optional(&*self.pool)
#21 106.1 [1m[94m136[0m [1m[94m|[0m [1m[91m|[0m         .await
#21 106.1     [1m[94m|[0m [1m[91m|______________^[0m [1m[91mcannot infer type[0m
#21 106.1 
#21 106.1 [1m[91merror[E0282][0m[1m: type annotations needed[0m
#21 106.1    [1m[94m--> [0msrc/services/admin_media_service.rs:178:21
#21 106.1     [1m[94m|[0m
#21 106.1 [1m[94m178[0m [1m[94m|[0m           let media = sqlx::query_as!(
#21 106.1     [1m[94m|[0m [1m[91m _____________________^[0m
#21 106.1 [1m[94m179[0m [1m[94m|[0m [1m[91m|[0m             AdminMediaRow,
#21 106.1 [1m[94m180[0m [1m[94m|[0m [1m[91m|[0m             r#"SELECT media_id, content_type, file_name, size, uploader_user_id, created_ts,
#21 106.1 [1m[94m181[0m [1m[94m|[0m [1m[91m|[0m                NULL::BIGINT AS "last_accessed_at?", NULL::TEXT AS "quarantine_status?"
#21 106.1 [1m[94m...[0m   [1m[91m|[0m
#21 106.1 [1m[94m185[0m [1m[94m|[0m [1m[91m|[0m         .fetch_all(&*self.pool)
#21 106.1 [1m[94m186[0m [1m[94m|[0m [1m[91m|[0m         .await
#21 106.1     [1m[94m|[0m [1m[91m|______________^[0m [1m[91mcannot infer type[0m
#21 106.1 
#21 106.1 [1m[91merror[E0282][0m[1m: type annotations needed[0m
#21 106.1   [1m[94m--> [0msrc/services/admin_security_service.rs:23:22
#21 106.1    [1m[94m|[0m
#21 106.1 [1m[94m23[0m [1m[94m|[0m           let result = sqlx::query!(
#21 106.1    [1m[94m|[0m [1m[91m ______________________^[0m
#21 106.1 [1m[94m24[0m [1m[94m|[0m [1m[91m|[0m             "UPDATE users SET is_shadow_banned = $2 WHERE user_id = $1",
#21 106.1 [1m[94m25[0m [1m[94m|[0m [1m[91m|[0m             user_id,
#21 106.1 [1m[94m26[0m [1m[94m|[0m [1m[91m|[0m             is_shadow_banned,
#21 106.1 [1m[94m27[0m [1m[94m|[0m [1m[91m|[0m         )
#21 106.1 [1m[94m28[0m [1m[94m|[0m [1m[91m|[0m         .execute(&*self.pool)
#21 106.1 [1m[94m29[0m [1m[94m|[0m [1m[91m|[0m         .await
#21 106.1    [1m[94m|[0m [1m[91m|______________^[0m [1m[91mcannot infer type[0m
#21 106.1 
#21 106.1 [1m[91merror[E0282][0m[1m: type annotations needed[0m
#21 106.1    [1m[94m--> [0msrc/services/admin_user_service.rs:240:13
#21 106.1     [1m[94m|[0m
#21 106.1 [1m[94m240[0m [1m[94m|[0m [1m[91m/[0m             sqlx::query!(
#21 106.1 [1m[94m241[0m [1m[94m|[0m [1m[91m|[0m                 r#"
#21 106.1 [1m[94m242[0m [1m[94m|[0m [1m[91m|[0m                 UPDATE users SET
#21 106.1 [1m[94m243[0m [1m[94m|[0m [1m[91m|[0m                     displayname = COALESCE($2, displayname),
#21 106.1 [1m[94m...[0m   [1m[91m|[0m
#21 106.1 [1m[94m259[0m [1m[94m|[0m [1m[91m|[0m             .execute(&*self.pool)
#21 106.1 [1m[94m260[0m [1m[94m|[0m [1m[91m|[0m             .await
#21 106.1     [1m[94m|[0m [1m[91m|__________________^[0m [1m[91mcannot infer type[0m
#21 106.1 
#21 106.1 [1m[91merror[E0282][0m[1m: type annotations needed[0m
#21 106.1    [1m[94m--> [0msrc/services/admin_user_service.rs:283:9
#21 106.1     [1m[94m|[0m
#21 106.1 [1m[94m283[0m [1m[94m|[0m [1m[91m/[0m         sqlx::query!(
#21 106.1 [1m[94m284[0m [1m[94m|[0m [1m[91m|[0m             r#"
#21 106.1 [1m[94m285[0m [1m[94m|[0m [1m[91m|[0m             INSERT INTO users (
#21 106.1 [1m[94m286[0m [1m[94m|[0m [1m[91m|[0m                 user_id, username, password_hash, displayname, avatar_url,
#21 106.1 [1m[94m...[0m   [1m[91m|[0m
#21 106.1 [1m[94m302[0m [1m[94m|[0m [1m[91m|[0m         .execute(&*self.pool)
#21 106.1 [1m[94m303[0m [1m[94m|[0m [1m[91m|[0m         .await
#21 106.1     [1m[94m|[0m [1m[91m|______________^[0m [1m[91mcannot infer type[0m
#21 106.1 
#21 106.1 [1m[91merror[E0282][0m[1m: type annotations needed[0m
#21 106.1    [1m[94m--> [0msrc/services/admin_user_service.rs:310:21
#21 106.1     [1m[94m|[0m
#21 106.1 [1m[94m310[0m [1m[94m|[0m           let stats = sqlx::query!(
#21 106.1     [1m[94m|[0m [1m[91m _____________________^[0m
#21 106.1 [1m[94m311[0m [1m[94m|[0m [1m[91m|[0m             r#"
#21 106.1 [1m[94m312[0m [1m[94m|[0m [1m[91m|[0m             SELECT
#21 106.1 [1m[94m313[0m [1m[94m|[0m [1m[91m|[0m                 COUNT(*) AS "total_users!",
#21 106.1 [1m[94m...[0m   [1m[91m|[0m
#21 106.1 [1m[94m321[0m [1m[94m|[0m [1m[91m|[0m         .fetch_one(&*self.pool)
#21 106.1 [1m[94m322[0m [1m[94m|[0m [1m[91m|[0m         .await
#21 106.1     [1m[94m|[0m [1m[91m|______________^[0m [1m[91mcannot infer type[0m
#21 106.1 
#21 106.1 [1m[91merror[E0282][0m[1m: type annotations needed[0m
#21 106.1    [1m[94m--> [0msrc/services/admin_user_service.rs:352:29
#21 106.1     [1m[94m|[0m
#21 106.1 [1m[94m352[0m [1m[94m|[0m           let messages_sent = sqlx::query_scalar!(
#21 106.1     [1m[94m|[0m [1m[91m _____________________________^[0m
#21 106.1 [1m[94m353[0m [1m[94m|[0m [1m[91m|[0m             r#"SELECT COUNT(*) AS "count!" FROM events WHERE sender = $1 AND event_type = 'm.room.message' AND is_redacted = false"#,
#21 106.1 [1m[94m354[0m [1m[94m|[0m [1m[91m|[0m             &user.user_id,
#21 106.1 [1m[94m...[0m   [1m[91m|[0m
#21 106.1 [1m[94m357[0m [1m[94m|[0m [1m[91m|[0m         .await
#21 106.1     [1m[94m|[0m [1m[91m|______________^[0m [1m[91mcannot infer type[0m
#21 106.1 
#21 106.3 [1m[91merror[E0282][0m[1m: type annotations needed for `Result<_, _>`[0m
#21 106.3    [1m[94m--> [0msrc/services/admin_user_service.rs:390:17
#21 106.3     [1m[94m|[0m
#21 106.3 [1m[94m390[0m [1m[94m|[0m             let result = sqlx::query!(
#21 106.3     [1m[94m|[0m                 [1m[91m^^^^^^[0m
#21 106.3 [1m[94m...[0m
#21 106.3 [1m[94m408[0m [1m[94m|[0m                 Ok(result) if result.rows_affected() > 0 => succeeded.push(username.clone()),
#21 106.3     [1m[94m|[0m                               [1m[94m------[0m [1m[94mtype must be known at this point[0m
#21 106.3     [1m[94m|[0m
#21 106.3 [1m[96mhelp[0m: consider giving `result` an explicit type, where the placeholders `_` are specified
#21 106.3     [1m[94m|[0m
#21 106.3 [1m[94m390[0m [1m[94m| [0m            let result[92m: Result<_, E>[0m = sqlx::query!(
#21 106.3     [1m[94m|[0m                       [92m++++++++++++++[0m
#21 106.3 
#21 106.6 [1m[91merror[E0282][0m[1m: type annotations needed[0m
#21 106.6   [1m[94m--> [0msrc/services/client_push_service.rs:41:23
#21 106.6    [1m[94m|[0m
#21 106.6 [1m[94m41[0m [1m[94m|[0m   [1m[94m...[0m   let pushers = sqlx::query!(
#21 106.6    [1m[94m|[0m [1m[91m _____________________^[0m
#21 106.6 [1m[94m42[0m [1m[94m|[0m [1m[91m|[0m [1m[94m...[0m       r#"
#21 106.6 [1m[94m43[0m [1m[94m|[0m [1m[91m|[0m [1m[94m...[0m       SELECT pushkey AS "pushkey!", kind AS "kind!", app_id AS "app_id!", app_display_name AS "app_display_name!", device_display_nam[1m[94m...[0m
#21 106.6 [1m[94m44[0m [1m[94m|[0m [1m[91m|[0m [1m[94m...[0m              profile_tag AS "profile_tag?", lang AS "lang!", data AS "data"
#21 106.6 [1m[94m...[0m  [1m[91m|[0m
#21 106.6 [1m[94m52[0m [1m[94m|[0m [1m[91m|[0m [1m[94m...[0m   .fetch_all(&*self.pool)
#21 106.6 [1m[94m53[0m [1m[94m|[0m [1m[91m|[0m [1m[94m...[0m   .await
#21 106.6    [1m[94m|[0m [1m[91m|____________^[0m [1m[91mcannot infer type[0m
#21 106.6 
#21 106.6 [1m[91merror[E0282][0m[1m: type annotations needed[0m
#21 106.6    [1m[94m--> [0msrc/services/client_push_service.rs:118:9
#21 106.6     [1m[94m|[0m
#21 106.6 [1m[94m118[0m [1m[94m|[0m [1m[91m/[0m         sqlx::query_scalar!(r#"SELECT content AS "content!" FROM account_data WHERE user_id = $1 AND data_type = 'm.push_rules'"#, user_id)
#21 106.6 [1m[94m119[0m [1m[94m|[0m [1m[91m|[0m             .fetch_optional(&*self.pool)
#21 106.6 [1m[94m120[0m [1m[94m|[0m [1m[91m|[0m             .await
#21 106.6     [1m[94m|[0m [1m[91m|__________________^[0m [1m[91mcannot infer type[0m
#21 106.6 
#21 106.6 [1m[91merror[E0282][0m[1m: type annotations needed[0m
#21 106.6    [1m[94m--> [0msrc/services/client_push_service.rs:125:21
#21 106.6     [1m[94m|[0m
#21 106.6 [1m[94m125[0m [1m[94m|[0m   [1m[94m...[0m   let rules = sqlx::query!(
#21 106.6     [1m[94m|[0m [1m[91m ___________________^[0m
#21 106.6 [1m[94m126[0m [1m[94m|[0m [1m[91m|[0m [1m[94m...[0m       r#"
#21 106.6 [1m[94m127[0m [1m[94m|[0m [1m[91m|[0m [1m[94m...[0m       SELECT rule_id AS "rule_id!", pattern AS "pattern?", conditions AS "conditions", actions AS "actions", is_enabled AS "is_enable[1m[94m...[0m
#21 106.6 [1m[94m128[0m [1m[94m|[0m [1m[91m|[0m [1m[94m...[0m       FROM push_rules
#21 106.6 [1m[94m...[0m   [1m[91m|[0m
#21 106.6 [1m[94m136[0m [1m[94m|[0m [1m[91m|[0m [1m[94m...[0m   .fetch_all(&*self.pool)
#21 106.6 [1m[94m137[0m [1m[94m|[0m [1m[91m|[0m [1m[94m...[0m   .await
#21 106.6     [1m[94m|[0m [1m[91m|____________^[0m [1m[91mcannot infer type[0m
#21 106.6 
#21 106.6 [1m[91merror[E0282][0m[1m: type annotations needed[0m
#21 106.6    [1m[94m--> [0msrc/services/client_push_service.rs:157:9
#21 106.6     [1m[94m|[0m
#21 106.6 [1m[94m157[0m [1m[94m|[0m [1m[91m/[0m [1m[94m...[0m   sqlx::query!(
#21 106.6 [1m[94m158[0m [1m[94m|[0m [1m[91m|[0m [1m[94m...[0m       r"
#21 106.6 [1m[94m159[0m [1m[94m|[0m [1m[91m|[0m [1m[94m...[0m       INSERT INTO push_rules (user_id, scope, kind, rule_id, pattern, conditions, actions, is_enabled, is_default, priority_class, cr[1m[94m...[0m
#21 106.6 [1m[94m160[0m [1m[94m|[0m [1m[91m|[0m [1m[94m...[0m       VALUES ($1, $2, $3, $4, $5, $6, $7, true, false, 5, $8)
#21 106.6 [1m[94m...[0m   [1m[91m|[0m
#21 106.6 [1m[94m173[0m [1m[94m|[0m [1m[91m|[0m [1m[94m...[0m   .execute(&*self.pool)
#21 106.6 [1m[94m174[0m [1m[94m|[0m [1m[91m|[0m [1m[94m...[0m   .await
#21 106.6     [1m[94m|[0m [1m[91m|____________^[0m [1m[91mcannot infer type[0m
#21 106.6 
#21 106.7 [1m[91merror[E0282][0m[1m: type annotations needed[0m
#21 106.7    [1m[94m--> [0msrc/services/client_push_service.rs:264:29
#21 106.7     [1m[94m|[0m
#21 106.7 [1m[94m264[0m [1m[94m|[0m   [1m[94m...[0m   let notifications = sqlx::query!(
#21 106.7     [1m[94m|[0m [1m[91m ___________________________^[0m
#21 106.7 [1m[94m265[0m [1m[94m|[0m [1m[91m|[0m [1m[94m...[0m       r#"
#21 106.7 [1m[94m266[0m [1m[94m|[0m [1m[91m|[0m [1m[94m...[0m       SELECT id AS "id!", event_id AS "event_id?", room_id AS "room_id?", ts AS "ts?", notification_type AS "notification_type?", is_[1m[94m...[0m
#21 106.7 [1m[94m267[0m [1m[94m|[0m [1m[91m|[0m [1m[94m...[0m       FROM notifications
#21 106.7 [1m[94m...[0m   [1m[91m|[0m
#21 106.7 [1m[94m275[0m [1m[94m|[0m [1m[91m|[0m [1m[94m...[0m   .fetch_all(&*self.pool)
#21 106.7 [1m[94m276[0m [1m[94m|[0m [1m[91m|[0m [1m[94m...[0m   .await
#21 106.7     [1m[94m|[0m [1m[91m|____________^[0m [1m[91mcannot infer type[0m
#21 106.7 
#21 108.8 [1m[91merror[E0282][0m[1m: type annotations needed[0m
#21 108.8     [1m[94m--> [0msrc/services/room/service.rs:1331:21
#21 108.8      [1m[94m|[0m
#21 108.8 [1m[94m1331[0m [1m[94m|[0m           let rooms = sqlx::query!(
#21 108.8      [1m[94m|[0m [1m[91m _____________________^[0m
#21 108.8 [1m[94m1332[0m [1m[94m|[0m [1m[91m|[0m             r#"
#21 108.8 [1m[94m1333[0m [1m[94m|[0m [1m[91m|[0m             SELECT rm.room_id AS "room_id!", rm.membership AS "membership!",
#21 108.8 [1m[94m1334[0m [1m[94m|[0m [1m[91m|[0m                    COALESCE(r.name, '') AS "name!",
#21 108.8 [1m[94m...[0m    [1m[91m|[0m
#21 108.8 [1m[94m1344[0m [1m[94m|[0m [1m[91m|[0m         .fetch_all(&*self.room_storage.pool)
#21 108.8 [1m[94m1345[0m [1m[94m|[0m [1m[91m|[0m         .await
#21 108.8      [1m[94m|[0m [1m[91m|______________^[0m [1m[91mcannot infer type[0m
#21 108.8 
#21 109.6 [1m[91merror[E0282][0m[1m: type annotations needed[0m
#21 109.6     [1m[94m--> [0msrc/services/search_service.rs:1130:20
#21 109.6      [1m[94m|[0m
#21 109.6 [1m[94m1130[0m [1m[94m|[0m   [1m[94m...[0m   let rows = sqlx::query!(
#21 109.6      [1m[94m|[0m [1m[91m __________________^[0m
#21 109.6 [1m[94m1131[0m [1m[94m|[0m [1m[91m|[0m [1m[94m...[0m       r#"
#21 109.6 [1m[94m1132[0m [1m[94m|[0m [1m[91m|[0m [1m[94m...[0m       SELECT event_id AS "event_id!", room_id AS "room_id!", sender AS "sender!", event_type AS "event_type!", content AS "content!",[1m[94m...[0m
#21 109.6 [1m[94m1133[0m [1m[94m|[0m [1m[91m|[0m [1m[94m...[0m       FROM events
#21 109.6 [1m[94m...[0m    [1m[91m|[0m
#21 109.6 [1m[94m1144[0m [1m[94m|[0m [1m[91m|[0m [1m[94m...[0m   .fetch_all(pool)
#21 109.6 [1m[94m1145[0m [1m[94m|[0m [1m[91m|[0m [1m[94m...[0m   .await
#21 109.6      [1m[94m|[0m [1m[91m|____________^[0m [1m[91mcannot infer type[0m
#21 109.6 
#21 118.0 [1m[91merror[E0282][0m[1m: type annotations needed[0m
#21 118.0    [1m[94m--> [0msrc/storage/openclaw.rs:580:13
#21 118.0     [1m[94m|[0m
#21 118.0 [1m[94m580[0m [1m[94m|[0m         let messages = match from {
#21 118.0     [1m[94m|[0m             [1m[91m^^^^^^^^[0m
#21 118.0 [1m[94m...[0m
#21 118.0 [1m[94m618[0m [1m[94m|[0m         let next_batch = if messages.len() > limit as usize {
#21 118.0     [1m[94m|[0m                             [1m[94m--------[0m [1m[94mtype must be known at this point[0m
#21 118.0     [1m[94m|[0m
#21 118.0 [1m[96mhelp[0m: consider giving `messages` an explicit type
#21 118.0     [1m[94m|[0m
#21 118.0 [1m[94m580[0m [1m[94m| [0m        let messages[92m: /* Type */[0m = match from {
#21 118.0     [1m[94m|[0m                     [92m++++++++++++[0m
#21 118.0 
#21 118.4 [1m[91merror[E0282][0m[1m: type annotations needed[0m
#21 118.4    [1m[94m--> [0msrc/storage/voice.rs:121:13
#21 118.4     [1m[94m|[0m
#21 118.4 [1m[94m121[0m [1m[94m|[0m         let result =
#21 118.4     [1m[94m|[0m             [1m[91m^^^^^^[0m
#21 118.4 [1m[94m122[0m [1m[94m|[0m             sqlx::query!("DELETE FROM voice_usage_stats WHERE user_id = $1", user_id).execute(&*self.pool).await?;
#21 118.4 [1m[94m123[0m [1m[94m|[0m         Ok(result.rows_affected())
#21 118.4     [1m[94m|[0m            [1m[94m------[0m [1m[94mtype must be known at this point[0m
#21 118.4     [1m[94m|[0m
#21 118.4 [1m[96mhelp[0m: consider giving `result` an explicit type
#21 118.4     [1m[94m|[0m
#21 118.4 [1m[94m121[0m [1m[94m| [0m        let result[92m: /* Type */[0m =
#21 118.4     [1m[94m|[0m                   [92m++++++++++++[0m
#21 118.4 
#21 118.4 [1m[91merror[E0282][0m[1m: type annotations needed[0m
#21 118.4    [1m[94m--> [0msrc/storage/voice.rs:127:13
#21 118.4     [1m[94m|[0m
#21 118.4 [1m[94m127[0m [1m[94m|[0m         let result =
#21 118.4     [1m[94m|[0m             [1m[91m^^^^^^[0m
#21 118.4 [1m[94m128[0m [1m[94m|[0m             sqlx::query!("DELETE FROM voice_usage_stats WHERE room_id = $1", room_id).execute(&*self.pool).await?;
#21 118.4 [1m[94m129[0m [1m[94m|[0m         Ok(result.rows_affected())
#21 118.4     [1m[94m|[0m            [1m[94m------[0m [1m[94mtype must be known at this point[0m
#21 118.4     [1m[94m|[0m
#21 118.4 [1m[96mhelp[0m: consider giving `result` an explicit type
#21 118.4     [1m[94m|[0m
#21 118.4 [1m[94m127[0m [1m[94m| [0m        let result[92m: /* Type */[0m =
#21 118.4     [1m[94m|[0m                   [92m++++++++++++[0m
#21 118.4 
#21 118.4 [1m[91merror[E0282][0m[1m: type annotations needed[0m
#21 118.4    [1m[94m--> [0msrc/storage/saml.rs:275:19
#21 118.4     [1m[94m|[0m
#21 118.4 [1m[94m275[0m [1m[94m|[0m           let row = sqlx::query_as!(
#21 118.4     [1m[94m|[0m [1m[91m ___________________^[0m
#21 118.4 [1m[94m276[0m [1m[94m|[0m [1m[91m|[0m             SamlSession,
#21 118.4 [1m[94m277[0m [1m[94m|[0m [1m[91m|[0m             r#"
#21 118.4 [1m[94m278[0m [1m[94m|[0m [1m[91m|[0m             INSERT INTO saml_sessions (
#21 118.4 [1m[94m...[0m   [1m[91m|[0m
#21 118.4 [1m[94m300[0m [1m[94m|[0m [1m[91m|[0m         .fetch_one(&*self.pool)
#21 118.4 [1m[94m301[0m [1m[94m|[0m [1m[91m|[0m         .await
#21 118.4     [1m[94m|[0m [1m[91m|______________^[0m [1m[91mcannot infer type[0m
#21 118.4 
#21 118.4 [1m[91merror[E0282][0m[1m: type annotations needed[0m
#21 118.4    [1m[94m--> [0msrc/storage/saml.rs:309:19
#21 118.4     [1m[94m|[0m
#21 118.4 [1m[94m309[0m [1m[94m|[0m           let row = sqlx::query_as!(
#21 118.4     [1m[94m|[0m [1m[91m ___________________^[0m
#21 118.4 [1m[94m310[0m [1m[94m|[0m [1m[91m|[0m             SamlSession,
#21 118.4 [1m[94m311[0m [1m[94m|[0m [1m[91m|[0m             r#"SELECT id as "id!", session_id as "session_id!", user_id as "user_id!",
#21 118.4 [1m[94m312[0m [1m[94m|[0m [1m[91m|[0m                 COALESCE(name_id, '') as "name_id!",
#21 118.4 [1m[94m...[0m   [1m[91m|[0m
#21 118.4 [1m[94m321[0m [1m[94m|[0m [1m[91m|[0m         .fetch_optional(&*self.pool)
#21 118.4 [1m[94m322[0m [1m[94m|[0m [1m[91m|[0m         .await
#21 118.4     [1m[94m|[0m [1m[91m|______________^[0m [1m[91mcannot infer type[0m
#21 118.4 
#21 118.4 [1m[91merror[E0282][0m[1m: type annotations needed[0m
#21 118.4    [1m[94m--> [0msrc/storage/saml.rs:330:19
#21 118.4     [1m[94m|[0m
#21 118.4 [1m[94m330[0m [1m[94m|[0m           let row = sqlx::query_as!(
#21 118.4     [1m[94m|[0m [1m[91m ___________________^[0m
#21 118.4 [1m[94m331[0m [1m[94m|[0m [1m[91m|[0m             SamlSession,
#21 118.4 [1m[94m332[0m [1m[94m|[0m [1m[91m|[0m             r#"
#21 118.4 [1m[94m333[0m [1m[94m|[0m [1m[91m|[0m             SELECT id as "id!", session_id as "session_id!", user_id as "user_id!",
#21 118.4 [1m[94m...[0m   [1m[91m|[0m
#21 118.4 [1m[94m348[0m [1m[94m|[0m [1m[91m|[0m         .fetch_optional(&*self.pool)
#21 118.4 [1m[94m349[0m [1m[94m|[0m [1m[91m|[0m         .await
#21 118.4     [1m[94m|[0m [1m[91m|______________^[0m [1m[91mcannot infer type[0m
#21 118.4 
#21 118.4 [1m[91merror[E0282][0m[1m: type annotations needed[0m
#21 118.4    [1m[94m--> [0msrc/storage/saml.rs:356:9
#21 118.4     [1m[94m|[0m
#21 118.4 [1m[94m356[0m [1m[94m|[0m [1m[91m/[0m         sqlx::query!(
#21 118.4 [1m[94m357[0m [1m[94m|[0m [1m[91m|[0m             "UPDATE saml_sessions SET last_used_ts = (EXTRACT(EPOCH FROM NOW())::BIGINT * 1000) WHERE session_id = $1",
#21 118.4 [1m[94m358[0m [1m[94m|[0m [1m[91m|[0m             session_id
#21 118.4 [1m[94m...[0m   [1m[91m|[0m
#21 118.4 [1m[94m361[0m [1m[94m|[0m [1m[91m|[0m         .await
#21 118.4     [1m[94m|[0m [1m[91m|______________^[0m [1m[91mcannot infer type[0m
#21 118.4 
#21 118.4 [1m[91merror[E0282][0m[1m: type annotations needed[0m
#21 118.4    [1m[94m--> [0msrc/storage/saml.rs:368:9
#21 118.4     [1m[94m|[0m
#21 118.4 [1m[94m368[0m [1m[94m|[0m [1m[91m/[0m         sqlx::query!("UPDATE saml_sessions SET status = 'invalidated' WHERE session_id = $1", session_id)
#21 118.4 [1m[94m369[0m [1m[94m|[0m [1m[91m|[0m             .execute(&*self.pool)
#21 118.4 [1m[94m370[0m [1m[94m|[0m [1m[91m|[0m             .await
#21 118.4     [1m[94m|[0m [1m[91m|__________________^[0m [1m[91mcannot infer type[0m
#21 118.4 
#21 118.4 [1m[91merror[E0282][0m[1m: type annotations needed[0m
#21 118.4    [1m[94m--> [0msrc/storage/saml.rs:379:22
#21 118.4     [1m[94m|[0m
#21 118.4 [1m[94m379[0m [1m[94m|[0m           let result = sqlx::query!("DELETE FROM saml_sessions WHERE expires_at < $1 OR status = 'invalidated'", now)
#21 118.4     [1m[94m|[0m [1m[91m ______________________^[0m
#21 118.4 [1m[94m380[0m [1m[94m|[0m [1m[91m|[0m             .execute(&*self.pool)
#21 118.4 [1m[94m381[0m [1m[94m|[0m [1m[91m|[0m             .await
#21 118.4     [1m[94m|[0m [1m[91m|__________________^[0m [1m[91mcannot infer type[0m
#21 118.4 
#21 118.4 [1m[91merror[E0282][0m[1m: type annotations needed[0m
#21 118.4    [1m[94m--> [0msrc/storage/saml.rs:398:19
#21 118.4     [1m[94m|[0m
#21 118.4 [1m[94m398[0m [1m[94m|[0m           let row = sqlx::query_as!(
#21 118.4     [1m[94m|[0m [1m[91m ___________________^[0m
#21 118.4 [1m[94m399[0m [1m[94m|[0m [1m[91m|[0m             SamlUserMapping,
#21 118.4 [1m[94m400[0m [1m[94m|[0m [1m[91m|[0m             r#"
#21 118.4 [1m[94m401[0m [1m[94m|[0m [1m[91m|[0m             INSERT INTO saml_user_mapping (
#21 118.4 [1m[94m...[0m   [1m[91m|[0m
#21 118.4 [1m[94m420[0m [1m[94m|[0m [1m[91m|[0m         .fetch_one(&*self.pool)
#21 118.4 [1m[94m421[0m [1m[94m|[0m [1m[91m|[0m         .await
#21 118.4     [1m[94m|[0m [1m[91m|______________^[0m [1m[91mcannot infer type[0m
#21 118.4 
#21 118.4 [1m[91merror[E0282][0m[1m: type annotations needed[0m
#21 118.4    [1m[94m--> [0msrc/storage/saml.rs:433:19
#21 118.4     [1m[94m|[0m
#21 118.4 [1m[94m433[0m [1m[94m|[0m   [1m[94m...[0m   let row = sqlx::query_as!(
#21 118.4     [1m[94m|[0m [1m[91m _________________^[0m
#21 118.4 [1m[94m434[0m [1m[94m|[0m [1m[91m|[0m [1m[94m...[0m       SamlUserMapping,
#21 118.4 [1m[94m435[0m [1m[94m|[0m [1m[91m|[0m [1m[94m...[0m       r#"SELECT id as "id!", name_id as "name_id!", user_id as "user_id!", issuer as "issuer!", first_seen_ts as "first_seen_ts!", la[1m[94m...[0m
#21 118.4 [1m[94m436[0m [1m[94m|[0m [1m[91m|[0m [1m[94m...[0m           COALESCE(authentication_count, 1) as "authentication_count!",
#21 118.4 [1m[94m...[0m   [1m[91m|[0m
#21 118.4 [1m[94m442[0m [1m[94m|[0m [1m[91m|[0m [1m[94m...[0m   .fetch_optional(&*self.pool)
#21 118.4 [1m[94m443[0m [1m[94m|[0m [1m[91m|[0m [1m[94m...[0m   .await
#21 118.4     [1m[94m|[0m [1m[91m|____________^[0m [1m[91mcannot infer type[0m
#21 118.4 
#21 118.4 [1m[91merror[E0282][0m[1m: type annotations needed[0m
#21 118.4    [1m[94m--> [0msrc/storage/saml.rs:450:19
#21 118.4     [1m[94m|[0m
#21 118.4 [1m[94m450[0m [1m[94m|[0m   [1m[94m...[0m   let row = sqlx::query_as!(
#21 118.4     [1m[94m|[0m [1m[91m _________________^[0m
#21 118.4 [1m[94m451[0m [1m[94m|[0m [1m[91m|[0m [1m[94m...[0m       SamlUserMapping,
#21 118.4 [1m[94m452[0m [1m[94m|[0m [1m[91m|[0m [1m[94m...[0m       r#"SELECT id as "id!", name_id as "name_id!", user_id as "user_id!", issuer as "issuer!", first_seen_ts as "first_seen_ts!", la[1m[94m...[0m
#21 118.4 [1m[94m453[0m [1m[94m|[0m [1m[91m|[0m [1m[94m...[0m           COALESCE(authentication_count, 1) as "authentication_count!",
#21 118.4 [1m[94m...[0m   [1m[91m|[0m
#21 118.4 [1m[94m458[0m [1m[94m|[0m [1m[91m|[0m [1m[94m...[0m   .fetch_optional(&*self.pool)
#21 118.4 [1m[94m459[0m [1m[94m|[0m [1m[91m|[0m [1m[94m...[0m   .await
#21 118.4     [1m[94m|[0m [1m[91m|____________^[0m [1m[91mcannot infer type[0m
#21 118.4 
#21 118.4 [1m[91merror[E0282][0m[1m: type annotations needed[0m
#21 118.4    [1m[94m--> [0msrc/storage/saml.rs:466:9
#21 118.4     [1m[94m|[0m
#21 118.4 [1m[94m466[0m [1m[94m|[0m [1m[91m/[0m         sqlx::query!("DELETE FROM saml_user_mapping WHERE name_id = $1 AND issuer = $2", name_id, issuer)
#21 118.4 [1m[94m467[0m [1m[94m|[0m [1m[91m|[0m             .execute(&*self.pool)
#21 118.4 [1m[94m468[0m [1m[94m|[0m [1m[91m|[0m             .await
#21 118.4     [1m[94m|[0m [1m[91m|__________________^[0m [1m[91mcannot infer type[0m
#21 118.4 
#21 118.4 [1m[91merror[E0282][0m[1m: type annotations needed[0m
#21 118.4    [1m[94m--> [0msrc/storage/saml.rs:482:20
#21 118.4     [1m[94m|[0m
#21 118.4 [1m[94m482[0m [1m[94m|[0m           let rows = if let Some(cursor) = after {
#21 118.4     [1m[94m|[0m [1m[91m ____________________^[0m
#21 118.4 [1m[94m483[0m [1m[94m|[0m [1m[91m|[0m             sqlx::query_as!(
#21 118.4 [1m[94m484[0m [1m[94m|[0m [1m[91m|[0m                 SamlUserMapping,
#21 118.4 [1m[94m485[0m [1m[94m|[0m [1m[91m|[0m                 r#"
#21 118.4 [1m[94m...[0m   [1m[91m|[0m
#21 118.4 [1m[94m513[0m [1m[94m|[0m [1m[91m|[0m             .await
#21 118.4 [1m[94m514[0m [1m[94m|[0m [1m[91m|[0m         }
#21 118.4     [1m[94m|[0m [1m[91m|_________^[0m [1m[91mcannot infer type[0m
#21 118.4 
#21 118.4 [1m[91merror[E0282][0m[1m: type annotations needed[0m
#21 118.4    [1m[94m--> [0msrc/storage/saml.rs:528:19
#21 118.4     [1m[94m|[0m
#21 118.4 [1m[94m528[0m [1m[94m|[0m   [1m[94m...[0m   let row = sqlx::query_as!(
#21 118.4     [1m[94m|[0m [1m[91m _________________^[0m
#21 118.4 [1m[94m529[0m [1m[94m|[0m [1m[91m|[0m [1m[94m...[0m       SamlUserMapping,
#21 118.4 [1m[94m530[0m [1m[94m|[0m [1m[91m|[0m [1m[94m...[0m       r#"
#21 118.4 [1m[94m531[0m [1m[94m|[0m [1m[91m|[0m [1m[94m...[0m       SELECT id as "id!", name_id as "name_id!", user_id as "user_id!", issuer as "issuer!", first_seen_ts as "first_seen_ts!", last_[1m[94m...[0m
#21 118.4 [1m[94m...[0m   [1m[91m|[0m
#21 118.4 [1m[94m541[0m [1m[94m|[0m [1m[91m|[0m [1m[94m...[0m   .fetch_optional(&*self.pool)
#21 118.4 [1m[94m542[0m [1m[94m|[0m [1m[91m|[0m [1m[94m...[0m   .await
#21 118.4     [1m[94m|[0m [1m[91m|____________^[0m [1m[91mcannot infer type[0m
#21 118.4 
#21 118.4 [1m[91merror[E0282][0m[1m: type annotations needed[0m
#21 118.4    [1m[94m--> [0msrc/storage/saml.rs:567:19
#21 118.4     [1m[94m|[0m
#21 118.4 [1m[94m567[0m [1m[94m|[0m           let row = sqlx::query_as!(
#21 118.4     [1m[94m|[0m [1m[91m ___________________^[0m
#21 118.4 [1m[94m568[0m [1m[94m|[0m [1m[91m|[0m             SamlUserMapping,
#21 118.4 [1m[94m569[0m [1m[94m|[0m [1m[91m|[0m             r#"
#21 118.4 [1m[94m570[0m [1m[94m|[0m [1m[91m|[0m             UPDATE saml_user_mapping
#21 118.4 [1m[94m...[0m   [1m[91m|[0m
#21 118.4 [1m[94m582[0m [1m[94m|[0m [1m[91m|[0m         .fetch_optional(&*self.pool)
#21 118.4 [1m[94m583[0m [1m[94m|[0m [1m[91m|[0m         .await
#21 118.4     [1m[94m|[0m [1m[91m|______________^[0m [1m[91mcannot infer type[0m
#21 118.4 
#21 118.4 [1m[91merror[E0282][0m[1m: type annotations needed[0m
#21 118.4    [1m[94m--> [0msrc/storage/saml.rs:596:22
#21 118.4     [1m[94m|[0m
#21 118.4 [1m[94m596[0m [1m[94m|[0m           let result = sqlx::query!("DELETE FROM saml_user_mapping WHERE name_id = $1", name_id)
#21 118.4     [1m[94m|[0m [1m[91m ______________________^[0m
#21 118.4 [1m[94m597[0m [1m[94m|[0m [1m[91m|[0m             .execute(&*self.pool)
#21 118.4 [1m[94m598[0m [1m[94m|[0m [1m[91m|[0m             .await
#21 118.4     [1m[94m|[0m [1m[91m|__________________^[0m [1m[91mcannot infer type[0m
#21 118.4 
#21 118.4 [1m[91merror[E0282][0m[1m: type annotations needed[0m
#21 118.4    [1m[94m--> [0msrc/storage/saml.rs:615:19
#21 118.4     [1m[94m|[0m
#21 118.4 [1m[94m615[0m [1m[94m|[0m           let row = sqlx::query_as!(
#21 118.4     [1m[94m|[0m [1m[91m ___________________^[0m
#21 118.4 [1m[94m616[0m [1m[94m|[0m [1m[91m|[0m             SamlIdentityProvider,
#21 118.4 [1m[94m617[0m [1m[94m|[0m [1m[91m|[0m             r#"
#21 118.4 [1m[94m618[0m [1m[94m|[0m [1m[91m|[0m             INSERT INTO saml_identity_providers (
#21 118.4 [1m[94m...[0m   [1m[91m|[0m
#21 118.4 [1m[94m648[0m [1m[94m|[0m [1m[91m|[0m         .fetch_one(&*self.pool)
#21 118.4 [1m[94m649[0m [1m[94m|[0m [1m[91m|[0m         .await
#21 118.4     [1m[94m|[0m [1m[91m|______________^[0m [1m[91mcannot infer type[0m
#21 118.4 
#21 118.4 [1m[91merror[E0282][0m[1m: type annotations needed[0m
#21 118.4    [1m[94m--> [0msrc/storage/saml.rs:657:19
#21 118.4     [1m[94m|[0m
#21 118.4 [1m[94m657[0m [1m[94m|[0m           let row = sqlx::query_as!(
#21 118.4     [1m[94m|[0m [1m[91m ___________________^[0m
#21 118.4 [1m[94m658[0m [1m[94m|[0m [1m[91m|[0m             SamlIdentityProvider,
#21 118.4 [1m[94m659[0m [1m[94m|[0m [1m[91m|[0m             r#"SELECT id as "id!", entity_id as "entity_id!", display_name, description, metadata_url, metadata_xml,
#21 118.4 [1m[94m660[0m [1m[94m|[0m [1m[91m|[0m                     is_enabled as "is_enabled!", priority as "priority!", attribute_mapping as "attribute_mapping!",
#21 118.4 [1m[94m...[0m   [1m[91m|[0m
#21 118.4 [1m[94m667[0m [1m[94m|[0m [1m[91m|[0m         .fetch_optional(&*self.pool)
#21 118.4 [1m[94m668[0m [1m[94m|[0m [1m[91m|[0m         .await
#21 118.4     [1m[94m|[0m [1m[91m|______________^[0m [1m[91mcannot infer type[0m
#21 118.4 
#21 118.4 [1m[91merror[E0282][0m[1m: type annotations needed[0m
#21 118.4    [1m[94m--> [0msrc/storage/saml.rs:675:20
#21 118.4     [1m[94m|[0m
#21 118.4 [1m[94m675[0m [1m[94m|[0m           let rows = sqlx::query_as!(
#21 118.4     [1m[94m|[0m [1m[91m ____________________^[0m
#21 118.4 [1m[94m676[0m [1m[94m|[0m [1m[91m|[0m             SamlIdentityProvider,
#21 118.4 [1m[94m677[0m [1m[94m|[0m [1m[91m|[0m             r#"SELECT id as "id!", entity_id as "entity_id!", display_name, description, metadata_url, metadata_xml,
#21 118.4 [1m[94m678[0m [1m[94m|[0m [1m[91m|[0m                     is_enabled as "is_enabled!", priority as "priority!", attribute_mapping as "attribute_mapping!",
#21 118.4 [1m[94m...[0m   [1m[91m|[0m
#21 118.4 [1m[94m684[0m [1m[94m|[0m [1m[91m|[0m         .fetch_all(&*self.pool)
#21 118.4 [1m[94m685[0m [1m[94m|[0m [1m[91m|[0m         .await
#21 118.4     [1m[94m|[0m [1m[91m|______________^[0m [1m[91mcannot infer type[0m
#21 118.4 
#21 118.4 [1m[91merror[E0282][0m[1m: type annotations needed[0m
#21 118.4    [1m[94m--> [0msrc/storage/saml.rs:692:20
#21 118.4     [1m[94m|[0m
#21 118.4 [1m[94m692[0m [1m[94m|[0m           let rows = sqlx::query_as!(
#21 118.4     [1m[94m|[0m [1m[91m ____________________^[0m
#21 118.4 [1m[94m693[0m [1m[94m|[0m [1m[91m|[0m             SamlIdentityProvider,
#21 118.4 [1m[94m694[0m [1m[94m|[0m [1m[91m|[0m             r#"SELECT id as "id!", entity_id as "entity_id!", display_name, description, metadata_url, metadata_xml,
#21 118.4 [1m[94m695[0m [1m[94m|[0m [1m[91m|[0m                 is_enabled as "is_enabled!", priority as "priority!", attribute_mapping as "attribute_mapping!",
#21 118.4 [1m[94m...[0m   [1m[91m|[0m
#21 118.4 [1m[94m701[0m [1m[94m|[0m [1m[91m|[0m         .fetch_all(&*self.pool)
#21 118.4 [1m[94m702[0m [1m[94m|[0m [1m[91m|[0m         .await
#21 118.4     [1m[94m|[0m [1m[91m|______________^[0m [1m[91mcannot infer type[0m
#21 118.4 
#21 118.4 [1m[91merror[E0282][0m[1m: type annotations needed[0m
#21 118.4    [1m[94m--> [0msrc/storage/saml.rs:715:9
#21 118.4     [1m[94m|[0m
#21 118.4 [1m[94m715[0m [1m[94m|[0m [1m[91m/[0m         sqlx::query!(
#21 118.4 [1m[94m716[0m [1m[94m|[0m [1m[91m|[0m             r#"
#21 118.4 [1m[94m717[0m [1m[94m|[0m [1m[91m|[0m             UPDATE saml_identity_providers
#21 118.4 [1m[94m718[0m [1m[94m|[0m [1m[91m|[0m             SET metadata_xml = $1,
#21 118.4 [1m[94m...[0m   [1m[91m|[0m
#21 118.4 [1m[94m729[0m [1m[94m|[0m [1m[91m|[0m         .execute(&*self.pool)
#21 118.4 [1m[94m730[0m [1m[94m|[0m [1m[91m|[0m         .await
#21 118.4     [1m[94m|[0m [1m[91m|______________^[0m [1m[91mcannot infer type[0m
#21 118.4 
#21 118.4 [1m[91merror[E0282][0m[1m: type annotations needed[0m
#21 118.4    [1m[94m--> [0msrc/storage/saml.rs:738:9
#21 118.4     [1m[94m|[0m
#21 118.4 [1m[94m738[0m [1m[94m|[0m [1m[91m/[0m         sqlx::query!("DELETE FROM saml_identity_providers WHERE entity_id = $1", entity_id)
#21 118.4 [1m[94m739[0m [1m[94m|[0m [1m[91m|[0m             .execute(&*self.pool)
#21 118.4 [1m[94m740[0m [1m[94m|[0m [1m[91m|[0m             .await
#21 118.4     [1m[94m|[0m [1m[91m|__________________^[0m [1m[91mcannot infer type[0m
#21 118.4 
#21 118.4 [1m[91merror[E0282][0m[1m: type annotations needed[0m
#21 118.4    [1m[94m--> [0msrc/storage/saml.rs:751:19
#21 118.4     [1m[94m|[0m
#21 118.4 [1m[94m751[0m [1m[94m|[0m           let row = sqlx::query_as!(
#21 118.4     [1m[94m|[0m [1m[91m ___________________^[0m
#21 118.4 [1m[94m752[0m [1m[94m|[0m [1m[91m|[0m             SamlAuthEvent,
#21 118.4 [1m[94m753[0m [1m[94m|[0m [1m[91m|[0m             r#"
#21 118.4 [1m[94m754[0m [1m[94m|[0m [1m[91m|[0m             INSERT INTO saml_auth_events (
#21 118.4 [1m[94m...[0m   [1m[91m|[0m
#21 118.4 [1m[94m778[0m [1m[94m|[0m [1m[91m|[0m         .fetch_one(&*self.pool)
#21 118.4 [1m[94m779[0m [1m[94m|[0m [1m[91m|[0m         .await
#21 118.4     [1m[94m|[0m [1m[91m|______________^[0m [1m[91mcannot infer type[0m
#21 118.4 
#21 118.4 [1m[91merror[E0282][0m[1m: type annotations needed[0m
#21 118.4    [1m[94m--> [0msrc/storage/saml.rs:787:20
#21 118.4     [1m[94m|[0m
#21 118.4 [1m[94m787[0m [1m[94m|[0m           let rows = sqlx::query_as!(
#21 118.4     [1m[94m|[0m [1m[91m ____________________^[0m
#21 118.4 [1m[94m788[0m [1m[94m|[0m [1m[91m|[0m             SamlAuthEvent,
#21 118.4 [1m[94m789[0m [1m[94m|[0m [1m[91m|[0m             r#"
#21 118.4 [1m[94m790[0m [1m[94m|[0m [1m[91m|[0m             SELECT id as "id!", session_id, user_id, name_id, issuer,
#21 118.4 [1m[94m...[0m   [1m[91m|[0m
#21 118.4 [1m[94m803[0m [1m[94m|[0m [1m[91m|[0m         .fetch_all(&*self.pool)
#21 118.4 [1m[94m804[0m [1m[94m|[0m [1m[91m|[0m         .await
#21 118.4     [1m[94m|[0m [1m[91m|______________^[0m [1m[91mcannot infer type[0m
#21 118.4 
#21 118.4 [1m[91merror[E0282][0m[1m: type annotations needed[0m
#21 118.4    [1m[94m--> [0msrc/storage/saml.rs:815:19
#21 118.4     [1m[94m|[0m
#21 118.4 [1m[94m815[0m [1m[94m|[0m           let row = sqlx::query_as!(
#21 118.4     [1m[94m|[0m [1m[91m ___________________^[0m
#21 118.4 [1m[94m816[0m [1m[94m|[0m [1m[91m|[0m             SamlLogoutRequest,
#21 118.4 [1m[94m817[0m [1m[94m|[0m [1m[91m|[0m             r#"
#21 118.4 [1m[94m818[0m [1m[94m|[0m [1m[91m|[0m             INSERT INTO saml_logout_requests (
#21 118.4 [1m[94m...[0m   [1m[91m|[0m
#21 118.4 [1m[94m834[0m [1m[94m|[0m [1m[91m|[0m         .fetch_one(&*self.pool)
#21 118.4 [1m[94m835[0m [1m[94m|[0m [1m[91m|[0m         .await
#21 118.4     [1m[94m|[0m [1m[91m|______________^[0m [1m[91mcannot infer type[0m
#21 118.4 
#21 118.4 [1m[91merror[E0282][0m[1m: type annotations needed[0m
#21 118.4    [1m[94m--> [0msrc/storage/saml.rs:843:19
#21 118.4     [1m[94m|[0m
#21 118.4 [1m[94m843[0m [1m[94m|[0m           let row = sqlx::query_as!(
#21 118.4     [1m[94m|[0m [1m[91m ___________________^[0m
#21 118.4 [1m[94m844[0m [1m[94m|[0m [1m[91m|[0m             SamlLogoutRequest,
#21 118.4 [1m[94m845[0m [1m[94m|[0m [1m[91m|[0m             r#"SELECT id as "id!", request_id as "request_id!", session_id, user_id, name_id, issuer,
#21 118.4 [1m[94m846[0m [1m[94m|[0m [1m[91m|[0m                 reason, status as "status!", created_ts as "created_ts!",
#21 118.4 [1m[94m...[0m   [1m[91m|[0m
#21 118.4 [1m[94m851[0m [1m[94m|[0m [1m[91m|[0m         .fetch_optional(&*self.pool)
#21 118.4 [1m[94m852[0m [1m[94m|[0m [1m[91m|[0m         .await
#21 118.4     [1m[94m|[0m [1m[91m|______________^[0m [1m[91mcannot infer type[0m
#21 118.4 
#21 118.4 [1m[91merror[E0282][0m[1m: type annotations needed[0m
#21 118.4    [1m[94m--> [0msrc/storage/saml.rs:860:9
#21 118.4     [1m[94m|[0m
#21 118.4 [1m[94m860[0m [1m[94m|[0m [1m[91m/[0m         sqlx::query!(
#21 118.4 [1m[94m861[0m [1m[94m|[0m [1m[91m|[0m             "UPDATE saml_logout_requests SET status = 'processed', processed_at = $2 WHERE request_id = $1",
#21 118.4 [1m[94m862[0m [1m[94m|[0m [1m[91m|[0m             request_id,
#21 118.4 [1m[94m863[0m [1m[94m|[0m [1m[91m|[0m             now_ts
#21 118.4 [1m[94m864[0m [1m[94m|[0m [1m[91m|[0m         )
#21 118.4 [1m[94m865[0m [1m[94m|[0m [1m[91m|[0m         .execute(&*self.pool)
#21 118.4 [1m[94m866[0m [1m[94m|[0m [1m[91m|[0m         .await
#21 118.4     [1m[94m|[0m [1m[91m|______________^[0m [1m[91mcannot infer type[0m
#21 118.4 
#21 118.4 [1m[91merror[E0282][0m[1m: type annotations needed[0m
#21 118.4    [1m[94m--> [0msrc/storage/saml.rs:874:22
#21 118.4     [1m[94m|[0m
#21 118.4 [1m[94m874[0m [1m[94m|[0m           let result = sqlx::query!(
#21 118.4     [1m[94m|[0m [1m[91m ______________________^[0m
#21 118.4 [1m[94m875[0m [1m[94m|[0m [1m[91m|[0m             "DELETE FROM saml_auth_events WHERE created_ts < (EXTRACT(EPOCH FROM NOW())::BIGINT * 1000) - $1::bigint * 86400000",
#21 118.4 [1m[94m876[0m [1m[94m|[0m [1m[91m|[0m             days
#21 118.4 [1m[94m...[0m   [1m[91m|[0m
#21 118.4 [1m[94m879[0m [1m[94m|[0m [1m[91m|[0m             .await
#21 118.4     [1m[94m|[0m [1m[91m|__________________^[0m [1m[91mcannot infer type[0m
#21 118.4 
#21 118.4 [1m[91merror[E0282][0m[1m: type annotations needed[0m
#21 118.4    [1m[94m--> [0msrc/storage/saml.rs:894:20
#21 118.4     [1m[94m|[0m
#21 118.4 [1m[94m894[0m [1m[94m|[0m           let rows = sqlx::query!(
#21 118.4     [1m[94m|[0m [1m[91m ____________________^[0m
#21 118.4 [1m[94m895[0m [1m[94m|[0m [1m[91m|[0m             r#"SELECT config_key as "config_key!", config_value as "config_value!" FROM saml_config_overrides"#
#21 118.4 [1m[94m896[0m [1m[94m|[0m [1m[91m|[0m         )
#21 118.4 [1m[94m897[0m [1m[94m|[0m [1m[91m|[0m         .fetch_all(&*self.pool)
#21 118.4 [1m[94m898[0m [1m[94m|[0m [1m[91m|[0m         .await
#21 118.4     [1m[94m|[0m [1m[91m|______________^[0m [1m[91mcannot infer type[0m
#21 118.4 
#21 118.4 [1m[91merror[E0282][0m[1m: type annotations needed[0m
#21 118.4    [1m[94m--> [0msrc/storage/saml.rs:914:9
#21 118.4     [1m[94m|[0m
#21 118.4 [1m[94m914[0m [1m[94m|[0m [1m[91m/[0m         sqlx::query!(
#21 118.4 [1m[94m915[0m [1m[94m|[0m [1m[91m|[0m             r#"
#21 118.4 [1m[94m916[0m [1m[94m|[0m [1m[91m|[0m             INSERT INTO saml_config_overrides (config_key, config_value, updated_ts)
#21 118.4 [1m[94m917[0m [1m[94m|[0m [1m[91m|[0m             VALUES ($1, $2, $3)
#21 118.4 [1m[94m...[0m   [1m[91m|[0m
#21 118.4 [1m[94m926[0m [1m[94m|[0m [1m[91m|[0m         .execute(&*self.pool)
#21 118.4 [1m[94m927[0m [1m[94m|[0m [1m[91m|[0m         .await
#21 118.4     [1m[94m|[0m [1m[91m|______________^[0m [1m[91mcannot infer type[0m
#21 118.4 
#21 118.4 [1m[91merror[E0282][0m[1m: type annotations needed[0m
#21 118.4    [1m[94m--> [0msrc/storage/saml.rs:937:9
#21 118.4     [1m[94m|[0m
#21 118.4 [1m[94m937[0m [1m[94m|[0m [1m[91m/[0m         sqlx::query!("DELETE FROM saml_config_overrides WHERE config_key = $1", key)
#21 118.4 [1m[94m938[0m [1m[94m|[0m [1m[91m|[0m             .execute(&*self.pool)
#21 118.4 [1m[94m939[0m [1m[94m|[0m [1m[91m|[0m             .await
#21 118.4     [1m[94m|[0m [1m[91m|__________________^[0m [1m[91mcannot infer type[0m
#21 118.4 
#21 118.4 [1m[91merror[E0282][0m[1m: type annotations needed[0m
#21 118.4    [1m[94m--> [0msrc/storage/cas.rs:288:22
#21 118.4     [1m[94m|[0m
#21 118.4 [1m[94m288[0m [1m[94m|[0m           let ticket = sqlx::query_as!(
#21 118.4     [1m[94m|[0m [1m[91m ______________________^[0m
#21 118.4 [1m[94m289[0m [1m[94m|[0m [1m[91m|[0m             CasTicketRow,
#21 118.4 [1m[94m290[0m [1m[94m|[0m [1m[91m|[0m             r#"
#21 118.4 [1m[94m291[0m [1m[94m|[0m [1m[91m|[0m             INSERT INTO cas_tickets (ticket_id, user_id, service_url, created_ts, expires_at)
#21 118.4 [1m[94m...[0m   [1m[91m|[0m
#21 118.4 [1m[94m310[0m [1m[94m|[0m [1m[91m|[0m         .fetch_one(&self.pool)
#21 118.4 [1m[94m311[0m [1m[94m|[0m [1m[91m|[0m         .await
#21 118.4     [1m[94m|[0m [1m[91m|______________^[0m [1m[91mcannot infer type[0m
#21 118.4 
#21 118.4 [1m[91merror[E0282][0m[1m: type annotations needed[0m
#21 118.4    [1m[94m--> [0msrc/storage/cas.rs:320:22
#21 118.4     [1m[94m|[0m
#21 118.4 [1m[94m320[0m [1m[94m|[0m           let ticket = sqlx::query_as!(
#21 118.4     [1m[94m|[0m [1m[91m ______________________^[0m
#21 118.4 [1m[94m321[0m [1m[94m|[0m [1m[91m|[0m             CasTicketRow,
#21 118.4 [1m[94m322[0m [1m[94m|[0m [1m[91m|[0m             r#"
#21 118.4 [1m[94m323[0m [1m[94m|[0m [1m[91m|[0m             UPDATE cas_tickets
#21 118.4 [1m[94m...[0m   [1m[91m|[0m
#21 118.4 [1m[94m341[0m [1m[94m|[0m [1m[91m|[0m         .fetch_optional(&self.pool)
#21 118.4 [1m[94m342[0m [1m[94m|[0m [1m[91m|[0m         .await
#21 118.4     [1m[94m|[0m [1m[91m|______________^[0m [1m[91mcannot infer type[0m
#21 118.4 
#21 118.4 [1m[91merror[E0282][0m[1m: type annotations needed[0m
#21 118.4    [1m[94m--> [0msrc/storage/cas.rs:349:22
#21 118.4     [1m[94m|[0m
#21 118.4 [1m[94m349[0m [1m[94m|[0m           let ticket = sqlx::query_as!(
#21 118.4     [1m[94m|[0m [1m[91m ______________________^[0m
#21 118.4 [1m[94m350[0m [1m[94m|[0m [1m[91m|[0m             CasTicketRow,
#21 118.4 [1m[94m351[0m [1m[94m|[0m [1m[91m|[0m             r#"
#21 118.4 [1m[94m352[0m [1m[94m|[0m [1m[91m|[0m             SELECT
#21 118.4 [1m[94m...[0m   [1m[91m|[0m
#21 118.4 [1m[94m367[0m [1m[94m|[0m [1m[91m|[0m         .fetch_optional(&self.pool)
#21 118.4 [1m[94m368[0m [1m[94m|[0m [1m[91m|[0m         .await
#21 118.4     [1m[94m|[0m [1m[91m|______________^[0m [1m[91mcannot infer type[0m
#21 118.4 
#21 118.4 [1m[91merror[E0282][0m[1m: type annotations needed[0m
#21 118.4    [1m[94m--> [0msrc/storage/cas.rs:375:22
#21 118.4     [1m[94m|[0m
#21 118.4 [1m[94m375[0m [1m[94m|[0m           let result = sqlx::query!(
#21 118.4     [1m[94m|[0m [1m[91m ______________________^[0m
#21 118.4 [1m[94m376[0m [1m[94m|[0m [1m[91m|[0m             r#"
#21 118.4 [1m[94m377[0m [1m[94m|[0m [1m[91m|[0m             DELETE FROM cas_tickets
#21 118.4 [1m[94m378[0m [1m[94m|[0m [1m[91m|[0m             WHERE ticket_id = $1
#21 118.4 [1m[94m...[0m   [1m[91m|[0m
#21 118.4 [1m[94m382[0m [1m[94m|[0m [1m[91m|[0m         .execute(&self.pool)
#21 118.4 [1m[94m383[0m [1m[94m|[0m [1m[91m|[0m         .await
#21 118.4     [1m[94m|[0m [1m[91m|______________^[0m [1m[91mcannot infer type[0m
#21 118.4 
#21 118.4 [1m[91merror[E0282][0m[1m: type annotations needed[0m
#21 118.4    [1m[94m--> [0msrc/storage/cas.rs:391:22
#21 118.4     [1m[94m|[0m
#21 118.4 [1m[94m391[0m [1m[94m|[0m           let result = sqlx::query!(
#21 118.4     [1m[94m|[0m [1m[91m ______________________^[0m
#21 118.4 [1m[94m392[0m [1m[94m|[0m [1m[91m|[0m             r#"
#21 118.4 [1m[94m393[0m [1m[94m|[0m [1m[91m|[0m             DELETE FROM cas_tickets
#21 118.4 [1m[94m394[0m [1m[94m|[0m [1m[91m|[0m             WHERE expires_at < $1
#21 118.4 [1m[94m...[0m   [1m[91m|[0m
#21 118.4 [1m[94m398[0m [1m[94m|[0m [1m[91m|[0m         .execute(&self.pool)
#21 118.4 [1m[94m399[0m [1m[94m|[0m [1m[91m|[0m         .await
#21 118.4     [1m[94m|[0m [1m[91m|______________^[0m [1m[91mcannot infer type[0m
#21 118.4 
#21 118.4 [1m[91merror[E0282][0m[1m: type annotations needed[0m
#21 118.4    [1m[94m--> [0msrc/storage/cas.rs:409:22
#21 118.4     [1m[94m|[0m
#21 118.4 [1m[94m409[0m [1m[94m|[0m           let ticket = sqlx::query_as!(
#21 118.4     [1m[94m|[0m [1m[91m ______________________^[0m
#21 118.4 [1m[94m410[0m [1m[94m|[0m [1m[91m|[0m             CasProxyTicketRow,
#21 118.4 [1m[94m411[0m [1m[94m|[0m [1m[91m|[0m             r#"
#21 118.4 [1m[94m412[0m [1m[94m|[0m [1m[91m|[0m             INSERT INTO cas_proxy_tickets (proxy_ticket_id, user_id, service_url, pgt_url, created_ts, expires_at)
#21 118.4 [1m[94m...[0m   [1m[91m|[0m
#21 118.4 [1m[94m432[0m [1m[94m|[0m [1m[91m|[0m         .fetch_one(&self.pool)
#21 118.4 [1m[94m433[0m [1m[94m|[0m [1m[91m|[0m         .await
#21 118.4     [1m[94m|[0m [1m[91m|______________^[0m [1m[91mcannot infer type[0m
#21 118.4 
#21 118.4 [1m[91merror[E0282][0m[1m: type annotations needed[0m
#21 118.4    [1m[94m--> [0msrc/storage/cas.rs:446:22
#21 118.4     [1m[94m|[0m
#21 118.4 [1m[94m446[0m [1m[94m|[0m           let ticket = sqlx::query_as!(
#21 118.4     [1m[94m|[0m [1m[91m ______________________^[0m
#21 118.4 [1m[94m447[0m [1m[94m|[0m [1m[91m|[0m             CasProxyTicketRow,
#21 118.4 [1m[94m448[0m [1m[94m|[0m [1m[91m|[0m             r#"
#21 118.4 [1m[94m449[0m [1m[94m|[0m [1m[91m|[0m             UPDATE cas_proxy_tickets
#21 118.4 [1m[94m...[0m   [1m[91m|[0m
#21 118.4 [1m[94m467[0m [1m[94m|[0m [1m[91m|[0m         .fetch_optional(&self.pool)
#21 118.4 [1m[94m468[0m [1m[94m|[0m [1m[91m|[0m         .await
#21 118.4     [1m[94m|[0m [1m[91m|______________^[0m [1m[91mcannot infer type[0m
#21 118.4 
#21 118.4 [1m[91merror[E0282][0m[1m: type annotations needed[0m
#21 118.4    [1m[94m--> [0msrc/storage/cas.rs:478:43
#21 118.4     [1m[94m|[0m
#21 118.4 [1m[94m478[0m [1m[94m|[0m           let pgt: CasProxyGrantingTicket = sqlx::query_as!(
#21 118.4     [1m[94m|[0m [1m[91m ___________________________________________^[0m
#21 118.4 [1m[94m479[0m [1m[94m|[0m [1m[91m|[0m             CasProxyGrantingTicket,
#21 118.4 [1m[94m480[0m [1m[94m|[0m [1m[91m|[0m             r#"
#21 118.4 [1m[94m481[0m [1m[94m|[0m [1m[91m|[0m             INSERT INTO cas_proxy_granting_tickets (pgt_id, user_id, service_url, iou, created_ts, expires_at)
#21 118.4 [1m[94m...[0m   [1m[91m|[0m
#21 118.4 [1m[94m500[0m [1m[94m|[0m [1m[91m|[0m         .fetch_one(&self.pool)
#21 118.4 [1m[94m501[0m [1m[94m|[0m [1m[91m|[0m         .await
#21 118.4     [1m[94m|[0m [1m[91m|______________^[0m [1m[91mcannot infer type[0m
#21 118.4 
#21 118.5 [1m[91merror[E0282][0m[1m: type annotations needed[0m
#21 118.5    [1m[94m--> [0msrc/storage/cas.rs:508:51
#21 118.5     [1m[94m|[0m
#21 118.5 [1m[94m508[0m [1m[94m|[0m           let pgt: Option<CasProxyGrantingTicket> = sqlx::query_as!(
#21 118.5     [1m[94m|[0m [1m[91m ___________________________________________________^[0m
#21 118.5 [1m[94m509[0m [1m[94m|[0m [1m[91m|[0m             CasProxyGrantingTicket,
#21 118.5 [1m[94m510[0m [1m[94m|[0m [1m[91m|[0m             r#"
#21 118.5 [1m[94m511[0m [1m[94m|[0m [1m[91m|[0m             SELECT
#21 118.5 [1m[94m...[0m   [1m[91m|[0m
#21 118.5 [1m[94m525[0m [1m[94m|[0m [1m[91m|[0m         .fetch_optional(&self.pool)
#21 118.5 [1m[94m526[0m [1m[94m|[0m [1m[91m|[0m         .await
#21 118.5     [1m[94m|[0m [1m[91m|______________^[0m [1m[91mcannot infer type[0m
#21 118.5 
#21 118.5 [1m[91merror[E0282][0m[1m: type annotations needed[0m
#21 118.5    [1m[94m--> [0msrc/storage/cas.rs:533:51
#21 118.5     [1m[94m|[0m
#21 118.5 [1m[94m533[0m [1m[94m|[0m           let pgt: Option<CasProxyGrantingTicket> = sqlx::query_as!(
#21 118.5     [1m[94m|[0m [1m[91m ___________________________________________________^[0m
#21 118.5 [1m[94m534[0m [1m[94m|[0m [1m[91m|[0m             CasProxyGrantingTicket,
#21 118.5 [1m[94m535[0m [1m[94m|[0m [1m[91m|[0m             r#"
#21 118.5 [1m[94m536[0m [1m[94m|[0m [1m[91m|[0m             SELECT
#21 118.5 [1m[94m...[0m   [1m[91m|[0m
#21 118.5 [1m[94m550[0m [1m[94m|[0m [1m[91m|[0m         .fetch_optional(&self.pool)
#21 118.5 [1m[94m551[0m [1m[94m|[0m [1m[91m|[0m         .await
#21 118.5     [1m[94m|[0m [1m[91m|______________^[0m [1m[91mcannot infer type[0m
#21 118.5 
#21 118.5 [1m[91merror[E0282][0m[1m: type annotations needed[0m
#21 118.5    [1m[94m--> [0msrc/storage/cas.rs:564:48
#21 118.5     [1m[94m|[0m
#21 118.5 [1m[94m564[0m [1m[94m|[0m           let service: CasRegisteredServiceRow = sqlx::query_as!(
#21 118.5     [1m[94m|[0m [1m[91m ________________________________________________^[0m
#21 118.5 [1m[94m565[0m [1m[94m|[0m [1m[91m|[0m             CasRegisteredServiceRow,
#21 118.5 [1m[94m566[0m [1m[94m|[0m [1m[91m|[0m             r#"
#21 118.5 [1m[94m567[0m [1m[94m|[0m [1m[91m|[0m             INSERT INTO cas_services (
#21 118.5 [1m[94m...[0m   [1m[91m|[0m
#21 118.5 [1m[94m597[0m [1m[94m|[0m [1m[91m|[0m         .fetch_one(&self.pool)
#21 118.5 [1m[94m598[0m [1m[94m|[0m [1m[91m|[0m         .await
#21 118.5     [1m[94m|[0m [1m[91m|______________^[0m [1m[91mcannot infer type[0m
#21 118.5 
#21 118.5 [1m[91merror[E0282][0m[1m: type annotations needed[0m
#21 118.5    [1m[94m--> [0msrc/storage/cas.rs:605:56
#21 118.5     [1m[94m|[0m
#21 118.5 [1m[94m605[0m [1m[94m|[0m           let service: Option<CasRegisteredServiceRow> = sqlx::query_as!(
#21 118.5     [1m[94m|[0m [1m[91m ________________________________________________________^[0m
#21 118.5 [1m[94m606[0m [1m[94m|[0m [1m[91m|[0m             CasRegisteredServiceRow,
#21 118.5 [1m[94m607[0m [1m[94m|[0m [1m[91m|[0m             r#"
#21 118.5 [1m[94m608[0m [1m[94m|[0m [1m[91m|[0m             SELECT
#21 118.5 [1m[94m...[0m   [1m[91m|[0m
#21 118.5 [1m[94m626[0m [1m[94m|[0m [1m[91m|[0m         .fetch_optional(&self.pool)
#21 118.5 [1m[94m627[0m [1m[94m|[0m [1m[91m|[0m         .await
#21 118.5     [1m[94m|[0m [1m[91m|______________^[0m [1m[91mcannot infer type[0m
#21 118.5 
#21 118.5 [1m[91merror[E0282][0m[1m: type annotations needed[0m
#21 118.5    [1m[94m--> [0msrc/storage/cas.rs:634:56
#21 118.5     [1m[94m|[0m
#21 118.5 [1m[94m634[0m [1m[94m|[0m           let service: Option<CasRegisteredServiceRow> = sqlx::query_as!(
#21 118.5     [1m[94m|[0m [1m[91m ________________________________________________________^[0m
#21 118.5 [1m[94m635[0m [1m[94m|[0m [1m[91m|[0m             CasRegisteredServiceRow,
#21 118.5 [1m[94m636[0m [1m[94m|[0m [1m[91m|[0m             r#"
#21 118.5 [1m[94m637[0m [1m[94m|[0m [1m[91m|[0m             SELECT
#21 118.5 [1m[94m...[0m   [1m[91m|[0m
#21 118.5 [1m[94m655[0m [1m[94m|[0m [1m[91m|[0m         .fetch_optional(&self.pool)
#21 118.5 [1m[94m656[0m [1m[94m|[0m [1m[91m|[0m         .await
#21 118.5     [1m[94m|[0m [1m[91m|______________^[0m [1m[91mcannot infer type[0m
#21 118.5 
#21 118.5 [1m[91merror[E0282][0m[1m: type annotations needed[0m
#21 118.5    [1m[94m--> [0msrc/storage/cas.rs:663:54
#21 118.5     [1m[94m|[0m
#21 118.5 [1m[94m663[0m [1m[94m|[0m           let services: Vec<CasRegisteredServiceRow> = sqlx::query_as!(
#21 118.5     [1m[94m|[0m [1m[91m ______________________________________________________^[0m
#21 118.5 [1m[94m664[0m [1m[94m|[0m [1m[91m|[0m             CasRegisteredServiceRow,
#21 118.5 [1m[94m665[0m [1m[94m|[0m [1m[91m|[0m             r#"
#21 118.5 [1m[94m666[0m [1m[94m|[0m [1m[91m|[0m             SELECT
#21 118.5 [1m[94m...[0m   [1m[91m|[0m
#21 118.5 [1m[94m683[0m [1m[94m|[0m [1m[91m|[0m         .fetch_all(&self.pool)
#21 118.5 [1m[94m684[0m [1m[94m|[0m [1m[91m|[0m         .await
#21 118.5     [1m[94m|[0m [1m[91m|______________^[0m [1m[91mcannot infer type[0m
#21 118.5 
#21 118.5 [1m[91merror[E0282][0m[1m: type annotations needed[0m
#21 118.5    [1m[94m--> [0msrc/storage/cas.rs:691:53
#21 118.5     [1m[94m|[0m
#21 118.5 [1m[94m691[0m [1m[94m|[0m           let result: sqlx::postgres::PgQueryResult = sqlx::query!(
#21 118.5     [1m[94m|[0m [1m[91m _____________________________________________________^[0m
#21 118.5 [1m[94m692[0m [1m[94m|[0m [1m[91m|[0m             r#"
#21 118.5 [1m[94m693[0m [1m[94m|[0m [1m[91m|[0m             DELETE FROM cas_services
#21 118.5 [1m[94m694[0m [1m[94m|[0m [1m[91m|[0m             WHERE service_id = $1
#21 118.5 [1m[94m...[0m   [1m[91m|[0m
#21 118.5 [1m[94m698[0m [1m[94m|[0m [1m[91m|[0m         .execute(&self.pool)
#21 118.5 [1m[94m699[0m [1m[94m|[0m [1m[91m|[0m         .await
#21 118.5     [1m[94m|[0m [1m[91m|______________^[0m [1m[91mcannot infer type[0m
#21 118.5 
#21 118.5 [1m[91merror[E0282][0m[1m: type annotations needed[0m
#21 118.5    [1m[94m--> [0msrc/storage/cas.rs:713:41
#21 118.5     [1m[94m|[0m
#21 118.5 [1m[94m713[0m [1m[94m|[0m           let attr: CasUserAttributeRow = sqlx::query_as!(
#21 118.5     [1m[94m|[0m [1m[91m _________________________________________^[0m
#21 118.5 [1m[94m714[0m [1m[94m|[0m [1m[91m|[0m             CasUserAttributeRow,
#21 118.5 [1m[94m715[0m [1m[94m|[0m [1m[91m|[0m             r#"
#21 118.5 [1m[94m716[0m [1m[94m|[0m [1m[91m|[0m             INSERT INTO cas_user_attributes (user_id, attribute_name, attribute_value, created_ts, updated_ts)
#21 118.5 [1m[94m...[0m   [1m[91m|[0m
#21 118.5 [1m[94m733[0m [1m[94m|[0m [1m[91m|[0m         .fetch_one(&self.pool)
#21 118.5 [1m[94m734[0m [1m[94m|[0m [1m[91m|[0m         .await
#21 118.5     [1m[94m|[0m [1m[91m|______________^[0m [1m[91mcannot infer type[0m
#21 118.5 
#21 118.5 [1m[91merror[E0282][0m[1m: type annotations needed[0m
#21 118.5    [1m[94m--> [0msrc/storage/cas.rs:741:47
#21 118.5     [1m[94m|[0m
#21 118.5 [1m[94m741[0m [1m[94m|[0m           let attrs: Vec<CasUserAttributeRow> = sqlx::query_as!(
#21 118.5     [1m[94m|[0m [1m[91m _______________________________________________^[0m
#21 118.5 [1m[94m742[0m [1m[94m|[0m [1m[91m|[0m             CasUserAttributeRow,
#21 118.5 [1m[94m743[0m [1m[94m|[0m [1m[91m|[0m             r#"
#21 118.5 [1m[94m744[0m [1m[94m|[0m [1m[91m|[0m             SELECT
#21 118.5 [1m[94m...[0m   [1m[91m|[0m
#21 118.5 [1m[94m756[0m [1m[94m|[0m [1m[91m|[0m         .fetch_all(&self.pool)
#21 118.5 [1m[94m757[0m [1m[94m|[0m [1m[91m|[0m         .await
#21 118.5     [1m[94m|[0m [1m[91m|______________^[0m [1m[91mcannot infer type[0m
#21 118.5 
#21 118.5 [1m[91merror[E0282][0m[1m: type annotations needed[0m
#21 118.5    [1m[94m--> [0msrc/storage/cas.rs:771:41
#21 118.5     [1m[94m|[0m
#21 118.5 [1m[94m771[0m [1m[94m|[0m           let session: CasSloSessionRow = sqlx::query_as!(
#21 118.5     [1m[94m|[0m [1m[91m _________________________________________^[0m
#21 118.5 [1m[94m772[0m [1m[94m|[0m [1m[91m|[0m             CasSloSessionRow,
#21 118.5 [1m[94m773[0m [1m[94m|[0m [1m[91m|[0m             r#"
#21 118.5 [1m[94m774[0m [1m[94m|[0m [1m[91m|[0m             INSERT INTO cas_slo_sessions (session_id, user_id, service_url, ticket_id, created_ts)
#21 118.5 [1m[94m...[0m   [1m[91m|[0m
#21 118.5 [1m[94m791[0m [1m[94m|[0m [1m[91m|[0m         .fetch_one(&self.pool)
#21 118.5 [1m[94m792[0m [1m[94m|[0m [1m[91m|[0m         .await
#21 118.5     [1m[94m|[0m [1m[91m|______________^[0m [1m[91mcannot infer type[0m
#21 118.5 
#21 118.5 [1m[91merror[E0282][0m[1m: type annotations needed[0m
#21 118.5    [1m[94m--> [0msrc/storage/cas.rs:800:53
#21 118.5     [1m[94m|[0m
#21 118.5 [1m[94m800[0m [1m[94m|[0m           let result: sqlx::postgres::PgQueryResult = sqlx::query!(
#21 118.5     [1m[94m|[0m [1m[91m _____________________________________________________^[0m
#21 118.5 [1m[94m801[0m [1m[94m|[0m [1m[91m|[0m             r#"
#21 118.5 [1m[94m802[0m [1m[94m|[0m [1m[91m|[0m             UPDATE cas_slo_sessions
#21 118.5 [1m[94m803[0m [1m[94m|[0m [1m[91m|[0m             SET logout_sent_at = $1
#21 118.5 [1m[94m...[0m   [1m[91m|[0m
#21 118.5 [1m[94m809[0m [1m[94m|[0m [1m[91m|[0m         .execute(&self.pool)
#21 118.5 [1m[94m810[0m [1m[94m|[0m [1m[91m|[0m         .await
#21 118.5     [1m[94m|[0m [1m[91m|______________^[0m [1m[91mcannot infer type[0m
#21 118.5 
#21 118.5 [1m[91merror[E0282][0m[1m: type annotations needed[0m
#21 118.5    [1m[94m--> [0msrc/storage/cas.rs:817:47
#21 118.5     [1m[94m|[0m
#21 118.5 [1m[94m817[0m [1m[94m|[0m           let sessions: Vec<CasSloSessionRow> = sqlx::query_as!(
#21 118.5     [1m[94m|[0m [1m[91m _______________________________________________^[0m
#21 118.5 [1m[94m818[0m [1m[94m|[0m [1m[91m|[0m             CasSloSessionRow,
#21 118.5 [1m[94m819[0m [1m[94m|[0m [1m[91m|[0m             r#"
#21 118.5 [1m[94m820[0m [1m[94m|[0m [1m[91m|[0m             SELECT
#21 118.5 [1m[94m...[0m   [1m[91m|[0m
#21 118.5 [1m[94m833[0m [1m[94m|[0m [1m[91m|[0m         .fetch_all(&self.pool)
#21 118.5 [1m[94m834[0m [1m[94m|[0m [1m[91m|[0m         .await
#21 118.5     [1m[94m|[0m [1m[91m|______________^[0m [1m[91mcannot infer type[0m
#21 118.5 
#21 174.6 [1mFor more information about this error, try `rustc --explain E0282`.[0m
#21 175.2 [1m[91merror[0m: could not compile `synapse-rust` (lib) due to 171 previous errors
#21 ERROR: process "/bin/sh -c cargo build --release --locked ${CARGO_FEATURE_ARGS} --bin synapse-rust --bin healthcheck &&     install -Dm755 target/release/synapse-rust          /out/app/synapse-rust &&     install -Dm755 target/release/healthcheck           /out/app/healthcheck &&     install -Dm755 docker/db_migrate.sh                 /out/app/scripts/db_migrate.sh &&     install -Dm755 docker/container-migrate.sh          /out/app/scripts/container-migrate.sh &&     install -Dm755 docker/healthcheck.sh                /out/app/scripts/healthcheck.sh &&     install -Dm755 docker/entrypoint.sh                 /out/app/entrypoint.sh &&     install -Dm644 docker/config_defaults/rate_limit.yaml /out/app/config_defaults/rate_limit.yaml &&     mkdir -p /out/app/config /out/app/data /out/app/logs /out/app/migrations &&     cp -R migrations/. /out/app/migrations/" did not complete successfully: exit code: 101
------
 > [builder 15/15] RUN --mount=type=cache,target=/usr/local/cargo/registry,sharing=locked     --mount=type=cache,target=/usr/local/cargo/git,sharing=locked     cargo build --release --locked --features server,core-private-chat,openclaw,voice-extended,cas-sso,saml-sso --no-default-features --bin synapse-rust --bin healthcheck &&     install -Dm755 target/release/synapse-rust          /out/app/synapse-rust &&     install -Dm755 target/release/healthcheck           /out/app/healthcheck &&     install -Dm755 docker/db_migrate.sh                 /out/app/scripts/db_migrate.sh &&     install -Dm755 docker/container-migrate.sh          /out/app/scripts/container-migrate.sh &&     install -Dm755 docker/healthcheck.sh                /out/app/scripts/healthcheck.sh &&     install -Dm755 docker/entrypoint.sh                 /out/app/entrypoint.sh &&     install -Dm644 docker/config_defaults/rate_limit.yaml /out/app/config_defaults/rate_limit.yaml &&     mkdir -p /out/app/config /out/app/data /out/app/logs /out/app/migrations &&     cp -R migrations/. /out/app/migrations/:
118.5 [1m[94m818[0m [1m[94m|[0m [1m[91m|[0m             CasSloSessionRow,
118.5 [1m[94m819[0m [1m[94m|[0m [1m[91m|[0m             r#"
118.5 [1m[94m820[0m [1m[94m|[0m [1m[91m|[0m             SELECT
118.5 [1m[94m...[0m   [1m[91m|[0m
118.5 [1m[94m833[0m [1m[94m|[0m [1m[91m|[0m         .fetch_all(&self.pool)
118.5 [1m[94m834[0m [1m[94m|[0m [1m[91m|[0m         .await
118.5     [1m[94m|[0m [1m[91m|______________^[0m [1m[91mcannot infer type[0m
118.5 
174.6 [1mFor more information about this error, try `rustc --explain E0282`.[0m
175.2 [1m[91merror[0m: could not compile `synapse-rust` (lib) due to 171 previous errors
------
Dockerfile:68
--------------------
  67 |     # 强制重新链接最终二进制 (force_relink hack 触发 build script 在缓存中也重新执行)
  68 | >>> RUN --mount=type=cache,target=/usr/local/cargo/registry,sharing=locked \
  69 | >>>     --mount=type=cache,target=/usr/local/cargo/git,sharing=locked \
  70 | >>>     cargo build --release --locked ${CARGO_FEATURE_ARGS} --bin synapse-rust --bin healthcheck && \
  71 | >>>     install -Dm755 target/release/synapse-rust          /out/app/synapse-rust && \
  72 | >>>     install -Dm755 target/release/healthcheck           /out/app/healthcheck && \
  73 | >>>     install -Dm755 docker/db_migrate.sh                 /out/app/scripts/db_migrate.sh && \
  74 | >>>     install -Dm755 docker/container-migrate.sh          /out/app/scripts/container-migrate.sh && \
  75 | >>>     install -Dm755 docker/healthcheck.sh                /out/app/scripts/healthcheck.sh && \
  76 | >>>     install -Dm755 docker/entrypoint.sh                 /out/app/entrypoint.sh && \
  77 | >>>     install -Dm644 docker/config_defaults/rate_limit.yaml /out/app/config_defaults/rate_limit.yaml && \
  78 | >>>     mkdir -p /out/app/config /out/app/data /out/app/logs /out/app/migrations && \
  79 | >>>     cp -R migrations/. /out/app/migrations/
  80 |     
--------------------
ERROR: failed to build: failed to solve: process "/bin/sh -c cargo build --release --locked ${CARGO_FEATURE_ARGS} --bin synapse-rust --bin healthcheck &&     install -Dm755 target/release/synapse-rust          /out/app/synapse-rust &&     install -Dm755 target/release/healthcheck           /out/app/healthcheck &&     install -Dm755 docker/db_migrate.sh                 /out/app/scripts/db_migrate.sh &&     install -Dm755 docker/container-migrate.sh          /out/app/scripts/container-migrate.sh &&     install -Dm755 docker/healthcheck.sh                /out/app/scripts/healthcheck.sh &&     install -Dm755 docker/entrypoint.sh                 /out/app/entrypoint.sh &&     install -Dm644 docker/config_defaults/rate_limit.yaml /out/app/config_defaults/rate_limit.yaml &&     mkdir -p /out/app/config /out/app/data /out/app/logs /out/app/migrations &&     cp -R migrations/. /out/app/migrations/" did not complete successfully: exit code: 101
