RUST_TEST_SHUFFLE_SEED=1788315538005862000
=== Test matrix ===
  --lib:          0
  --unit:         0
  --integration:  1

>>> Running integration test target (--test integration) ...
   Compiling typenum v1.20.1
   Compiling indexmap v2.14.0
   Compiling mime_guess v2.0.5
   Compiling aho-corasick v1.1.5
   Compiling regex-syntax v0.8.11
   Compiling const-oid v0.10.2
   Compiling crc32fast v1.5.0
   Compiling cpufeatures v0.3.0
   Compiling same-file v1.0.6
   Compiling simd-adler32 v0.3.10
   Compiling option-ext v0.2.0
   Compiling zlib-rs v0.6.7
   Compiling bumpalo v3.20.3
   Compiling dirs-sys v0.5.0
   Compiling walkdir v2.5.0
   Compiling zopfli v0.8.3
   Compiling generic-array v0.14.7
   Compiling hybrid-array v0.4.14
   Compiling h2 v0.4.16
   Compiling tower v0.5.3
   Compiling crypto-common v0.1.7
   Compiling block-buffer v0.10.4
   Compiling block-padding v0.3.3
   Compiling digest v0.10.7
   Compiling universal-hash v0.5.1
   Compiling aead v0.5.2
   Compiling inout v0.1.4
   Compiling polyval v0.6.2
   Compiling sha2 v0.10.9
   Compiling cipher v0.4.4
   Compiling hmac v0.12.1
   Compiling hkdf v0.12.4
   Compiling sqlx-core v0.8.6
   Compiling md-5 v0.10.6
   Compiling signature v2.2.0
   Compiling curve25519-dalek v4.1.3
   Compiling aes v0.8.4
   Compiling ed25519 v2.2.3
   Compiling tower-http v0.6.11
   Compiling ctr v0.9.2
   Compiling ghash v0.5.1
   Compiling blake2 v0.10.6
   Compiling regex-automata v0.4.18
   Compiling aes-gcm v0.10.3
   Compiling block-buffer v0.12.1
   Compiling crypto-common v0.2.2
   Compiling argon2 v0.5.3
   Compiling ed25519-dalek v2.2.0
   Compiling serde_yaml v0.9.34+deprecated
   Compiling digest v0.11.3
   Compiling sha2 v0.11.0
   Compiling chacha20 v0.9.1
   Compiling poly1305 v0.8.0
   Compiling mime v0.3.17
   Compiling sqlx-postgres v0.8.6
   Compiling flate2 v1.1.9
   Compiling regex v1.13.1
   Compiling hyper v1.11.0
   Compiling zip v3.0.0
   Compiling rust-embed-utils v8.12.0
   Compiling chacha20poly1305 v0.10.1
   Compiling x25519-dalek v2.0.1
   Compiling cbc v0.1.2
   Compiling dirs v6.0.0
   Compiling vodozemac v0.9.0
   Compiling rust-embed-impl v8.12.0
   Compiling rsa v0.9.10
   Compiling utoipa-gen v5.5.0
   Compiling utoipa-swagger-ui v9.0.2
   Compiling hyper-util v0.1.20
   Compiling rust-embed v8.12.0
   Compiling sha1 v0.10.7
   Compiling hyper-tls v0.6.0
   Compiling axum v0.8.9
   Compiling hyper-timeout v0.5.2
   Compiling wiremock v0.6.5
   Compiling tonic v0.14.6
   Compiling reqwest v0.12.28
   Compiling sqlx-macros-core v0.8.6
   Compiling tonic-prost v0.14.6
   Compiling opentelemetry-proto v0.31.0
   Compiling sqlx-macros v0.8.6
   Compiling opentelemetry-http v0.31.0
   Compiling utoipa v5.5.0
   Compiling sqlx v0.8.6
   Compiling opentelemetry-otlp v0.31.1
   Compiling synapse-common v0.1.0 (/Users/ljf/Desktop/hu_ts/synapse-rust/synapse-common)
   Compiling synapse-cache v0.1.0 (/Users/ljf/Desktop/hu_ts/synapse-rust/synapse-cache)
   Compiling synapse-storage v0.1.0 (/Users/ljf/Desktop/hu_ts/synapse-rust/synapse-storage)
   Compiling synapse-federation v0.1.0 (/Users/ljf/Desktop/hu_ts/synapse-rust/synapse-federation)
   Compiling synapse-e2ee v0.1.0 (/Users/ljf/Desktop/hu_ts/synapse-rust/synapse-e2ee)
   Compiling synapse-services v0.1.0 (/Users/ljf/Desktop/hu_ts/synapse-rust/synapse-services)
   Compiling synapse-rust v6.2.0 (/Users/ljf/Desktop/hu_ts/synapse-rust)
    Finished `test` profile [unoptimized + debuginfo] target(s) in 3m 15s
────────────
 Nextest run ID a7e10278-4475-4475-99a1-2345f431ab5d with nextest profile: ci
    Starting 1396 tests across 1 binary
        PASS [   0.013s] (   1/1396) synapse-rust::integration admin_registration_service_tests_migrated::test_admin_register_request_deserialization_minimal
        PASS [   0.015s] (   2/1396) synapse-rust::integration admin_registration_service_tests_migrated::test_admin_register_response_serialization
        PASS [   0.016s] (   3/1396) synapse-rust::integration admin_registration_service_tests_migrated::test_compute_hmac_admin_vs_nonadmin
        PASS [   0.016s] (   4/1396) synapse-rust::integration admin_registration_service_tests_migrated::test_compute_hmac_consistency
        PASS [   0.017s] (   5/1396) synapse-rust::integration admin_registration_service_tests_migrated::test_admin_register_request_deserialization_full
        PASS [   0.017s] (   6/1396) synapse-rust::integration admin_registration_service_tests_migrated::test_compute_hmac_different_secrets
        PASS [   0.019s] (   7/1396) synapse-rust::integration admin_registration_service_tests_migrated::test_compute_hmac_with_user_type
        PASS [   0.011s] (   8/1396) synapse-rust::integration admin_registration_service_tests_migrated::test_nonce_response_serialization
  TRY 1 FAIL [  48.776s] (─────────) synapse-rust::integration admin_registration_service_tests_migrated::test_hmac_invalid_hex_mac
  stdout ───

    running 1 test
    test admin_registration_service_tests_migrated::test_hmac_invalid_hex_mac ... FAILED

    failures:

    failures:
        admin_registration_service_tests_migrated::test_hmac_invalid_hex_mac

    test result: FAILED. 0 passed; 1 failed; 0 ignored; 0 measured; 1395 filtered out; finished in 48.76s

  stderr ───

    thread 'admin_registration_service_tests_migrated::test_hmac_invalid_hex_mac' (65502589) panicked at tests/integration/mod.rs:268:9:
    Integration test requires database setup. For local runs, start PostgreSQL and apply migrations first; in CI this must already succeed. Error: failed to clone template to test_4066_1_1788315782971696000: error returned from database: schema "test_template_v2_aa57a852f2913233" does not exist
    note: run with `RUST_BACKTRACE=1` environment variable to display a backtrace

        SLOW [> 60.000s] (─────────) synapse-rust::integration admin_registration_service_tests_migrated::test_generate_nonce_returns_nonce
        SLOW [> 60.000s] (─────────) synapse-rust::integration admin_registration_service_tests_migrated::test_generate_nonce_unique_values
        SLOW [> 60.000s] (─────────) synapse-rust::integration admin_registration_service_tests_migrated::test_hmac_mismatch_admin_flag
        SLOW [> 60.000s] (─────────) synapse-rust::integration admin_registration_service_tests_migrated::test_hmac_mismatch_tampered_password
        SLOW [> 60.000s] (─────────) synapse-rust::integration admin_registration_service_tests_migrated::test_nonce_consumed_after_use
        SLOW [> 60.000s] (─────────) synapse-rust::integration admin_registration_service_tests_migrated::test_hmac_mismatch_tampered_username
        SLOW [> 60.000s] (─────────) synapse-rust::integration admin_registration_service_tests_migrated::test_register_admin_user_disabled
  TRY 1 FAIL [  78.058s] (─────────) synapse-rust::integration admin_registration_service_tests_migrated::test_generate_nonce_returns_nonce
  stdout ───

    running 1 test
    test admin_registration_service_tests_migrated::test_generate_nonce_returns_nonce has been running for over 60 seconds
    test admin_registration_service_tests_migrated::test_generate_nonce_returns_nonce ... FAILED

    failures:

    failures:
        admin_registration_service_tests_migrated::test_generate_nonce_returns_nonce

    test result: FAILED. 0 passed; 1 failed; 0 ignored; 0 measured; 1395 filtered out; finished in 78.04s

  stderr ───

    thread 'admin_registration_service_tests_migrated::test_generate_nonce_returns_nonce' (65502556) panicked at tests/integration/mod.rs:268:9:
    Integration test requires database setup. For local runs, start PostgreSQL and apply migrations first; in CI this must already succeed. Error: failed to clone template to test_4061_1_1788315812212429000: error returned from database: schema "test_template_v2_aa57a852f2913233" does not exist
    note: run with `RUST_BACKTRACE=1` environment variable to display a backtrace

  TRY 2 SLOW [> 60.000s] (─────────) synapse-rust::integration admin_registration_service_tests_migrated::test_hmac_invalid_hex_mac
TRY 1 TRMNTG [>120.000s] (─────────) synapse-rust::integration admin_registration_service_tests_migrated::test_hmac_mismatch_tampered_password
TRY 1 TRMNTG [>120.000s] (─────────) synapse-rust::integration admin_registration_service_tests_migrated::test_generate_nonce_unique_values
TRY 1 TRMNTG [>120.000s] (─────────) synapse-rust::integration admin_registration_service_tests_migrated::test_hmac_mismatch_admin_flag
TRY 1 TRMNTG [>120.000s] (─────────) synapse-rust::integration admin_registration_service_tests_migrated::test_nonce_consumed_after_use
TRY 1 TRMNTG [>120.000s] (─────────) synapse-rust::integration admin_registration_service_tests_migrated::test_hmac_mismatch_tampered_username
   TRY 1 TMT [ 120.005s] (─────────) synapse-rust::integration admin_registration_service_tests_migrated::test_hmac_mismatch_tampered_username
  stdout ───

    running 1 test
    test admin_registration_service_tests_migrated::test_hmac_mismatch_tampered_username has been running for over 60 seconds

    (test timed out)

   TRY 1 TMT [ 120.005s] (─────────) synapse-rust::integration admin_registration_service_tests_migrated::test_hmac_mismatch_admin_flag
  stdout ───

    running 1 test
    test admin_registration_service_tests_migrated::test_hmac_mismatch_admin_flag has been running for over 60 seconds

    (test timed out)

   TRY 1 TMT [ 120.005s] (─────────) synapse-rust::integration admin_registration_service_tests_migrated::test_hmac_mismatch_tampered_password
  stdout ───

    running 1 test
    test admin_registration_service_tests_migrated::test_hmac_mismatch_tampered_password has been running for over 60 seconds

    (test timed out)

   TRY 1 TMT [ 120.008s] (─────────) synapse-rust::integration admin_registration_service_tests_migrated::test_generate_nonce_unique_values
  stdout ───

    running 1 test
    test admin_registration_service_tests_migrated::test_generate_nonce_unique_values has been running for over 60 seconds

    (test timed out)

   TRY 1 TMT [ 120.004s] (─────────) synapse-rust::integration admin_registration_service_tests_migrated::test_nonce_consumed_after_use
  stdout ───

    running 1 test
    test admin_registration_service_tests_migrated::test_nonce_consumed_after_use has been running for over 60 seconds

    (test timed out)

TRY 1 TRMNTG [>120.000s] (─────────) synapse-rust::integration admin_registration_service_tests_migrated::test_register_admin_user_disabled
   TRY 1 TMT [ 120.005s] (─────────) synapse-rust::integration admin_registration_service_tests_migrated::test_register_admin_user_disabled
  stdout ───

    running 1 test
    test admin_registration_service_tests_migrated::test_register_admin_user_disabled has been running for over 60 seconds

    (test timed out)

  TRY 2 SLOW [> 60.000s] (─────────) synapse-rust::integration admin_registration_service_tests_migrated::test_generate_nonce_returns_nonce
  TRY 2 FAIL [  31.577s] (─────────) synapse-rust::integration admin_registration_service_tests_migrated::test_register_admin_user_disabled
  stdout ───

    running 1 test
    test admin_registration_service_tests_migrated::test_register_admin_user_disabled ... FAILED

    failures:

    failures:
        admin_registration_service_tests_migrated::test_register_admin_user_disabled

    test result: FAILED. 0 passed; 1 failed; 0 ignored; 0 measured; 1395 filtered out; finished in 31.56s

  stderr ───

    thread 'admin_registration_service_tests_migrated::test_register_admin_user_disabled' (65516150) panicked at tests/integration/mod.rs:268:9:
    Integration test requires database setup. For local runs, start PostgreSQL and apply migrations first; in CI this must already succeed. Error: failed to clone template to test_9532_1_1788315885858302000: error returned from database: schema "test_template_v2_aa57a852f2913233" does not exist
    note: run with `RUST_BACKTRACE=1` environment variable to display a backtrace

TRY 2 TRMNTG [>120.000s] (─────────) synapse-rust::integration admin_registration_service_tests_migrated::test_hmac_invalid_hex_mac
   TRY 2 TMT [ 120.007s] (─────────) synapse-rust::integration admin_registration_service_tests_migrated::test_hmac_invalid_hex_mac
  stdout ───

    running 1 test
    test admin_registration_service_tests_migrated::test_hmac_invalid_hex_mac has been running for over 60 seconds

    (test timed out)

  TRY 2 SLOW [> 60.000s] (─────────) synapse-rust::integration admin_registration_service_tests_migrated::test_hmac_mismatch_tampered_username
  TRY 2 SLOW [> 60.000s] (─────────) synapse-rust::integration admin_registration_service_tests_migrated::test_hmac_mismatch_tampered_password
  TRY 2 SLOW [> 60.000s] (─────────) synapse-rust::integration admin_registration_service_tests_migrated::test_hmac_mismatch_admin_flag
  TRY 2 SLOW [> 60.000s] (─────────) synapse-rust::integration admin_registration_service_tests_migrated::test_generate_nonce_unique_values
  TRY 2 SLOW [> 60.000s] (─────────) synapse-rust::integration admin_registration_service_tests_migrated::test_nonce_consumed_after_use
TRY 2 TRMNTG [>120.000s] (─────────) synapse-rust::integration admin_registration_service_tests_migrated::test_generate_nonce_returns_nonce
   TRY 2 TMT [ 120.007s] (─────────) synapse-rust::integration admin_registration_service_tests_migrated::test_generate_nonce_returns_nonce
  stdout ───

    running 1 test
    test admin_registration_service_tests_migrated::test_generate_nonce_returns_nonce has been running for over 60 seconds

    (test timed out)

  TRY 3 SLOW [> 60.000s] (─────────) synapse-rust::integration admin_registration_service_tests_migrated::test_register_admin_user_disabled
  TRY 3 FAIL [  30.591s] (   9/1396) synapse-rust::integration admin_registration_service_tests_migrated::test_generate_nonce_returns_nonce
  stdout ───

    running 1 test
    test admin_registration_service_tests_migrated::test_generate_nonce_returns_nonce ... FAILED

    failures:

    failures:
        admin_registration_service_tests_migrated::test_generate_nonce_returns_nonce

    test result: FAILED. 0 passed; 1 failed; 0 ignored; 0 measured; 1395 filtered out; finished in 30.57s

  stderr ───

    thread 'admin_registration_service_tests_migrated::test_generate_nonce_returns_nonce' (65518080) panicked at tests/integration/mod.rs:268:9:
    Integration test requires database setup. For local runs, start PostgreSQL and apply migrations first; in CI this must already succeed. Error: failed to clone template to test_10030_1_1788315962836687000: error returned from database: schema "test_template_v2_aa57a852f2913233" does not exist
    note: run with `RUST_BACKTRACE=1` environment variable to display a backtrace

  TRY 3 SLOW [> 60.000s] (─────────) synapse-rust::integration admin_registration_service_tests_migrated::test_hmac_invalid_hex_mac
TRY 2 TRMNTG [>120.000s] (─────────) synapse-rust::integration admin_registration_service_tests_migrated::test_nonce_consumed_after_use
TRY 2 TRMNTG [>120.000s] (─────────) synapse-rust::integration admin_registration_service_tests_migrated::test_hmac_mismatch_tampered_password
TRY 2 TRMNTG [>120.000s] (─────────) synapse-rust::integration admin_registration_service_tests_migrated::test_hmac_mismatch_tampered_username
TRY 2 TRMNTG [>120.000s] (─────────) synapse-rust::integration admin_registration_service_tests_migrated::test_generate_nonce_unique_values
TRY 2 TRMNTG [>120.000s] (─────────) synapse-rust::integration admin_registration_service_tests_migrated::test_hmac_mismatch_admin_flag
   TRY 2 TMT [ 120.005s] (─────────) synapse-rust::integration admin_registration_service_tests_migrated::test_hmac_mismatch_admin_flag
  stdout ───

    running 1 test
    test admin_registration_service_tests_migrated::test_hmac_mismatch_admin_flag has been running for over 60 seconds

    (test timed out)

   TRY 2 TMT [ 120.005s] (─────────) synapse-rust::integration admin_registration_service_tests_migrated::test_nonce_consumed_after_use
  stdout ───

    running 1 test
    test admin_registration_service_tests_migrated::test_nonce_consumed_after_use has been running for over 60 seconds

    (test timed out)

   TRY 2 TMT [ 120.005s] (─────────) synapse-rust::integration admin_registration_service_tests_migrated::test_generate_nonce_unique_values
  stdout ───

    running 1 test
    test admin_registration_service_tests_migrated::test_generate_nonce_unique_values has been running for over 60 seconds

    (test timed out)

   TRY 2 TMT [ 120.006s] (─────────) synapse-rust::integration admin_registration_service_tests_migrated::test_hmac_mismatch_tampered_username
  stdout ───

    running 1 test
    test admin_registration_service_tests_migrated::test_hmac_mismatch_tampered_username has been running for over 60 seconds

    (test timed out)

   TRY 2 TMT [ 120.006s] (─────────) synapse-rust::integration admin_registration_service_tests_migrated::test_hmac_mismatch_tampered_password
  stdout ───

    running 1 test
    test admin_registration_service_tests_migrated::test_hmac_mismatch_tampered_password has been running for over 60 seconds

    (test timed out)

TRY 3 TRMNTG [>120.000s] (─────────) synapse-rust::integration admin_registration_service_tests_migrated::test_register_admin_user_disabled
   TRY 3 TMT [ 120.008s] (  10/1396) synapse-rust::integration admin_registration_service_tests_migrated::test_register_admin_user_disabled
  stdout ───

    running 1 test
    test admin_registration_service_tests_migrated::test_register_admin_user_disabled has been running for over 60 seconds

    (test timed out)

        SLOW [> 60.000s] (─────────) synapse-rust::integration admin_registration_service_tests_migrated::test_register_admin_user_duplicate_username
TRY 3 TRMNTG [>120.000s] (─────────) synapse-rust::integration admin_registration_service_tests_migrated::test_hmac_invalid_hex_mac
   TRY 3 TMT [ 120.008s] (  11/1396) synapse-rust::integration admin_registration_service_tests_migrated::test_hmac_invalid_hex_mac
  stdout ───

    running 1 test
    test admin_registration_service_tests_migrated::test_hmac_invalid_hex_mac has been running for over 60 seconds

    (test timed out)

  TRY 3 SLOW [> 60.000s] (─────────) synapse-rust::integration admin_registration_service_tests_migrated::test_hmac_mismatch_tampered_username
  TRY 3 SLOW [> 60.000s] (─────────) synapse-rust::integration admin_registration_service_tests_migrated::test_generate_nonce_unique_values
  TRY 3 SLOW [> 60.000s] (─────────) synapse-rust::integration admin_registration_service_tests_migrated::test_hmac_mismatch_admin_flag
  TRY 3 SLOW [> 60.000s] (─────────) synapse-rust::integration admin_registration_service_tests_migrated::test_nonce_consumed_after_use
  TRY 3 SLOW [> 60.000s] (─────────) synapse-rust::integration admin_registration_service_tests_migrated::test_hmac_mismatch_tampered_password
  TRY 1 FAIL [  30.183s] (─────────) synapse-rust::integration admin_registration_service_tests_migrated::test_register_admin_user_empty_shared_secret
  stdout ───

    running 1 test
    test admin_registration_service_tests_migrated::test_register_admin_user_empty_shared_secret ... FAILED

    failures:

    failures:
        admin_registration_service_tests_migrated::test_register_admin_user_empty_shared_secret

    test result: FAILED. 0 passed; 1 failed; 0 ignored; 0 measured; 1395 filtered out; finished in 30.17s

  stderr ───

    thread 'admin_registration_service_tests_migrated::test_register_admin_user_empty_shared_secret' (65519703) panicked at tests/integration/mod.rs:268:9:
    Integration test requires database setup. For local runs, start PostgreSQL and apply migrations first; in CI this must already succeed. Error: failed to clone template to test_10493_1_1788316036000826000: error returned from database: schema "test_template_v2_aa57a852f2913233" does not exist
    note: run with `RUST_BACKTRACE=1` environment variable to display a backtrace

TRY 1 TRMNTG [>120.000s] (─────────) synapse-rust::integration admin_registration_service_tests_migrated::test_register_admin_user_duplicate_username
   TRY 1 TMT [ 120.008s] (─────────) synapse-rust::integration admin_registration_service_tests_migrated::test_register_admin_user_duplicate_username
  stdout ───

    running 1 test
    test admin_registration_service_tests_migrated::test_register_admin_user_duplicate_username has been running for over 60 seconds

    (test timed out)

        SLOW [> 60.000s] (─────────) synapse-rust::integration admin_registration_service_tests_migrated::test_register_admin_user_invalid_nonce
TRY 3 TRMNTG [>120.000s] (─────────) synapse-rust::integration admin_registration_service_tests_migrated::test_hmac_mismatch_tampered_password
TRY 3 TRMNTG [>120.000s] (─────────) synapse-rust::integration admin_registration_service_tests_migrated::test_nonce_consumed_after_use
TRY 3 TRMNTG [>120.000s] (─────────) synapse-rust::integration admin_registration_service_tests_migrated::test_generate_nonce_unique_values
TRY 3 TRMNTG [>120.000s] (─────────) synapse-rust::integration admin_registration_service_tests_migrated::test_hmac_mismatch_admin_flag
TRY 3 TRMNTG [>120.000s] (─────────) synapse-rust::integration admin_registration_service_tests_migrated::test_hmac_mismatch_tampered_username
   TRY 3 TMT [ 120.006s] (  12/1396) synapse-rust::integration admin_registration_service_tests_migrated::test_hmac_mismatch_tampered_username
  stdout ───

    running 1 test
    test admin_registration_service_tests_migrated::test_hmac_mismatch_tampered_username has been running for over 60 seconds

    (test timed out)

   TRY 3 TMT [ 120.006s] (  13/1396) synapse-rust::integration admin_registration_service_tests_migrated::test_nonce_consumed_after_use
  stdout ───

    running 1 test
    test admin_registration_service_tests_migrated::test_nonce_consumed_after_use has been running for over 60 seconds

    (test timed out)

   TRY 3 TMT [ 120.006s] (  14/1396) synapse-rust::integration admin_registration_service_tests_migrated::test_hmac_mismatch_admin_flag
  stdout ───

    running 1 test
    test admin_registration_service_tests_migrated::test_hmac_mismatch_admin_flag has been running for over 60 seconds

    (test timed out)

   TRY 3 TMT [ 120.006s] (  15/1396) synapse-rust::integration admin_registration_service_tests_migrated::test_generate_nonce_unique_values
  stdout ───

    running 1 test
    test admin_registration_service_tests_migrated::test_generate_nonce_unique_values has been running for over 60 seconds

    (test timed out)

   TRY 3 TMT [ 120.006s] (  16/1396) synapse-rust::integration admin_registration_service_tests_migrated::test_hmac_mismatch_tampered_password
  stdout ───

    running 1 test
    test admin_registration_service_tests_migrated::test_hmac_mismatch_tampered_password has been running for over 60 seconds

    (test timed out)

  TRY 2 SLOW [> 60.000s] (─────────) synapse-rust::integration admin_registration_service_tests_migrated::test_register_admin_user_empty_shared_secret
  TRY 2 FAIL [  30.114s] (─────────) synapse-rust::integration admin_registration_service_tests_migrated::test_register_admin_user_duplicate_username
  stdout ───

    running 1 test
    test admin_registration_service_tests_migrated::test_register_admin_user_duplicate_username ... FAILED

    failures:

    failures:
        admin_registration_service_tests_migrated::test_register_admin_user_duplicate_username

    test result: FAILED. 0 passed; 1 failed; 0 ignored; 0 measured; 1395 filtered out; finished in 30.09s

  stderr ───

    thread 'admin_registration_service_tests_migrated::test_register_admin_user_duplicate_username' (65521397) panicked at tests/integration/mod.rs:268:9:
    Integration test requires database setup. For local runs, start PostgreSQL and apply migrations first; in CI this must already succeed. Error: failed to clone template to test_10976_1_1788316112981247000: error returned from database: schema "test_template_v2_aa57a852f2913233" does not exist
    note: run with `RUST_BACKTRACE=1` environment variable to display a backtrace

TRY 1 TRMNTG [>120.000s] (─────────) synapse-rust::integration admin_registration_service_tests_migrated::test_register_admin_user_invalid_nonce
   TRY 1 TMT [ 120.007s] (─────────) synapse-rust::integration admin_registration_service_tests_migrated::test_register_admin_user_invalid_nonce
  stdout ───

    running 1 test
    test admin_registration_service_tests_migrated::test_register_admin_user_invalid_nonce has been running for over 60 seconds

    (test timed out)

        SLOW [> 60.000s] (─────────) synapse-rust::integration admin_registration_service_tests_migrated::test_register_admin_user_non_admin
        SLOW [> 60.000s] (─────────) synapse-rust::integration admin_registration_service_tests_migrated::test_register_admin_user_wrong_hmac
        SLOW [> 60.000s] (─────────) synapse-rust::integration admin_registration_service_tests_migrated::test_register_admin_user_with_user_type
        SLOW [> 60.000s] (─────────) synapse-rust::integration admin_registration_service_tests_migrated::test_register_admin_user_success
        SLOW [> 60.000s] (─────────) synapse-rust::integration admin_registration_service_tests_migrated::test_register_admin_user_with_displayname
TRY 2 TRMNTG [>120.000s] (─────────) synapse-rust::integration admin_registration_service_tests_migrated::test_register_admin_user_empty_shared_secret
   TRY 2 TMT [ 120.007s] (─────────) synapse-rust::integration admin_registration_service_tests_migrated::test_register_admin_user_empty_shared_secret
  stdout ───

    running 1 test
    test admin_registration_service_tests_migrated::test_register_admin_user_empty_shared_secret has been running for over 60 seconds

    (test timed out)

  TRY 1 FAIL [  73.971s] (─────────) synapse-rust::integration admin_registration_service_tests_migrated::test_register_admin_user_with_user_type
  stdout ───

    running 1 test
    test admin_registration_service_tests_migrated::test_register_admin_user_with_user_type has been running for over 60 seconds
    test admin_registration_service_tests_migrated::test_register_admin_user_with_user_type ... FAILED

    failures:

    failures:
        admin_registration_service_tests_migrated::test_register_admin_user_with_user_type

    test result: FAILED. 0 passed; 1 failed; 0 ignored; 0 measured; 1395 filtered out; finished in 73.95s

  stderr ───

    thread 'admin_registration_service_tests_migrated::test_register_admin_user_with_user_type' (65521643) panicked at tests/integration/mod.rs:268:9:
    Integration test requires database setup. For local runs, start PostgreSQL and apply migrations first; in CI this must already succeed. Error: failed to clone template to test_11048_1_1788316167982137000: error returned from database: schema "test_template_v2_aa57a852f2913233" does not exist
    note: run with `RUST_BACKTRACE=1` environment variable to display a backtrace

  TRY 3 SLOW [> 60.000s] (─────────) synapse-rust::integration admin_registration_service_tests_migrated::test_register_admin_user_duplicate_username
  TRY 2 FAIL [  56.277s] (─────────) synapse-rust::integration admin_registration_service_tests_migrated::test_register_admin_user_invalid_nonce
  stdout ───

    running 1 test
    test admin_registration_service_tests_migrated::test_register_admin_user_invalid_nonce ... FAILED

    failures:

    failures:
        admin_registration_service_tests_migrated::test_register_admin_user_invalid_nonce

    test result: FAILED. 0 passed; 1 failed; 0 ignored; 0 measured; 1395 filtered out; finished in 56.25s

  stderr ───

    thread 'admin_registration_service_tests_migrated::test_register_admin_user_invalid_nonce' (65522743) panicked at tests/integration/mod.rs:268:9:
    Integration test requires database setup. For local runs, start PostgreSQL and apply migrations first; in CI this must already succeed. Error: failed to clone template to test_11361_1_1788316199343512000: error returned from database: schema "test_template_v2_aa57a852f2913233" does not exist
    note: run with `RUST_BACKTRACE=1` environment variable to display a backtrace

TRY 1 TRMNTG [>120.000s] (─────────) synapse-rust::integration admin_registration_service_tests_migrated::test_register_admin_user_with_displayname
TRY 1 TRMNTG [>120.000s] (─────────) synapse-rust::integration admin_registration_service_tests_migrated::test_register_admin_user_wrong_hmac
TRY 1 TRMNTG [>120.000s] (─────────) synapse-rust::integration admin_registration_service_tests_migrated::test_register_admin_user_non_admin
TRY 1 TRMNTG [>120.000s] (─────────) synapse-rust::integration admin_registration_service_tests_migrated::test_register_admin_user_success
   TRY 1 TMT [ 120.010s] (─────────) synapse-rust::integration admin_registration_service_tests_migrated::test_register_admin_user_with_displayname
  stdout ───

    running 1 test
    test admin_registration_service_tests_migrated::test_register_admin_user_with_displayname has been running for over 60 seconds

    (test timed out)

   TRY 1 TMT [ 120.011s] (─────────) synapse-rust::integration admin_registration_service_tests_migrated::test_register_admin_user_non_admin
  stdout ───

    running 1 test
    test admin_registration_service_tests_migrated::test_register_admin_user_non_admin has been running for over 60 seconds

    (test timed out)

   TRY 1 TMT [ 120.011s] (─────────) synapse-rust::integration admin_registration_service_tests_migrated::test_register_admin_user_success
  stdout ───

    running 1 test
    test admin_registration_service_tests_migrated::test_register_admin_user_success has been running for over 60 seconds

    (test timed out)

   TRY 1 TMT [ 120.011s] (─────────) synapse-rust::integration admin_registration_service_tests_migrated::test_register_admin_user_wrong_hmac
  stdout ───

    running 1 test
    test admin_registration_service_tests_migrated::test_register_admin_user_wrong_hmac has been running for over 60 seconds

    (test timed out)

  TRY 3 SLOW [> 60.000s] (─────────) synapse-rust::integration admin_registration_service_tests_migrated::test_register_admin_user_empty_shared_secret
  TRY 2 SLOW [> 60.000s] (─────────) synapse-rust::integration admin_registration_service_tests_migrated::test_register_admin_user_with_user_type
TRY 3 TRMNTG [>120.000s] (─────────) synapse-rust::integration admin_registration_service_tests_migrated::test_register_admin_user_duplicate_username
   TRY 3 TMT [ 120.007s] (  17/1396) synapse-rust::integration admin_registration_service_tests_migrated::test_register_admin_user_duplicate_username
  stdout ───

    running 1 test
    test admin_registration_service_tests_migrated::test_register_admin_user_duplicate_username has been running for over 60 seconds

    (test timed out)

  TRY 3 SLOW [> 60.000s] (─────────) synapse-rust::integration admin_registration_service_tests_migrated::test_register_admin_user_invalid_nonce
  TRY 2 FAIL [  58.511s] (─────────) synapse-rust::integration admin_registration_service_tests_migrated::test_register_admin_user_wrong_hmac
  stdout ───

    running 1 test
    test admin_registration_service_tests_migrated::test_register_admin_user_wrong_hmac ... FAILED

    failures:

    failures:
        admin_registration_service_tests_migrated::test_register_admin_user_wrong_hmac

    test result: FAILED. 0 passed; 1 failed; 0 ignored; 0 measured; 1395 filtered out; finished in 58.48s

  stderr ───

    thread 'admin_registration_service_tests_migrated::test_register_admin_user_wrong_hmac' (65524497) panicked at tests/integration/mod.rs:268:9:
    Integration test requires database setup. For local runs, start PostgreSQL and apply migrations first; in CI this must already succeed. Error: failed to clone template to test_11830_1_1788316272661899000: error returned from database: schema "test_template_v2_aa57a852f2913233" does not exist
    note: run with `RUST_BACKTRACE=1` environment variable to display a backtrace

  TRY 2 SLOW [> 60.000s] (─────────) synapse-rust::integration admin_registration_service_tests_migrated::test_register_admin_user_non_admin
  TRY 2 SLOW [> 60.000s] (─────────) synapse-rust::integration admin_registration_service_tests_migrated::test_register_admin_user_success
  TRY 2 SLOW [> 60.000s] (─────────) synapse-rust::integration admin_registration_service_tests_migrated::test_register_admin_user_with_displayname
TRY 3 TRMNTG [>120.000s] (─────────) synapse-rust::integration admin_registration_service_tests_migrated::test_register_admin_user_empty_shared_secret
   TRY 3 TMT [ 120.009s] (  18/1396) synapse-rust::integration admin_registration_service_tests_migrated::test_register_admin_user_empty_shared_secret
  stdout ───

    running 1 test
    test admin_registration_service_tests_migrated::test_register_admin_user_empty_shared_secret has been running for over 60 seconds

    (test timed out)

TRY 2 TRMNTG [>120.000s] (─────────) synapse-rust::integration admin_registration_service_tests_migrated::test_register_admin_user_with_user_type
   TRY 2 TMT [ 120.009s] (─────────) synapse-rust::integration admin_registration_service_tests_migrated::test_register_admin_user_with_user_type
  stdout ───

    running 1 test
    test admin_registration_service_tests_migrated::test_register_admin_user_with_user_type has been running for over 60 seconds

    (test timed out)

        SLOW [> 60.000s] (─────────) synapse-rust::integration api_account_data_routes_tests::test_account_data_list_returns_saved_entries
  TRY 2 FAIL [  88.734s] (─────────) synapse-rust::integration admin_registration_service_tests_migrated::test_register_admin_user_success
  stdout ───

    running 1 test
    test admin_registration_service_tests_migrated::test_register_admin_user_success has been running for over 60 seconds
    test admin_registration_service_tests_migrated::test_register_admin_user_success ... FAILED

    failures:

    failures:
        admin_registration_service_tests_migrated::test_register_admin_user_success

    test result: FAILED. 0 passed; 1 failed; 0 ignored; 0 measured; 1395 filtered out; finished in 88.71s

  stderr ───

    thread 'admin_registration_service_tests_migrated::test_register_admin_user_success' (65524498) panicked at tests/integration/mod.rs:268:9:
    Integration test requires database setup. For local runs, start PostgreSQL and apply migrations first; in CI this must already succeed. Error: failed to clone template to test_11829_1_1788316302972639000: error returned from database: schema "test_template_v2_aa57a852f2913233" does not exist
    note: run with `RUST_BACKTRACE=1` environment variable to display a backtrace

TRY 3 TRMNTG [>120.000s] (─────────) synapse-rust::integration admin_registration_service_tests_migrated::test_register_admin_user_invalid_nonce
   TRY 3 TMT [ 120.008s] (  19/1396) synapse-rust::integration admin_registration_service_tests_migrated::test_register_admin_user_invalid_nonce
  stdout ───

    running 1 test
    test admin_registration_service_tests_migrated::test_register_admin_user_invalid_nonce has been running for over 60 seconds

    (test timed out)

  TRY 3 SLOW [> 60.000s] (─────────) synapse-rust::integration admin_registration_service_tests_migrated::test_register_admin_user_wrong_hmac
TRY 2 TRMNTG [>120.000s] (─────────) synapse-rust::integration admin_registration_service_tests_migrated::test_register_admin_user_with_displayname
TRY 2 TRMNTG [>120.000s] (─────────) synapse-rust::integration admin_registration_service_tests_migrated::test_register_admin_user_non_admin
   TRY 2 TMT [ 120.008s] (─────────) synapse-rust::integration admin_registration_service_tests_migrated::test_register_admin_user_with_displayname
  stdout ───

    running 1 test
    test admin_registration_service_tests_migrated::test_register_admin_user_with_displayname has been running for over 60 seconds

    (test timed out)

   TRY 2 TMT [ 120.008s] (─────────) synapse-rust::integration admin_registration_service_tests_migrated::test_register_admin_user_non_admin
  stdout ───

    running 1 test
    test admin_registration_service_tests_migrated::test_register_admin_user_non_admin has been running for over 60 seconds

    (test timed out)

        SLOW [> 60.000s] (─────────) synapse-rust::integration api_account_data_routes_tests::test_account_data_round_trip_across_v3_and_r0
  TRY 3 SLOW [> 60.000s] (─────────) synapse-rust::integration admin_registration_service_tests_migrated::test_register_admin_user_with_user_type
TRY 1 TRMNTG [>120.000s] (─────────) synapse-rust::integration api_account_data_routes_tests::test_account_data_list_returns_saved_entries
   TRY 1 TMT [ 120.008s] (─────────) synapse-rust::integration api_account_data_routes_tests::test_account_data_list_returns_saved_entries
  stdout ───

    running 1 test
    test api_account_data_routes_tests::test_account_data_list_returns_saved_entries has been running for over 60 seconds

    (test timed out)

        PASS [  80.914s] (  20/1396) synapse-rust::integration api_account_data_routes_tests::test_account_data_round_trip_across_v3_and_r0
  TRY 3 SLOW [> 60.000s] (─────────) synapse-rust::integration admin_registration_service_tests_migrated::test_register_admin_user_success
        SLOW [> 60.000s] (─────────) synapse-rust::integration api_account_data_routes_tests::test_dehydrated_device_ssss_precondition_accepts_account_data_default_key
  TRY 3 FAIL [  51.913s] (  21/1396) synapse-rust::integration admin_registration_service_tests_migrated::test_register_admin_user_with_displayname
  stdout ───

    running 1 test
    test admin_registration_service_tests_migrated::test_register_admin_user_with_displayname ... FAILED

    failures:

    failures:
        admin_registration_service_tests_migrated::test_register_admin_user_with_displayname

    test result: FAILED. 0 passed; 1 failed; 0 ignored; 0 measured; 1395 filtered out; finished in 51.90s

  stderr ───

    thread 'admin_registration_service_tests_migrated::test_register_admin_user_with_displayname' (65527644) panicked at tests/integration/mod.rs:268:9:
    Integration test requires database setup. For local runs, start PostgreSQL and apply migrations first; in CI this must already succeed. Error: failed to clone template to test_12624_1_1788316386221043000: error returned from database: schema "test_template_v2_aa57a852f2913233" does not exist
    note: run with `RUST_BACKTRACE=1` environment variable to display a backtrace

TRY 3 TRMNTG [>120.000s] (─────────) synapse-rust::integration admin_registration_service_tests_migrated::test_register_admin_user_wrong_hmac
   TRY 3 TMT [ 120.009s] (  22/1396) synapse-rust::integration admin_registration_service_tests_migrated::test_register_admin_user_wrong_hmac
  stdout ───

    running 1 test
    test admin_registration_service_tests_migrated::test_register_admin_user_wrong_hmac has been running for over 60 seconds

    (test timed out)

  TRY 3 SLOW [> 60.000s] (─────────) synapse-rust::integration admin_registration_service_tests_migrated::test_register_admin_user_non_admin
TRY 3 TRMNTG [>120.000s] (─────────) synapse-rust::integration admin_registration_service_tests_migrated::test_register_admin_user_with_user_type
   TRY 3 TMT [ 120.009s] (  23/1396) synapse-rust::integration admin_registration_service_tests_migrated::test_register_admin_user_with_user_type
  stdout ───

    running 1 test
    test admin_registration_service_tests_migrated::test_register_admin_user_with_user_type has been running for over 60 seconds

    (test timed out)

  TRY 2 SLOW [> 60.000s] (─────────) synapse-rust::integration api_account_data_routes_tests::test_account_data_list_returns_saved_entries
        SLOW [> 60.000s] (─────────) synapse-rust::integration api_account_data_routes_tests::test_filter_post_route_round_trip
TRY 3 TRMNTG [>120.000s] (─────────) synapse-rust::integration admin_registration_service_tests_migrated::test_register_admin_user_success
   TRY 3 TMT [ 120.006s] (  24/1396) synapse-rust::integration admin_registration_service_tests_migrated::test_register_admin_user_success
  stdout ───

    running 1 test
    test admin_registration_service_tests_migrated::test_register_admin_user_success has been running for over 60 seconds

    (test timed out)

TRY 1 TRMNTG [>120.000s] (─────────) synapse-rust::integration api_account_data_routes_tests::test_dehydrated_device_ssss_precondition_accepts_account_data_default_key
   TRY 1 TMT [ 120.009s] (─────────) synapse-rust::integration api_account_data_routes_tests::test_dehydrated_device_ssss_precondition_accepts_account_data_default_key
  stdout ───

    running 1 test
    test api_account_data_routes_tests::test_dehydrated_device_ssss_precondition_accepts_account_data_default_key has been running for over 60 seconds

    (test timed out)

        PASS [  48.734s] (  25/1396) synapse-rust::integration api_account_data_routes_tests::test_openid_request_token_route_is_shared
        SLOW [> 60.000s] (─────────) synapse-rust::integration api_account_data_routes_tests::test_filter_round_trip_across_versions
TRY 3 TRMNTG [>120.000s] (─────────) synapse-rust::integration admin_registration_service_tests_migrated::test_register_admin_user_non_admin
   TRY 3 TMT [ 120.008s] (  26/1396) synapse-rust::integration admin_registration_service_tests_migrated::test_register_admin_user_non_admin
  stdout ───

    running 1 test
    test admin_registration_service_tests_migrated::test_register_admin_user_non_admin has been running for over 60 seconds

    (test timed out)

        SLOW [> 60.000s] (─────────) synapse-rust::integration api_account_data_routes_tests::test_room_account_data_round_trip_across_versions
TRY 2 TRMNTG [>120.000s] (─────────) synapse-rust::integration api_account_data_routes_tests::test_account_data_list_returns_saved_entries
   TRY 2 TMT [ 120.007s] (─────────) synapse-rust::integration api_account_data_routes_tests::test_account_data_list_returns_saved_entries
  stdout ───

    running 1 test
    test api_account_data_routes_tests::test_account_data_list_returns_saved_entries has been running for over 60 seconds

    (test timed out)

TRY 1 TRMNTG [>120.000s] (─────────) synapse-rust::integration api_account_data_routes_tests::test_filter_post_route_round_trip
   TRY 1 TMT [ 120.008s] (─────────) synapse-rust::integration api_account_data_routes_tests::test_filter_post_route_round_trip
  stdout ───

    running 1 test
    test api_account_data_routes_tests::test_filter_post_route_round_trip has been running for over 60 seconds

    (test timed out)

        SLOW [> 60.000s] (─────────) synapse-rust::integration api_account_data_routes_tests::test_secret_storage_default_key_falls_back_to_internal_ssss
        PASS [  31.009s] (  27/1396) synapse-rust::integration api_account_data_routes_tests::test_secret_storage_key_account_data_write_syncs_internal_ssss
  TRY 2 SLOW [> 60.000s] (─────────) synapse-rust::integration api_account_data_routes_tests::test_dehydrated_device_ssss_precondition_accepts_account_data_default_key
        SLOW [> 60.000s] (─────────) synapse-rust::integration api_account_data_routes_tests::test_secret_storage_default_key_write_backfills_internal_ssss_from_standard_account_data
TRY 1 TRMNTG [>120.000s] (─────────) synapse-rust::integration api_account_data_routes_tests::test_filter_round_trip_across_versions
   TRY 1 TMT [ 120.007s] (─────────) synapse-rust::integration api_account_data_routes_tests::test_filter_round_trip_across_versions
  stdout ───

    running 1 test
    test api_account_data_routes_tests::test_filter_round_trip_across_versions has been running for over 60 seconds

    (test timed out)

TRY 1 TRMNTG [>120.000s] (─────────) synapse-rust::integration api_account_data_routes_tests::test_room_account_data_round_trip_across_versions
   TRY 1 TMT [ 120.007s] (─────────) synapse-rust::integration api_account_data_routes_tests::test_room_account_data_round_trip_across_versions
  stdout ───

    running 1 test
    test api_account_data_routes_tests::test_room_account_data_round_trip_across_versions has been running for over 60 seconds

    (test timed out)

  TRY 3 SLOW [> 60.000s] (─────────) synapse-rust::integration api_account_data_routes_tests::test_account_data_list_returns_saved_entries
  TRY 2 SLOW [> 60.000s] (─────────) synapse-rust::integration api_account_data_routes_tests::test_filter_post_route_round_trip
  TRY 2 PASS [  64.710s] (  28/1396) synapse-rust::integration api_account_data_routes_tests::test_filter_post_route_round_trip
           - test configured to fail if flaky
TRY 1 TRMNTG [>120.000s] (─────────) synapse-rust::integration api_account_data_routes_tests::test_secret_storage_default_key_falls_back_to_internal_ssss
   TRY 1 TMT [ 120.007s] (─────────) synapse-rust::integration api_account_data_routes_tests::test_secret_storage_default_key_falls_back_to_internal_ssss
  stdout ───

    running 1 test
    test api_account_data_routes_tests::test_secret_storage_default_key_falls_back_to_internal_ssss has been running for over 60 seconds

    (test timed out)

        SLOW [> 60.000s] (─────────) synapse-rust::integration api_account_data_routes_tests::test_tags_routes_reject_admin_access_to_other_users_data
TRY 2 TRMNTG [>120.000s] (─────────) synapse-rust::integration api_account_data_routes_tests::test_dehydrated_device_ssss_precondition_accepts_account_data_default_key
   TRY 2 TMT [ 120.008s] (─────────) synapse-rust::integration api_account_data_routes_tests::test_dehydrated_device_ssss_precondition_accepts_account_data_default_key
  stdout ───

    running 1 test
    test api_account_data_routes_tests::test_dehydrated_device_ssss_precondition_accepts_account_data_default_key has been running for over 60 seconds

    (test timed out)

TRY 1 TRMNTG [>120.000s] (─────────) synapse-rust::integration api_account_data_routes_tests::test_secret_storage_default_key_write_backfills_internal_ssss_from_standard_account_data
   TRY 1 TMT [ 120.006s] (─────────) synapse-rust::integration api_account_data_routes_tests::test_secret_storage_default_key_write_backfills_internal_ssss_from_standard_account_data
  stdout ───

    running 1 test
    test api_account_data_routes_tests::test_secret_storage_default_key_write_backfills_internal_ssss_from_standard_account_data has been running for over 60 seconds

    (test timed out)

  TRY 2 SLOW [> 60.000s] (─────────) synapse-rust::integration api_account_data_routes_tests::test_filter_round_trip_across_versions
  TRY 2 SLOW [> 60.000s] (─────────) synapse-rust::integration api_account_data_routes_tests::test_room_account_data_round_trip_across_versions
  TRY 2 PASS [  30.137s] (  29/1396) synapse-rust::integration api_account_data_routes_tests::test_secret_storage_default_key_write_backfills_internal_ssss_from_standard_account_data
           - test configured to fail if flaky
TRY 3 TRMNTG [>120.000s] (─────────) synapse-rust::integration api_account_data_routes_tests::test_account_data_list_returns_saved_entries
   TRY 3 TMT [ 120.007s] (  30/1396) synapse-rust::integration api_account_data_routes_tests::test_account_data_list_returns_saved_entries
  stdout ───

    running 1 test
    test api_account_data_routes_tests::test_account_data_list_returns_saved_entries has been running for over 60 seconds

    (test timed out)

        SLOW [> 60.000s] (─────────) synapse-rust::integration api_account_data_routes_tests::test_tags_routes_work_across_v3_and_r0
  TRY 2 SLOW [> 60.000s] (─────────) synapse-rust::integration api_account_data_routes_tests::test_secret_storage_default_key_falls_back_to_internal_ssss
TRY 1 TRMNTG [>120.000s] (─────────) synapse-rust::integration api_account_data_routes_tests::test_tags_routes_reject_admin_access_to_other_users_data
   TRY 1 TMT [ 120.008s] (─────────) synapse-rust::integration api_account_data_routes_tests::test_tags_routes_reject_admin_access_to_other_users_data
  stdout ───

    running 1 test
    test api_account_data_routes_tests::test_tags_routes_reject_admin_access_to_other_users_data has been running for over 60 seconds

    (test timed out)

  TRY 3 SLOW [> 60.000s] (─────────) synapse-rust::integration api_account_data_routes_tests::test_dehydrated_device_ssss_precondition_accepts_account_data_default_key
TRY 2 TRMNTG [>120.000s] (─────────) synapse-rust::integration api_account_data_routes_tests::test_filter_round_trip_across_versions
   TRY 2 TMT [ 120.006s] (─────────) synapse-rust::integration api_account_data_routes_tests::test_filter_round_trip_across_versions
  stdout ───

    running 1 test
    test api_account_data_routes_tests::test_filter_round_trip_across_versions has been running for over 60 seconds

    (test timed out)

TRY 2 TRMNTG [>120.000s] (─────────) synapse-rust::integration api_account_data_routes_tests::test_room_account_data_round_trip_across_versions
   TRY 2 TMT [ 120.008s] (─────────) synapse-rust::integration api_account_data_routes_tests::test_room_account_data_round_trip_across_versions
  stdout ───

    running 1 test
    test api_account_data_routes_tests::test_room_account_data_round_trip_across_versions has been running for over 60 seconds

    (test timed out)

        PASS [ 106.672s] (  31/1396) synapse-rust::integration api_account_data_routes_tests::test_tags_routes_work_across_v3_and_r0
        SLOW [> 60.000s] (─────────) synapse-rust::integration api_admin_audit_tests::test_admin_audit_write_query_and_trace
        SLOW [> 60.000s] (─────────) synapse-rust::integration api_admin_audit_tests::test_audit_query_requires_admin
TRY 2 TRMNTG [>120.000s] (─────────) synapse-rust::integration api_account_data_routes_tests::test_secret_storage_default_key_falls_back_to_internal_ssss
   TRY 2 TMT [ 120.007s] (─────────) synapse-rust::integration api_account_data_routes_tests::test_secret_storage_default_key_falls_back_to_internal_ssss
  stdout ───

    running 1 test
    test api_account_data_routes_tests::test_secret_storage_default_key_falls_back_to_internal_ssss has been running for over 60 seconds

    (test timed out)

  TRY 2 SLOW [> 60.000s] (─────────) synapse-rust::integration api_account_data_routes_tests::test_tags_routes_reject_admin_access_to_other_users_data
  TRY 3 PASS [ 118.556s] (  32/1396) synapse-rust::integration api_account_data_routes_tests::test_dehydrated_device_ssss_precondition_accepts_account_data_default_key
           - test configured to fail if flaky
  TRY 3 SLOW [> 60.000s] (─────────) synapse-rust::integration api_account_data_routes_tests::test_filter_round_trip_across_versions
  TRY 3 SLOW [> 60.000s] (─────────) synapse-rust::integration api_account_data_routes_tests::test_room_account_data_round_trip_across_versions
        SLOW [> 60.000s] (─────────) synapse-rust::integration api_admin_audit_tests::test_shadow_ban_writes_audit_event
TRY 1 TRMNTG [>120.000s] (─────────) synapse-rust::integration api_admin_audit_tests::test_admin_audit_write_query_and_trace
   TRY 1 TMT [ 120.005s] (─────────) synapse-rust::integration api_admin_audit_tests::test_admin_audit_write_query_and_trace
  stdout ───

    running 1 test
    test api_admin_audit_tests::test_admin_audit_write_query_and_trace has been running for over 60 seconds

    (test timed out)

TRY 1 TRMNTG [>120.000s] (─────────) synapse-rust::integration api_admin_audit_tests::test_audit_query_requires_admin
   TRY 1 TMT [ 120.007s] (─────────) synapse-rust::integration api_admin_audit_tests::test_audit_query_requires_admin
  stdout ───

    running 1 test
    test api_admin_audit_tests::test_audit_query_requires_admin has been running for over 60 seconds

    (test timed out)

  TRY 3 SLOW [> 60.000s] (─────────) synapse-rust::integration api_account_data_routes_tests::test_secret_storage_default_key_falls_back_to_internal_ssss
TRY 2 TRMNTG [>120.000s] (─────────) synapse-rust::integration api_account_data_routes_tests::test_tags_routes_reject_admin_access_to_other_users_data
   TRY 2 TMT [ 120.009s] (─────────) synapse-rust::integration api_account_data_routes_tests::test_tags_routes_reject_admin_access_to_other_users_data
  stdout ───

    running 1 test
    test api_account_data_routes_tests::test_tags_routes_reject_admin_access_to_other_users_data has been running for over 60 seconds

    (test timed out)

        SLOW [> 60.000s] (─────────) synapse-rust::integration api_admin_federation_tests::test_admin_federation_blacklist_cache_and_confirm_routes_work
        PASS [  92.175s] (  33/1396) synapse-rust::integration api_admin_audit_tests::test_shadow_ban_writes_audit_event
TRY 3 TRMNTG [>120.000s] (─────────) synapse-rust::integration api_account_data_routes_tests::test_filter_round_trip_across_versions
   TRY 3 TMT [ 120.007s] (  34/1396) synapse-rust::integration api_account_data_routes_tests::test_filter_round_trip_across_versions
  stdout ───

    running 1 test
    test api_account_data_routes_tests::test_filter_round_trip_across_versions has been running for over 60 seconds

    (test timed out)

TRY 3 TRMNTG [>120.000s] (─────────) synapse-rust::integration api_account_data_routes_tests::test_room_account_data_round_trip_across_versions
   TRY 3 TMT [ 120.009s] (  35/1396) synapse-rust::integration api_account_data_routes_tests::test_room_account_data_round_trip_across_versions
  stdout ───

    running 1 test
    test api_account_data_routes_tests::test_room_account_data_round_trip_across_versions has been running for over 60 seconds

    (test timed out)

  TRY 2 SLOW [> 60.000s] (─────────) synapse-rust::integration api_admin_audit_tests::test_admin_audit_write_query_and_trace
  TRY 2 SLOW [> 60.000s] (─────────) synapse-rust::integration api_admin_audit_tests::test_audit_query_requires_admin
TRY 3 TRMNTG [>120.000s] (─────────) synapse-rust::integration api_account_data_routes_tests::test_secret_storage_default_key_falls_back_to_internal_ssss
   TRY 3 TMT [ 120.009s] (  36/1396) synapse-rust::integration api_account_data_routes_tests::test_secret_storage_default_key_falls_back_to_internal_ssss
  stdout ───

    running 1 test
    test api_account_data_routes_tests::test_secret_storage_default_key_falls_back_to_internal_ssss has been running for over 60 seconds

    (test timed out)

  TRY 3 SLOW [> 60.000s] (─────────) synapse-rust::integration api_account_data_routes_tests::test_tags_routes_reject_admin_access_to_other_users_data
        PASS [  29.451s] (  37/1396) synapse-rust::integration api_admin_federation_tests::test_admin_federation_routes_require_admin
TRY 1 TRMNTG [>120.000s] (─────────) synapse-rust::integration api_admin_federation_tests::test_admin_federation_blacklist_cache_and_confirm_routes_work
   TRY 1 TMT [ 120.008s] (─────────) synapse-rust::integration api_admin_federation_tests::test_admin_federation_blacklist_cache_and_confirm_routes_work
  stdout ───

    running 1 test
    test api_admin_federation_tests::test_admin_federation_blacklist_cache_and_confirm_routes_work has been running for over 60 seconds

    (test timed out)

        SLOW [> 60.000s] (─────────) synapse-rust::integration api_admin_federation_tests::test_admin_federation_destination_writes_require_existing_destination
        SLOW [> 60.000s] (─────────) synapse-rust::integration api_admin_federation_tests::test_admin_federation_destinations_routes_work
TRY 2 TRMNTG [>120.000s] (─────────) synapse-rust::integration api_admin_audit_tests::test_admin_audit_write_query_and_trace
   TRY 2 TMT [ 120.008s] (─────────) synapse-rust::integration api_admin_audit_tests::test_admin_audit_write_query_and_trace
  stdout ───

    running 1 test
    test api_admin_audit_tests::test_admin_audit_write_query_and_trace has been running for over 60 seconds

    (test timed out)

TRY 2 TRMNTG [>120.000s] (─────────) synapse-rust::integration api_admin_audit_tests::test_audit_query_requires_admin
   TRY 2 TMT [ 120.008s] (─────────) synapse-rust::integration api_admin_audit_tests::test_audit_query_requires_admin
  stdout ───

    running 1 test
    test api_admin_audit_tests::test_audit_query_requires_admin has been running for over 60 seconds

    (test timed out)

        SLOW [> 60.000s] (─────────) synapse-rust::integration api_admin_federation_tests::test_admin_federation_sensitive_routes_require_super_admin
TRY 3 TRMNTG [>120.000s] (─────────) synapse-rust::integration api_account_data_routes_tests::test_tags_routes_reject_admin_access_to_other_users_data
   TRY 3 TMT [ 120.009s] (  38/1396) synapse-rust::integration api_account_data_routes_tests::test_tags_routes_reject_admin_access_to_other_users_data
  stdout ───

    running 1 test
    test api_account_data_routes_tests::test_tags_routes_reject_admin_access_to_other_users_data has been running for over 60 seconds

    (test timed out)

        PASS [ 111.538s] (  39/1396) synapse-rust::integration api_admin_federation_tests::test_admin_federation_destination_writes_require_existing_destination
        SLOW [> 60.000s] (─────────) synapse-rust::integration api_admin_federation_tests::test_admin_federation_single_entry_deletes_require_existing_target
  TRY 2 SLOW [> 60.000s] (─────────) synapse-rust::integration api_admin_federation_tests::test_admin_federation_blacklist_cache_and_confirm_routes_work
TRY 1 TRMNTG [>120.000s] (─────────) synapse-rust::integration api_admin_federation_tests::test_admin_federation_destinations_routes_work
   TRY 1 TMT [ 120.011s] (─────────) synapse-rust::integration api_admin_federation_tests::test_admin_federation_destinations_routes_work
  stdout ───

    running 1 test
    test api_admin_federation_tests::test_admin_federation_destinations_routes_work has been running for over 60 seconds

    (test timed out)

        PASS [  84.098s] (  40/1396) synapse-rust::integration api_admin_federation_tests::test_admin_federation_single_entry_deletes_require_existing_target
  TRY 3 SLOW [> 60.000s] (─────────) synapse-rust::integration api_admin_audit_tests::test_admin_audit_write_query_and_trace
  TRY 3 SLOW [> 60.000s] (─────────) synapse-rust::integration api_admin_audit_tests::test_audit_query_requires_admin
TRY 1 TRMNTG [>120.000s] (─────────) synapse-rust::integration api_admin_federation_tests::test_admin_federation_sensitive_routes_require_super_admin
   TRY 1 TMT [ 120.008s] (─────────) synapse-rust::integration api_admin_federation_tests::test_admin_federation_sensitive_routes_require_super_admin
  stdout ───

    running 1 test
    test api_admin_federation_tests::test_admin_federation_sensitive_routes_require_super_admin has been running for over 60 seconds

    (test timed out)

        SLOW [> 60.000s] (─────────) synapse-rust::integration api_admin_federation_tests::test_federation_admission_confirm_accept_pending_server
        SLOW [> 60.000s] (─────────) synapse-rust::integration api_admin_federation_tests::test_federation_admission_confirm_reject_pending_server
TRY 2 TRMNTG [>120.000s] (─────────) synapse-rust::integration api_admin_federation_tests::test_admin_federation_blacklist_cache_and_confirm_routes_work
   TRY 2 TMT [ 120.006s] (─────────) synapse-rust::integration api_admin_federation_tests::test_admin_federation_blacklist_cache_and_confirm_routes_work
  stdout ───

    running 1 test
    test api_admin_federation_tests::test_admin_federation_blacklist_cache_and_confirm_routes_work has been running for over 60 seconds

    (test timed out)

  TRY 2 SLOW [> 60.000s] (─────────) synapse-rust::integration api_admin_federation_tests::test_admin_federation_destinations_routes_work
        PASS [  91.455s] (  41/1396) synapse-rust::integration api_admin_federation_tests::test_federation_admission_confirm_accept_pending_server
        SLOW [> 60.000s] (─────────) synapse-rust::integration api_admin_federation_tests::test_federation_admission_confirm_rejects_non_pending
TRY 3 TRMNTG [>120.000s] (─────────) synapse-rust::integration api_admin_audit_tests::test_admin_audit_write_query_and_trace
   TRY 3 TMT [ 120.009s] (  42/1396) synapse-rust::integration api_admin_audit_tests::test_admin_audit_write_query_and_trace
  stdout ───

    running 1 test
    test api_admin_audit_tests::test_admin_audit_write_query_and_trace has been running for over 60 seconds

    (test timed out)

TRY 3 TRMNTG [>120.000s] (─────────) synapse-rust::integration api_admin_audit_tests::test_audit_query_requires_admin
   TRY 3 TMT [ 120.008s] (  43/1396) synapse-rust::integration api_admin_audit_tests::test_audit_query_requires_admin
  stdout ───

    running 1 test
    test api_admin_audit_tests::test_audit_query_requires_admin has been running for over 60 seconds

    (test timed out)

  TRY 2 SLOW [> 60.000s] (─────────) synapse-rust::integration api_admin_federation_tests::test_admin_federation_sensitive_routes_require_super_admin
  TRY 3 PASS [  48.329s] (  44/1396) synapse-rust::integration api_admin_federation_tests::test_admin_federation_blacklist_cache_and_confirm_routes_work
           - test configured to fail if flaky
TRY 1 TRMNTG [>120.000s] (─────────) synapse-rust::integration api_admin_federation_tests::test_federation_admission_confirm_reject_pending_server
   TRY 1 TMT [ 120.008s] (─────────) synapse-rust::integration api_admin_federation_tests::test_federation_admission_confirm_reject_pending_server
  stdout ───

    running 1 test
    test api_admin_federation_tests::test_federation_admission_confirm_reject_pending_server has been running for over 60 seconds

    (test timed out)

TRY 2 TRMNTG [>120.000s] (─────────) synapse-rust::integration api_admin_federation_tests::test_admin_federation_destinations_routes_work
   TRY 2 TMT [ 120.007s] (─────────) synapse-rust::integration api_admin_federation_tests::test_admin_federation_destinations_routes_work
  stdout ───

    running 1 test
    test api_admin_federation_tests::test_admin_federation_destinations_routes_work has been running for over 60 seconds

    (test timed out)

        SLOW [> 60.000s] (─────────) synapse-rust::integration api_admin_federation_tests::test_federation_admission_confirm_unknown_server
TRY 1 TRMNTG [>120.000s] (─────────) synapse-rust::integration api_admin_federation_tests::test_federation_admission_confirm_rejects_non_pending
   TRY 1 TMT [ 120.006s] (─────────) synapse-rust::integration api_admin_federation_tests::test_federation_admission_confirm_rejects_non_pending
  stdout ───

    running 1 test
    test api_admin_federation_tests::test_federation_admission_confirm_rejects_non_pending has been running for over 60 seconds

    (test timed out)

        SLOW [> 60.000s] (─────────) synapse-rust::integration api_admin_federation_tests::test_federation_admission_destinations_include_status
        SLOW [> 60.000s] (─────────) synapse-rust::integration api_admin_federation_tests::test_federation_admission_list_pending
        PASS [  68.716s] (  45/1396) synapse-rust::integration api_admin_federation_tests::test_federation_admission_list_pending
TRY 2 TRMNTG [>120.000s] (─────────) synapse-rust::integration api_admin_federation_tests::test_admin_federation_sensitive_routes_require_super_admin
   TRY 2 TMT [ 120.006s] (─────────) synapse-rust::integration api_admin_federation_tests::test_admin_federation_sensitive_routes_require_super_admin
  stdout ───

    running 1 test
    test api_admin_federation_tests::test_admin_federation_sensitive_routes_require_super_admin has been running for over 60 seconds

    (test timed out)

        SLOW [> 60.000s] (─────────) synapse-rust::integration api_admin_room_lifecycle_tests::test_admin_backfill_requires_existing_room
  TRY 2 SLOW [> 60.000s] (─────────) synapse-rust::integration api_admin_federation_tests::test_federation_admission_confirm_reject_pending_server
  TRY 3 SLOW [> 60.000s] (─────────) synapse-rust::integration api_admin_federation_tests::test_admin_federation_destinations_routes_work
        PASS [ 117.442s] (  46/1396) synapse-rust::integration api_admin_federation_tests::test_federation_admission_confirm_unknown_server
  TRY 2 SLOW [> 60.000s] (─────────) synapse-rust::integration api_admin_federation_tests::test_federation_admission_confirm_rejects_non_pending
TRY 1 TRMNTG [>120.000s] (─────────) synapse-rust::integration api_admin_federation_tests::test_federation_admission_destinations_include_status
   TRY 1 TMT [ 120.009s] (─────────) synapse-rust::integration api_admin_federation_tests::test_federation_admission_destinations_include_status
  stdout ───

    running 1 test
    test api_admin_federation_tests::test_federation_admission_destinations_include_status has been running for over 60 seconds

    (test timed out)

        SLOW [> 60.000s] (─────────) synapse-rust::integration api_admin_room_lifecycle_tests::test_admin_purge_history_requires_existing_room
  TRY 3 SLOW [> 60.000s] (─────────) synapse-rust::integration api_admin_federation_tests::test_admin_federation_sensitive_routes_require_super_admin
TRY 1 TRMNTG [>120.000s] (─────────) synapse-rust::integration api_admin_room_lifecycle_tests::test_admin_backfill_requires_existing_room
   TRY 1 TMT [ 120.006s] (─────────) synapse-rust::integration api_admin_room_lifecycle_tests::test_admin_backfill_requires_existing_room
  stdout ───

    running 1 test
    test api_admin_room_lifecycle_tests::test_admin_backfill_requires_existing_room has been running for over 60 seconds

    (test timed out)

TRY 2 TRMNTG [>120.000s] (─────────) synapse-rust::integration api_admin_federation_tests::test_federation_admission_confirm_reject_pending_server
   TRY 2 TMT [ 120.006s] (─────────) synapse-rust::integration api_admin_federation_tests::test_federation_admission_confirm_reject_pending_server
  stdout ───

    running 1 test
    test api_admin_federation_tests::test_federation_admission_confirm_reject_pending_server has been running for over 60 seconds

    (test timed out)

TRY 3 TRMNTG [>120.000s] (─────────) synapse-rust::integration api_admin_federation_tests::test_admin_federation_destinations_routes_work
   TRY 3 TMT [ 120.008s] (  47/1396) synapse-rust::integration api_admin_federation_tests::test_admin_federation_destinations_routes_work
  stdout ───

    running 1 test
    test api_admin_federation_tests::test_admin_federation_destinations_routes_work has been running for over 60 seconds

    (test timed out)

        PASS [  87.507s] (  48/1396) synapse-rust::integration api_admin_room_lifecycle_tests::test_admin_purge_history_requires_existing_room
        SLOW [> 60.000s] (─────────) synapse-rust::integration api_admin_room_lifecycle_tests::test_admin_room_history_purge
TRY 2 TRMNTG [>120.000s] (─────────) synapse-rust::integration api_admin_federation_tests::test_federation_admission_confirm_rejects_non_pending
   TRY 2 TMT [ 120.010s] (─────────) synapse-rust::integration api_admin_federation_tests::test_federation_admission_confirm_rejects_non_pending
  stdout ───

    running 1 test
    test api_admin_federation_tests::test_federation_admission_confirm_rejects_non_pending has been running for over 60 seconds

    (test timed out)

  TRY 2 SLOW [> 60.000s] (─────────) synapse-rust::integration api_admin_federation_tests::test_federation_admission_destinations_include_status
TRY 3 TRMNTG [>120.000s] (─────────) synapse-rust::integration api_admin_federation_tests::test_admin_federation_sensitive_routes_require_super_admin
   TRY 3 TMT [ 120.008s] (  49/1396) synapse-rust::integration api_admin_federation_tests::test_admin_federation_sensitive_routes_require_super_admin
  stdout ───

    running 1 test
    test api_admin_federation_tests::test_admin_federation_sensitive_routes_require_super_admin has been running for over 60 seconds

    (test timed out)

  TRY 2 SLOW [> 60.000s] (─────────) synapse-rust::integration api_admin_room_lifecycle_tests::test_admin_backfill_requires_existing_room
        PASS [  45.469s] (  50/1396) synapse-rust::integration api_admin_room_lifecycle_tests::test_admin_room_lifecycle_management
  TRY 3 SLOW [> 60.000s] (─────────) synapse-rust::integration api_admin_federation_tests::test_federation_admission_confirm_reject_pending_server
        SLOW [> 60.000s] (─────────) synapse-rust::integration api_admin_room_lifecycle_tests::test_admin_room_list_and_search
TRY 1 TRMNTG [>120.000s] (─────────) synapse-rust::integration api_admin_room_lifecycle_tests::test_admin_room_history_purge
   TRY 1 TMT [ 120.008s] (─────────) synapse-rust::integration api_admin_room_lifecycle_tests::test_admin_room_history_purge
  stdout ───

    running 1 test
    test api_admin_room_lifecycle_tests::test_admin_room_history_purge has been running for over 60 seconds

    (test timed out)

  TRY 3 SLOW [> 60.000s] (─────────) synapse-rust::integration api_admin_federation_tests::test_federation_admission_confirm_rejects_non_pending
TRY 2 TRMNTG [>120.000s] (─────────) synapse-rust::integration api_admin_federation_tests::test_federation_admission_destinations_include_status
   TRY 2 TMT [ 120.007s] (─────────) synapse-rust::integration api_admin_federation_tests::test_federation_admission_destinations_include_status
  stdout ───

    running 1 test
    test api_admin_federation_tests::test_federation_admission_destinations_include_status has been running for over 60 seconds

    (test timed out)

        SLOW [> 60.000s] (─────────) synapse-rust::integration api_admin_user_lifecycle_tests::test_admin_user_lifecycle_management
TRY 2 TRMNTG [>120.000s] (─────────) synapse-rust::integration api_admin_room_lifecycle_tests::test_admin_backfill_requires_existing_room
   TRY 2 TMT [ 120.007s] (─────────) synapse-rust::integration api_admin_room_lifecycle_tests::test_admin_backfill_requires_existing_room
  stdout ───

    running 1 test
    test api_admin_room_lifecycle_tests::test_admin_backfill_requires_existing_room has been running for over 60 seconds

    (test timed out)

  TRY 3 PASS [ 114.962s] (  51/1396) synapse-rust::integration api_admin_federation_tests::test_federation_admission_confirm_reject_pending_server
           - test configured to fail if flaky
        SLOW [> 60.000s] (─────────) synapse-rust::integration api_admin_user_lifecycle_tests::test_admin_user_list_pagination_and_limits
TRY 1 TRMNTG [>120.000s] (─────────) synapse-rust::integration api_admin_room_lifecycle_tests::test_admin_room_list_and_search
   TRY 1 TMT [ 120.010s] (─────────) synapse-rust::integration api_admin_room_lifecycle_tests::test_admin_room_list_and_search
  stdout ───

    running 1 test
    test api_admin_room_lifecycle_tests::test_admin_room_list_and_search has been running for over 60 seconds

    (test timed out)

  TRY 2 SLOW [> 60.000s] (─────────) synapse-rust::integration api_admin_room_lifecycle_tests::test_admin_room_history_purge
        PASS [  86.053s] (  52/1396) synapse-rust::integration api_admin_user_lifecycle_tests::test_admin_user_list_pagination_and_limits
TRY 3 TRMNTG [>120.000s] (─────────) synapse-rust::integration api_admin_federation_tests::test_federation_admission_confirm_rejects_non_pending
   TRY 3 TMT [ 120.007s] (  53/1396) synapse-rust::integration api_admin_federation_tests::test_federation_admission_confirm_rejects_non_pending
  stdout ───

    running 1 test
    test api_admin_federation_tests::test_federation_admission_confirm_rejects_non_pending has been running for over 60 seconds

    (test timed out)

  TRY 3 SLOW [> 60.000s] (─────────) synapse-rust::integration api_admin_federation_tests::test_federation_admission_destinations_include_status
TRY 1 TRMNTG [>120.000s] (─────────) synapse-rust::integration api_admin_user_lifecycle_tests::test_admin_user_lifecycle_management
   TRY 1 TMT [ 120.009s] (─────────) synapse-rust::integration api_admin_user_lifecycle_tests::test_admin_user_lifecycle_management
  stdout ───

    running 1 test
    test api_admin_user_lifecycle_tests::test_admin_user_lifecycle_management has been running for over 60 seconds

    (test timed out)

  TRY 3 SLOW [> 60.000s] (─────────) synapse-rust::integration api_admin_room_lifecycle_tests::test_admin_backfill_requires_existing_room
        SLOW [> 60.000s] (─────────) synapse-rust::integration api_admin_user_lifecycle_tests::test_admin_user_stats_reflect_real_counts
  TRY 2 SLOW [> 60.000s] (─────────) synapse-rust::integration api_admin_room_lifecycle_tests::test_admin_room_list_and_search
  TRY 3 PASS [ 100.147s] (  54/1396) synapse-rust::integration api_admin_federation_tests::test_federation_admission_destinations_include_status
           - test configured to fail if flaky
TRY 2 TRMNTG [>120.000s] (─────────) synapse-rust::integration api_admin_room_lifecycle_tests::test_admin_room_history_purge
   TRY 2 TMT [ 120.010s] (─────────) synapse-rust::integration api_admin_room_lifecycle_tests::test_admin_room_history_purge
  stdout ───

    running 1 test
    test api_admin_room_lifecycle_tests::test_admin_room_history_purge has been running for over 60 seconds

    (test timed out)

        SLOW [> 60.000s] (─────────) synapse-rust::integration api_appservice_p1_tests::test_appservice_admin_push_event_requires_namespace_ownership
        SLOW [> 60.000s] (─────────) synapse-rust::integration api_appservice_p1_tests::test_appservice_as_token_authentication
  TRY 2 SLOW [> 60.000s] (─────────) synapse-rust::integration api_admin_user_lifecycle_tests::test_admin_user_lifecycle_management
  TRY 2 PASS [  60.374s] (  55/1396) synapse-rust::integration api_admin_user_lifecycle_tests::test_admin_user_lifecycle_management
           - test configured to fail if flaky
TRY 3 TRMNTG [>120.000s] (─────────) synapse-rust::integration api_admin_room_lifecycle_tests::test_admin_backfill_requires_existing_room
   TRY 3 TMT [ 120.006s] (  56/1396) synapse-rust::integration api_admin_room_lifecycle_tests::test_admin_backfill_requires_existing_room
  stdout ───

    running 1 test
    test api_admin_room_lifecycle_tests::test_admin_backfill_requires_existing_room has been running for over 60 seconds

    (test timed out)

TRY 1 TRMNTG [>120.000s] (─────────) synapse-rust::integration api_admin_user_lifecycle_tests::test_admin_user_stats_reflect_real_counts
   TRY 1 TMT [ 120.008s] (─────────) synapse-rust::integration api_admin_user_lifecycle_tests::test_admin_user_stats_reflect_real_counts
  stdout ───

    running 1 test
    test api_admin_user_lifecycle_tests::test_admin_user_stats_reflect_real_counts has been running for over 60 seconds

    (test timed out)

TRY 2 TRMNTG [>120.000s] (─────────) synapse-rust::integration api_admin_room_lifecycle_tests::test_admin_room_list_and_search
   TRY 2 TMT [ 120.011s] (─────────) synapse-rust::integration api_admin_room_lifecycle_tests::test_admin_room_list_and_search
  stdout ───

    running 1 test
    test api_admin_room_lifecycle_tests::test_admin_room_list_and_search has been running for over 60 seconds

    (test timed out)

        SLOW [> 60.000s] (─────────) synapse-rust::integration api_appservice_p1_tests::test_appservice_hs_token_storage
  TRY 3 SLOW [> 60.000s] (─────────) synapse-rust::integration api_admin_room_lifecycle_tests::test_admin_room_history_purge
TRY 1 TRMNTG [>120.000s] (─────────) synapse-rust::integration api_appservice_p1_tests::test_appservice_admin_push_event_requires_namespace_ownership
   TRY 1 TMT [ 120.007s] (─────────) synapse-rust::integration api_appservice_p1_tests::test_appservice_admin_push_event_requires_namespace_ownership
  stdout ───

    running 1 test
    test api_appservice_p1_tests::test_appservice_admin_push_event_requires_namespace_ownership has been running for over 60 seconds

    (test timed out)

TRY 1 TRMNTG [>120.000s] (─────────) synapse-rust::integration api_appservice_p1_tests::test_appservice_as_token_authentication
   TRY 1 TMT [ 120.007s] (─────────) synapse-rust::integration api_appservice_p1_tests::test_appservice_as_token_authentication
  stdout ───

    running 1 test
    test api_appservice_p1_tests::test_appservice_as_token_authentication has been running for over 60 seconds

    (test timed out)

  TRY 2 PASS [  53.609s] (  57/1396) synapse-rust::integration api_admin_user_lifecycle_tests::test_admin_user_stats_reflect_real_counts
           - test configured to fail if flaky
        SLOW [> 60.000s] (─────────) synapse-rust::integration api_appservice_p1_tests::test_appservice_namespace_exclusivity
        SLOW [> 60.000s] (─────────) synapse-rust::integration api_appservice_p1_tests::test_appservice_namespace_query
  TRY 3 PASS [ 114.973s] (  58/1396) synapse-rust::integration api_admin_room_lifecycle_tests::test_admin_room_history_purge
           - test configured to fail if flaky
  TRY 3 SLOW [> 60.000s] (─────────) synapse-rust::integration api_admin_room_lifecycle_tests::test_admin_room_list_and_search
TRY 1 TRMNTG [>120.000s] (─────────) synapse-rust::integration api_appservice_p1_tests::test_appservice_hs_token_storage
   TRY 1 TMT [ 120.007s] (─────────) synapse-rust::integration api_appservice_p1_tests::test_appservice_hs_token_storage
  stdout ───

    running 1 test
    test api_appservice_p1_tests::test_appservice_hs_token_storage has been running for over 60 seconds

    (test timed out)

  TRY 2 SLOW [> 60.000s] (─────────) synapse-rust::integration api_appservice_p1_tests::test_appservice_admin_push_event_requires_namespace_ownership
  TRY 2 SLOW [> 60.000s] (─────────) synapse-rust::integration api_appservice_p1_tests::test_appservice_as_token_authentication
        SLOW [> 60.000s] (─────────) synapse-rust::integration api_appservice_p1_tests::test_appservice_statistics_expose_scheduler_summary
TRY 1 TRMNTG [>120.000s] (─────────) synapse-rust::integration api_appservice_p1_tests::test_appservice_namespace_exclusivity
   TRY 1 TMT [ 120.008s] (─────────) synapse-rust::integration api_appservice_p1_tests::test_appservice_namespace_exclusivity
  stdout ───

    running 1 test
    test api_appservice_p1_tests::test_appservice_namespace_exclusivity has been running for over 60 seconds

    (test timed out)

TRY 1 TRMNTG [>120.000s] (─────────) synapse-rust::integration api_appservice_p1_tests::test_appservice_namespace_query
   TRY 1 TMT [ 120.006s] (─────────) synapse-rust::integration api_appservice_p1_tests::test_appservice_namespace_query
  stdout ───

    running 1 test
    test api_appservice_p1_tests::test_appservice_namespace_query has been running for over 60 seconds

    (test timed out)

        SLOW [> 60.000s] (─────────) synapse-rust::integration api_appservice_p1_tests::test_appservice_transaction_push
TRY 3 TRMNTG [>120.000s] (─────────) synapse-rust::integration api_admin_room_lifecycle_tests::test_admin_room_list_and_search
   TRY 3 TMT [ 120.011s] (  59/1396) synapse-rust::integration api_admin_room_lifecycle_tests::test_admin_room_list_and_search
  stdout ───

    running 1 test
    test api_admin_room_lifecycle_tests::test_admin_room_list_and_search has been running for over 60 seconds

    (test timed out)

  TRY 2 SLOW [> 60.000s] (─────────) synapse-rust::integration api_appservice_p1_tests::test_appservice_hs_token_storage
  TRY 2 PASS [  31.229s] (  60/1396) synapse-rust::integration api_appservice_p1_tests::test_appservice_namespace_exclusivity
           - test configured to fail if flaky
TRY 2 TRMNTG [>120.000s] (─────────) synapse-rust::integration api_appservice_p1_tests::test_appservice_admin_push_event_requires_namespace_ownership
   TRY 2 TMT [ 120.010s] (─────────) synapse-rust::integration api_appservice_p1_tests::test_appservice_admin_push_event_requires_namespace_ownership
  stdout ───

    running 1 test
    test api_appservice_p1_tests::test_appservice_admin_push_event_requires_namespace_ownership has been running for over 60 seconds

    (test timed out)

TRY 2 TRMNTG [>120.000s] (─────────) synapse-rust::integration api_appservice_p1_tests::test_appservice_as_token_authentication
   TRY 2 TMT [ 120.010s] (─────────) synapse-rust::integration api_appservice_p1_tests::test_appservice_as_token_authentication
  stdout ───

    running 1 test
    test api_appservice_p1_tests::test_appservice_as_token_authentication has been running for over 60 seconds

    (test timed out)

TRY 1 TRMNTG [>120.000s] (─────────) synapse-rust::integration api_appservice_p1_tests::test_appservice_statistics_expose_scheduler_summary
   TRY 1 TMT [ 120.007s] (─────────) synapse-rust::integration api_appservice_p1_tests::test_appservice_statistics_expose_scheduler_summary
  stdout ───

    running 1 test
    test api_appservice_p1_tests::test_appservice_statistics_expose_scheduler_summary has been running for over 60 seconds

    (test timed out)

  TRY 2 SLOW [> 60.000s] (─────────) synapse-rust::integration api_appservice_p1_tests::test_appservice_namespace_query
TRY 1 TRMNTG [>120.000s] (─────────) synapse-rust::integration api_appservice_p1_tests::test_appservice_transaction_push
   TRY 1 TMT [ 120.006s] (─────────) synapse-rust::integration api_appservice_p1_tests::test_appservice_transaction_push
  stdout ───

    running 1 test
    test api_appservice_p1_tests::test_appservice_transaction_push has been running for over 60 seconds

    (test timed out)

        PASS [  59.948s] (  61/1396) synapse-rust::integration api_appservice_p1_tests::test_appservice_virtual_user_requires_exclusive_local_namespace
TRY 2 TRMNTG [>120.000s] (─────────) synapse-rust::integration api_appservice_p1_tests::test_appservice_hs_token_storage
   TRY 2 TMT [ 120.006s] (─────────) synapse-rust::integration api_appservice_p1_tests::test_appservice_hs_token_storage
  stdout ───

    running 1 test
    test api_appservice_p1_tests::test_appservice_hs_token_storage has been running for over 60 seconds

    (test timed out)

        SLOW [> 60.000s] (─────────) synapse-rust::integration api_appservice_tests::test_appservice_list_empty
  TRY 3 SLOW [> 60.000s] (─────────) synapse-rust::integration api_appservice_p1_tests::test_appservice_admin_push_event_requires_namespace_ownership
  TRY 3 SLOW [> 60.000s] (─────────) synapse-rust::integration api_appservice_p1_tests::test_appservice_as_token_authentication
        PASS [  84.115s] (  62/1396) synapse-rust::integration api_appservice_tests::test_appservice_list_empty
  TRY 2 SLOW [> 60.000s] (─────────) synapse-rust::integration api_appservice_p1_tests::test_appservice_statistics_expose_scheduler_summary
TRY 2 TRMNTG [>120.000s] (─────────) synapse-rust::integration api_appservice_p1_tests::test_appservice_namespace_query
   TRY 2 TMT [ 120.009s] (─────────) synapse-rust::integration api_appservice_p1_tests::test_appservice_namespace_query
  stdout ───

    running 1 test
    test api_appservice_p1_tests::test_appservice_namespace_query has been running for over 60 seconds

    (test timed out)

  TRY 2 SLOW [> 60.000s] (─────────) synapse-rust::integration api_appservice_p1_tests::test_appservice_transaction_push
        SLOW [> 60.000s] (─────────) synapse-rust::integration api_appservice_tests::test_appservice_register_and_query
  TRY 3 SLOW [> 60.000s] (─────────) synapse-rust::integration api_appservice_p1_tests::test_appservice_hs_token_storage
TRY 3 TRMNTG [>120.000s] (─────────) synapse-rust::integration api_appservice_p1_tests::test_appservice_admin_push_event_requires_namespace_ownership
   TRY 3 TMT [ 120.008s] (  63/1396) synapse-rust::integration api_appservice_p1_tests::test_appservice_admin_push_event_requires_namespace_ownership
  stdout ───

    running 1 test
    test api_appservice_p1_tests::test_appservice_admin_push_event_requires_namespace_ownership has been running for over 60 seconds

    (test timed out)

TRY 3 TRMNTG [>120.000s] (─────────) synapse-rust::integration api_appservice_p1_tests::test_appservice_as_token_authentication
   TRY 3 TMT [ 120.006s] (  64/1396) synapse-rust::integration api_appservice_p1_tests::test_appservice_as_token_authentication
  stdout ───

    running 1 test
    test api_appservice_p1_tests::test_appservice_as_token_authentication has been running for over 60 seconds

    (test timed out)

  TRY 2 PASS [ 115.141s] (  65/1396) synapse-rust::integration api_appservice_p1_tests::test_appservice_statistics_expose_scheduler_summary
           - test configured to fail if flaky
        SLOW [> 60.000s] (─────────) synapse-rust::integration api_appservice_tests::test_appservice_virtual_user
  TRY 3 SLOW [> 60.000s] (─────────) synapse-rust::integration api_appservice_p1_tests::test_appservice_namespace_query
  TRY 3 PASS [  81.142s] (  66/1396) synapse-rust::integration api_appservice_p1_tests::test_appservice_namespace_query
           - test configured to fail if flaky
TRY 2 TRMNTG [>120.000s] (─────────) synapse-rust::integration api_appservice_p1_tests::test_appservice_transaction_push
   TRY 2 TMT [ 120.007s] (─────────) synapse-rust::integration api_appservice_p1_tests::test_appservice_transaction_push
  stdout ───

    running 1 test
    test api_appservice_p1_tests::test_appservice_transaction_push has been running for over 60 seconds

    (test timed out)

  TRY 3 PASS [   0.026s] (  67/1396) synapse-rust::integration api_appservice_p1_tests::test_appservice_transaction_push
           - test configured to fail if flaky
TRY 1 TRMNTG [>120.000s] (─────────) synapse-rust::integration api_appservice_tests::test_appservice_register_and_query
   TRY 1 TMT [ 120.004s] (─────────) synapse-rust::integration api_appservice_tests::test_appservice_register_and_query
  stdout ───

    running 1 test
    test api_appservice_tests::test_appservice_register_and_query has been running for over 60 seconds

    (test timed out)

TRY 3 TRMNTG [>120.000s] (─────────) synapse-rust::integration api_appservice_p1_tests::test_appservice_hs_token_storage
   TRY 3 TMT [ 120.007s] (  68/1396) synapse-rust::integration api_appservice_p1_tests::test_appservice_hs_token_storage
  stdout ───

    running 1 test
    test api_appservice_p1_tests::test_appservice_hs_token_storage has been running for over 60 seconds

    (test timed out)

        SLOW [> 60.000s] (─────────) synapse-rust::integration api_appservice_tests::test_user_appservice_endpoint_is_self_only
        SLOW [> 60.000s] (─────────) synapse-rust::integration api_auth_routes_tests::test_auth_issuer_returns_unrecognized_when_oidc_is_disabled
        SLOW [> 60.000s] (─────────) synapse-rust::integration api_auth_routes_tests::test_auth_metadata_returns_unrecognized_when_oidc_is_disabled
TRY 1 TRMNTG [>120.000s] (─────────) synapse-rust::integration api_appservice_tests::test_appservice_virtual_user
   TRY 1 TMT [ 120.009s] (─────────) synapse-rust::integration api_appservice_tests::test_appservice_virtual_user
  stdout ───

    running 1 test
    test api_appservice_tests::test_appservice_virtual_user has been running for over 60 seconds

    (test timed out)

        SLOW [> 60.000s] (─────────) synapse-rust::integration api_auth_routes_tests::test_auth_router_preserves_qr_and_refresh_boundaries
        PASS [ 107.134s] (  69/1396) synapse-rust::integration api_auth_routes_tests::test_auth_issuer_returns_unrecognized_when_oidc_is_disabled
        SLOW [> 60.000s] (─────────) synapse-rust::integration api_auth_routes_tests::test_client_capabilities_and_media_config_routes_work_across_versions
  TRY 2 SLOW [> 60.000s] (─────────) synapse-rust::integration api_appservice_tests::test_appservice_register_and_query
        SLOW [> 60.000s] (─────────) synapse-rust::integration api_auth_routes_tests::test_register_and_login_routes_work_across_r0_and_v3
TRY 1 TRMNTG [>120.000s] (─────────) synapse-rust::integration api_appservice_tests::test_user_appservice_endpoint_is_self_only
   TRY 1 TMT [ 120.008s] (─────────) synapse-rust::integration api_appservice_tests::test_user_appservice_endpoint_is_self_only
  stdout ───

    running 1 test
    test api_appservice_tests::test_user_appservice_endpoint_is_self_only has been running for over 60 seconds

    (test timed out)

TRY 1 TRMNTG [>120.000s] (─────────) synapse-rust::integration api_auth_routes_tests::test_auth_metadata_returns_unrecognized_when_oidc_is_disabled
   TRY 1 TMT [ 120.007s] (─────────) synapse-rust::integration api_auth_routes_tests::test_auth_metadata_returns_unrecognized_when_oidc_is_disabled
  stdout ───

    running 1 test
    test api_auth_routes_tests::test_auth_metadata_returns_unrecognized_when_oidc_is_disabled has been running for over 60 seconds

    (test timed out)

  TRY 2 SLOW [> 60.000s] (─────────) synapse-rust::integration api_appservice_tests::test_appservice_virtual_user
        PASS [ 111.804s] (  70/1396) synapse-rust::integration api_auth_routes_tests::test_register_and_login_routes_work_across_r0_and_v3
TRY 1 TRMNTG [>120.000s] (─────────) synapse-rust::integration api_auth_routes_tests::test_auth_router_preserves_qr_and_refresh_boundaries
   TRY 1 TMT [ 120.008s] (─────────) synapse-rust::integration api_auth_routes_tests::test_auth_router_preserves_qr_and_refresh_boundaries
  stdout ───

    running 1 test
    test api_auth_routes_tests::test_auth_router_preserves_qr_and_refresh_boundaries has been running for over 60 seconds

    (test timed out)

        SLOW [> 60.000s] (─────────) synapse-rust::integration api_auth_routes_tests::test_versions_and_public_capabilities_match_declared_room_version_surface
TRY 1 TRMNTG [>120.000s] (─────────) synapse-rust::integration api_auth_routes_tests::test_client_capabilities_and_media_config_routes_work_across_versions
   TRY 1 TMT [ 120.008s] (─────────) synapse-rust::integration api_auth_routes_tests::test_client_capabilities_and_media_config_routes_work_across_versions
  stdout ───

    running 1 test
    test api_auth_routes_tests::test_client_capabilities_and_media_config_routes_work_across_versions has been running for over 60 seconds

    (test timed out)

TRY 2 TRMNTG [>120.000s] (─────────) synapse-rust::integration api_appservice_tests::test_appservice_register_and_query
   TRY 2 TMT [ 120.006s] (─────────) synapse-rust::integration api_appservice_tests::test_appservice_register_and_query
  stdout ───

    running 1 test
    test api_appservice_tests::test_appservice_register_and_query has been running for over 60 seconds

    (test timed out)

  TRY 2 SLOW [> 60.000s] (─────────) synapse-rust::integration api_appservice_tests::test_user_appservice_endpoint_is_self_only
        PASS [  85.235s] (  71/1396) synapse-rust::integration api_auth_routes_tests::test_versions_and_public_capabilities_match_declared_room_version_surface
  TRY 2 SLOW [> 60.000s] (─────────) synapse-rust::integration api_auth_routes_tests::test_auth_metadata_returns_unrecognized_when_oidc_is_disabled
TRY 2 TRMNTG [>120.000s] (─────────) synapse-rust::integration api_appservice_tests::test_appservice_virtual_user
   TRY 2 TMT [ 120.009s] (─────────) synapse-rust::integration api_appservice_tests::test_appservice_virtual_user
  stdout ───

    running 1 test
    test api_appservice_tests::test_appservice_virtual_user has been running for over 60 seconds

    (test timed out)

        SLOW [> 60.000s] (─────────) synapse-rust::integration api_beacon_location_tests::test_beacon_info_and_beacon_events_are_indexed
  TRY 2 SLOW [> 60.000s] (─────────) synapse-rust::integration api_auth_routes_tests::test_auth_router_preserves_qr_and_refresh_boundaries
  TRY 2 SLOW [> 60.000s] (─────────) synapse-rust::integration api_auth_routes_tests::test_client_capabilities_and_media_config_routes_work_across_versions
  TRY 3 SLOW [> 60.000s] (─────────) synapse-rust::integration api_appservice_tests::test_appservice_register_and_query
TRY 2 TRMNTG [>120.000s] (─────────) synapse-rust::integration api_appservice_tests::test_user_appservice_endpoint_is_self_only
   TRY 2 TMT [ 120.008s] (─────────) synapse-rust::integration api_appservice_tests::test_user_appservice_endpoint_is_self_only
  stdout ───

    running 1 test
    test api_appservice_tests::test_user_appservice_endpoint_is_self_only has been running for over 60 seconds

    (test timed out)

  TRY 2 PASS [  84.857s] (  72/1396) synapse-rust::integration api_auth_routes_tests::test_client_capabilities_and_media_config_routes_work_across_versions
           - test configured to fail if flaky
        SLOW [> 60.000s] (─────────) synapse-rust::integration api_beacon_location_tests::test_beacon_info_state_key_must_match_sender
TRY 2 TRMNTG [>120.000s] (─────────) synapse-rust::integration api_auth_routes_tests::test_auth_metadata_returns_unrecognized_when_oidc_is_disabled
   TRY 2 TMT [ 120.009s] (─────────) synapse-rust::integration api_auth_routes_tests::test_auth_metadata_returns_unrecognized_when_oidc_is_disabled
  stdout ───

    running 1 test
    test api_auth_routes_tests::test_auth_metadata_returns_unrecognized_when_oidc_is_disabled has been running for over 60 seconds

    (test timed out)

  TRY 3 SLOW [> 60.000s] (─────────) synapse-rust::integration api_appservice_tests::test_appservice_virtual_user
TRY 1 TRMNTG [>120.000s] (─────────) synapse-rust::integration api_beacon_location_tests::test_beacon_info_and_beacon_events_are_indexed
   TRY 1 TMT [ 120.008s] (─────────) synapse-rust::integration api_beacon_location_tests::test_beacon_info_and_beacon_events_are_indexed
  stdout ───

    running 1 test
    test api_beacon_location_tests::test_beacon_info_and_beacon_events_are_indexed has been running for over 60 seconds

    (test timed out)

TRY 2 TRMNTG [>120.000s] (─────────) synapse-rust::integration api_auth_routes_tests::test_auth_router_preserves_qr_and_refresh_boundaries
   TRY 2 TMT [ 120.008s] (─────────) synapse-rust::integration api_auth_routes_tests::test_auth_router_preserves_qr_and_refresh_boundaries
  stdout ───

    running 1 test
    test api_auth_routes_tests::test_auth_router_preserves_qr_and_refresh_boundaries has been running for over 60 seconds

    (test timed out)

TRY 3 TRMNTG [>120.000s] (─────────) synapse-rust::integration api_appservice_tests::test_appservice_register_and_query
   TRY 3 TMT [ 120.008s] (  73/1396) synapse-rust::integration api_appservice_tests::test_appservice_register_and_query
  stdout ───

    running 1 test
    test api_appservice_tests::test_appservice_register_and_query has been running for over 60 seconds

    (test timed out)

  TRY 3 SLOW [> 60.000s] (─────────) synapse-rust::integration api_appservice_tests::test_user_appservice_endpoint_is_self_only
        SLOW [> 60.000s] (─────────) synapse-rust::integration api_beacon_location_tests::test_beacon_lifecycle_stop_and_restart_rotates_active_beacon
TRY 1 TRMNTG [>120.000s] (─────────) synapse-rust::integration api_beacon_location_tests::test_beacon_info_state_key_must_match_sender
   TRY 1 TMT [ 120.007s] (─────────) synapse-rust::integration api_beacon_location_tests::test_beacon_info_state_key_must_match_sender
  stdout ───

    running 1 test
    test api_beacon_location_tests::test_beacon_info_state_key_must_match_sender has been running for over 60 seconds

    (test timed out)

  TRY 3 SLOW [> 60.000s] (─────────) synapse-rust::integration api_auth_routes_tests::test_auth_metadata_returns_unrecognized_when_oidc_is_disabled
TRY 3 TRMNTG [>120.000s] (─────────) synapse-rust::integration api_appservice_tests::test_appservice_virtual_user
   TRY 3 TMT [ 120.006s] (  74/1396) synapse-rust::integration api_appservice_tests::test_appservice_virtual_user
  stdout ───

    running 1 test
    test api_appservice_tests::test_appservice_virtual_user has been running for over 60 seconds

    (test timed out)

  TRY 2 PASS [  58.871s] (  75/1396) synapse-rust::integration api_beacon_location_tests::test_beacon_info_and_beacon_events_are_indexed
           - test configured to fail if flaky
  TRY 3 SLOW [> 60.000s] (─────────) synapse-rust::integration api_auth_routes_tests::test_auth_router_preserves_qr_and_refresh_boundaries
        SLOW [> 60.000s] (─────────) synapse-rust::integration api_beacon_location_tests::test_beacon_location_applies_room_backpressure_token_bucket
TRY 3 TRMNTG [>120.000s] (─────────) synapse-rust::integration api_appservice_tests::test_user_appservice_endpoint_is_self_only
   TRY 3 TMT [ 120.010s] (  76/1396) synapse-rust::integration api_appservice_tests::test_user_appservice_endpoint_is_self_only
  stdout ───

    running 1 test
    test api_appservice_tests::test_user_appservice_endpoint_is_self_only has been running for over 60 seconds

    (test timed out)

  TRY 3 PASS [ 116.533s] (  77/1396) synapse-rust::integration api_auth_routes_tests::test_auth_metadata_returns_unrecognized_when_oidc_is_disabled
           - test configured to fail if flaky
TRY 1 TRMNTG [>120.000s] (─────────) synapse-rust::integration api_beacon_location_tests::test_beacon_lifecycle_stop_and_restart_rotates_active_beacon
   TRY 1 TMT [ 120.009s] (─────────) synapse-rust::integration api_beacon_location_tests::test_beacon_lifecycle_stop_and_restart_rotates_active_beacon
  stdout ───

    running 1 test
    test api_beacon_location_tests::test_beacon_lifecycle_stop_and_restart_rotates_active_beacon has been running for over 60 seconds

    (test timed out)

  TRY 2 SLOW [> 60.000s] (─────────) synapse-rust::integration api_beacon_location_tests::test_beacon_info_state_key_must_match_sender
        SLOW [> 60.000s] (─────────) synapse-rust::integration api_beacon_location_tests::test_beacon_location_applies_sender_room_quota
        SLOW [> 60.000s] (─────────) synapse-rust::integration api_beacon_location_tests::test_beacon_location_is_rate_limited_to_1hz_per_beacon
TRY 3 TRMNTG [>120.000s] (─────────) synapse-rust::integration api_auth_routes_tests::test_auth_router_preserves_qr_and_refresh_boundaries
   TRY 3 TMT [ 120.008s] (  78/1396) synapse-rust::integration api_auth_routes_tests::test_auth_router_preserves_qr_and_refresh_boundaries
  stdout ───

    running 1 test
    test api_auth_routes_tests::test_auth_router_preserves_qr_and_refresh_boundaries has been running for over 60 seconds

    (test timed out)

TRY 1 TRMNTG [>120.000s] (─────────) synapse-rust::integration api_beacon_location_tests::test_beacon_location_applies_room_backpressure_token_bucket
   TRY 1 TMT [ 120.008s] (─────────) synapse-rust::integration api_beacon_location_tests::test_beacon_location_applies_room_backpressure_token_bucket
  stdout ───

    running 1 test
    test api_beacon_location_tests::test_beacon_location_applies_room_backpressure_token_bucket has been running for over 60 seconds

    (test timed out)

        SLOW [> 60.000s] (─────────) synapse-rust::integration api_beacon_location_tests::test_beacon_location_rejected_when_beacon_has_expired
  TRY 2 PASS [ 114.740s] (  79/1396) synapse-rust::integration api_beacon_location_tests::test_beacon_info_state_key_must_match_sender
           - test configured to fail if flaky
        SLOW [> 60.000s] (─────────) synapse-rust::integration api_beacon_location_tests::test_beacon_location_rejected_when_beacon_is_not_live
  TRY 2 SLOW [> 60.000s] (─────────) synapse-rust::integration api_beacon_location_tests::test_beacon_lifecycle_stop_and_restart_rotates_active_beacon
TRY 1 TRMNTG [>120.000s] (─────────) synapse-rust::integration api_beacon_location_tests::test_beacon_location_applies_sender_room_quota
   TRY 1 TMT [ 120.008s] (─────────) synapse-rust::integration api_beacon_location_tests::test_beacon_location_applies_sender_room_quota
  stdout ───

    running 1 test
    test api_beacon_location_tests::test_beacon_location_applies_sender_room_quota has been running for over 60 seconds

    (test timed out)

  TRY 2 PASS [  51.676s] (  80/1396) synapse-rust::integration api_beacon_location_tests::test_beacon_location_applies_room_backpressure_token_bucket
           - test configured to fail if flaky
TRY 1 TRMNTG [>120.000s] (─────────) synapse-rust::integration api_beacon_location_tests::test_beacon_location_is_rate_limited_to_1hz_per_beacon
   TRY 1 TMT [ 120.006s] (─────────) synapse-rust::integration api_beacon_location_tests::test_beacon_location_is_rate_limited_to_1hz_per_beacon
  stdout ───

    running 1 test
    test api_beacon_location_tests::test_beacon_location_is_rate_limited_to_1hz_per_beacon has been running for over 60 seconds

    (test timed out)

        SLOW [> 60.000s] (─────────) synapse-rust::integration api_beacon_location_tests::test_location_behavior_in_e2ee_room_uses_metadata_only
TRY 1 TRMNTG [>120.000s] (─────────) synapse-rust::integration api_beacon_location_tests::test_beacon_location_rejected_when_beacon_has_expired
   TRY 1 TMT [ 120.011s] (─────────) synapse-rust::integration api_beacon_location_tests::test_beacon_location_rejected_when_beacon_has_expired
  stdout ───

    running 1 test
    test api_beacon_location_tests::test_beacon_location_rejected_when_beacon_has_expired has been running for over 60 seconds

    (test timed out)

        SLOW [> 60.000s] (─────────) synapse-rust::integration api_create_room_auth_tests::test_create_private_room_rejects_guest_token
TRY 1 TRMNTG [>120.000s] (─────────) synapse-rust::integration api_beacon_location_tests::test_beacon_location_rejected_when_beacon_is_not_live
   TRY 1 TMT [ 120.006s] (─────────) synapse-rust::integration api_beacon_location_tests::test_beacon_location_rejected_when_beacon_is_not_live
  stdout ───

    running 1 test
    test api_beacon_location_tests::test_beacon_location_rejected_when_beacon_is_not_live has been running for over 60 seconds

    (test timed out)

TRY 2 TRMNTG [>120.000s] (─────────) synapse-rust::integration api_beacon_location_tests::test_beacon_lifecycle_stop_and_restart_rotates_active_beacon
   TRY 2 TMT [ 120.010s] (─────────) synapse-rust::integration api_beacon_location_tests::test_beacon_lifecycle_stop_and_restart_rotates_active_beacon
  stdout ───

    running 1 test
    test api_beacon_location_tests::test_beacon_lifecycle_stop_and_restart_rotates_active_beacon has been running for over 60 seconds

    (test timed out)

  TRY 2 SLOW [> 60.000s] (─────────) synapse-rust::integration api_beacon_location_tests::test_beacon_location_applies_sender_room_quota
        SLOW [> 60.000s] (─────────) synapse-rust::integration api_create_room_auth_tests::test_create_room_regular_user_still_succeeds
        PASS [  93.390s] (  81/1396) synapse-rust::integration api_create_room_auth_tests::test_create_private_room_rejects_guest_token
  TRY 2 SLOW [> 60.000s] (─────────) synapse-rust::integration api_beacon_location_tests::test_beacon_location_is_rate_limited_to_1hz_per_beacon
TRY 1 TRMNTG [>120.000s] (─────────) synapse-rust::integration api_beacon_location_tests::test_location_behavior_in_e2ee_room_uses_metadata_only
   TRY 1 TMT [ 120.006s] (─────────) synapse-rust::integration api_beacon_location_tests::test_location_behavior_in_e2ee_room_uses_metadata_only
  stdout ───

    running 1 test
    test api_beacon_location_tests::test_location_behavior_in_e2ee_room_uses_metadata_only has been running for over 60 seconds

    (test timed out)

  TRY 2 SLOW [> 60.000s] (─────────) synapse-rust::integration api_beacon_location_tests::test_beacon_location_rejected_when_beacon_has_expired
  TRY 2 PASS [  59.354s] (  82/1396) synapse-rust::integration api_beacon_location_tests::test_beacon_location_rejected_when_beacon_is_not_live
           - test configured to fail if flaky
  TRY 3 SLOW [> 60.000s] (─────────) synapse-rust::integration api_beacon_location_tests::test_beacon_lifecycle_stop_and_restart_rotates_active_beacon
TRY 2 TRMNTG [>120.000s] (─────────) synapse-rust::integration api_beacon_location_tests::test_beacon_location_applies_sender_room_quota
   TRY 2 TMT [ 120.009s] (─────────) synapse-rust::integration api_beacon_location_tests::test_beacon_location_applies_sender_room_quota
  stdout ───

    running 1 test
    test api_beacon_location_tests::test_beacon_location_applies_sender_room_quota has been running for over 60 seconds

    (test timed out)

TRY 1 TRMNTG [>120.000s] (─────────) synapse-rust::integration api_create_room_auth_tests::test_create_room_regular_user_still_succeeds
   TRY 1 TMT [ 120.007s] (─────────) synapse-rust::integration api_create_room_auth_tests::test_create_room_regular_user_still_succeeds
  stdout ───

    running 1 test
    test api_create_room_auth_tests::test_create_room_regular_user_still_succeeds has been running for over 60 seconds

    (test timed out)

        SLOW [> 60.000s] (─────────) synapse-rust::integration api_create_room_auth_tests::test_create_room_rejects_duplicate_name_then_allows_ignore_flag
TRY 2 TRMNTG [>120.000s] (─────────) synapse-rust::integration api_beacon_location_tests::test_beacon_location_is_rate_limited_to_1hz_per_beacon
   TRY 2 TMT [ 120.010s] (─────────) synapse-rust::integration api_beacon_location_tests::test_beacon_location_is_rate_limited_to_1hz_per_beacon
  stdout ───

    running 1 test
    test api_beacon_location_tests::test_beacon_location_is_rate_limited_to_1hz_per_beacon has been running for over 60 seconds

    (test timed out)

  TRY 2 SLOW [> 60.000s] (─────────) synapse-rust::integration api_beacon_location_tests::test_location_behavior_in_e2ee_room_uses_metadata_only
TRY 2 TRMNTG [>120.000s] (─────────) synapse-rust::integration api_beacon_location_tests::test_beacon_location_rejected_when_beacon_has_expired
   TRY 2 TMT [ 120.007s] (─────────) synapse-rust::integration api_beacon_location_tests::test_beacon_location_rejected_when_beacon_has_expired
  stdout ───

    running 1 test
    test api_beacon_location_tests::test_beacon_location_rejected_when_beacon_has_expired has been running for over 60 seconds

    (test timed out)

  TRY 3 PASS [ 114.795s] (  83/1396) synapse-rust::integration api_beacon_location_tests::test_beacon_lifecycle_stop_and_restart_rotates_active_beacon
           - test configured to fail if flaky
        SLOW [> 60.000s] (─────────) synapse-rust::integration api_create_room_auth_tests::test_create_room_rejects_guest_token
  TRY 3 SLOW [> 60.000s] (─────────) synapse-rust::integration api_beacon_location_tests::test_beacon_location_applies_sender_room_quota
  TRY 3 PASS [  57.458s] (  84/1396) synapse-rust::integration api_beacon_location_tests::test_beacon_location_is_rate_limited_to_1hz_per_beacon
           - test configured to fail if flaky
  TRY 2 SLOW [> 60.000s] (─────────) synapse-rust::integration api_create_room_auth_tests::test_create_room_regular_user_still_succeeds
TRY 1 TRMNTG [>120.000s] (─────────) synapse-rust::integration api_create_room_auth_tests::test_create_room_rejects_duplicate_name_then_allows_ignore_flag
   TRY 1 TMT [ 120.007s] (─────────) synapse-rust::integration api_create_room_auth_tests::test_create_room_rejects_duplicate_name_then_allows_ignore_flag
  stdout ───

    running 1 test
    test api_create_room_auth_tests::test_create_room_rejects_duplicate_name_then_allows_ignore_flag has been running for over 60 seconds

    (test timed out)

TRY 2 TRMNTG [>120.000s] (─────────) synapse-rust::integration api_beacon_location_tests::test_location_behavior_in_e2ee_room_uses_metadata_only
   TRY 2 TMT [ 120.008s] (─────────) synapse-rust::integration api_beacon_location_tests::test_location_behavior_in_e2ee_room_uses_metadata_only
  stdout ───

    running 1 test
    test api_beacon_location_tests::test_location_behavior_in_e2ee_room_uses_metadata_only has been running for over 60 seconds

    (test timed out)

  TRY 3 SLOW [> 60.000s] (─────────) synapse-rust::integration api_beacon_location_tests::test_beacon_location_rejected_when_beacon_has_expired
        SLOW [> 60.000s] (─────────) synapse-rust::integration api_device_presence_tests::test_device_management
TRY 1 TRMNTG [>120.000s] (─────────) synapse-rust::integration api_create_room_auth_tests::test_create_room_rejects_guest_token
   TRY 1 TMT [ 120.009s] (─────────) synapse-rust::integration api_create_room_auth_tests::test_create_room_rejects_guest_token
  stdout ───

    running 1 test
    test api_create_room_auth_tests::test_create_room_rejects_guest_token has been running for over 60 seconds

    (test timed out)

TRY 3 TRMNTG [>120.000s] (─────────) synapse-rust::integration api_beacon_location_tests::test_beacon_location_applies_sender_room_quota
   TRY 3 TMT [ 120.007s] (  85/1396) synapse-rust::integration api_beacon_location_tests::test_beacon_location_applies_sender_room_quota
  stdout ───

    running 1 test
    test api_beacon_location_tests::test_beacon_location_applies_sender_room_quota has been running for over 60 seconds

    (test timed out)

        SLOW [> 60.000s] (─────────) synapse-rust::integration api_device_presence_tests::test_login_rejects_device_id_owned_by_another_user
  TRY 2 PASS [  58.010s] (  86/1396) synapse-rust::integration api_create_room_auth_tests::test_create_room_rejects_duplicate_name_then_allows_ignore_flag
           - test configured to fail if flaky
TRY 2 TRMNTG [>120.000s] (─────────) synapse-rust::integration api_create_room_auth_tests::test_create_room_regular_user_still_succeeds
   TRY 2 TMT [ 120.010s] (─────────) synapse-rust::integration api_create_room_auth_tests::test_create_room_regular_user_still_succeeds
  stdout ───

    running 1 test
    test api_create_room_auth_tests::test_create_room_regular_user_still_succeeds has been running for over 60 seconds

    (test timed out)

  TRY 3 SLOW [> 60.000s] (─────────) synapse-rust::integration api_beacon_location_tests::test_location_behavior_in_e2ee_room_uses_metadata_only
TRY 3 TRMNTG [>120.000s] (─────────) synapse-rust::integration api_beacon_location_tests::test_beacon_location_rejected_when_beacon_has_expired
   TRY 3 TMT [ 120.007s] (  87/1396) synapse-rust::integration api_beacon_location_tests::test_beacon_location_rejected_when_beacon_has_expired
  stdout ───

    running 1 test
    test api_beacon_location_tests::test_beacon_location_rejected_when_beacon_has_expired has been running for over 60 seconds

    (test timed out)

TRY 1 TRMNTG [>120.000s] (─────────) synapse-rust::integration api_device_presence_tests::test_device_management
   TRY 1 TMT [ 120.006s] (─────────) synapse-rust::integration api_device_presence_tests::test_device_management
  stdout ───

    running 1 test
    test api_device_presence_tests::test_device_management has been running for over 60 seconds

    (test timed out)

  TRY 3 PASS [  82.356s] (  88/1396) synapse-rust::integration api_beacon_location_tests::test_location_behavior_in_e2ee_room_uses_metadata_only
           - test configured to fail if flaky
  TRY 2 SLOW [> 60.000s] (─────────) synapse-rust::integration api_create_room_auth_tests::test_create_room_rejects_guest_token
        SLOW [> 60.000s] (─────────) synapse-rust::integration api_device_presence_tests::test_presence_admin_cannot_read_another_users_status
TRY 1 TRMNTG [>120.000s] (─────────) synapse-rust::integration api_device_presence_tests::test_login_rejects_device_id_owned_by_another_user
   TRY 1 TMT [ 120.009s] (─────────) synapse-rust::integration api_device_presence_tests::test_login_rejects_device_id_owned_by_another_user
  stdout ───

    running 1 test
    test api_device_presence_tests::test_login_rejects_device_id_owned_by_another_user has been running for over 60 seconds

    (test timed out)

        SLOW [> 60.000s] (─────────) synapse-rust::integration api_device_presence_tests::test_presence_list_after_session_invalidation_and_relogin
  TRY 3 SLOW [> 60.000s] (─────────) synapse-rust::integration api_create_room_auth_tests::test_create_room_regular_user_still_succeeds
        SLOW [> 60.000s] (─────────) synapse-rust::integration api_device_presence_tests::test_presence_list_allows_users_with_shared_rooms
  TRY 2 SLOW [> 60.000s] (─────────) synapse-rust::integration api_device_presence_tests::test_device_management
  TRY 2 PASS [  29.305s] (  89/1396) synapse-rust::integration api_device_presence_tests::test_login_rejects_device_id_owned_by_another_user
           - test configured to fail if flaky
        SLOW [> 60.000s] (─────────) synapse-rust::integration api_device_presence_tests::test_presence_list_boundary_is_preserved
TRY 2 TRMNTG [>120.000s] (─────────) synapse-rust::integration api_create_room_auth_tests::test_create_room_rejects_guest_token
   TRY 2 TMT [ 120.009s] (─────────) synapse-rust::integration api_create_room_auth_tests::test_create_room_rejects_guest_token
  stdout ───

    running 1 test
    test api_create_room_auth_tests::test_create_room_rejects_guest_token has been running for over 60 seconds

    (test timed out)

TRY 1 TRMNTG [>120.000s] (─────────) synapse-rust::integration api_device_presence_tests::test_presence_admin_cannot_read_another_users_status
   TRY 1 TMT [ 120.006s] (─────────) synapse-rust::integration api_device_presence_tests::test_presence_admin_cannot_read_another_users_status
  stdout ───

    running 1 test
    test api_device_presence_tests::test_presence_admin_cannot_read_another_users_status has been running for over 60 seconds

    (test timed out)

TRY 1 TRMNTG [>120.000s] (─────────) synapse-rust::integration api_device_presence_tests::test_presence_list_after_session_invalidation_and_relogin
   TRY 1 TMT [ 120.005s] (─────────) synapse-rust::integration api_device_presence_tests::test_presence_list_after_session_invalidation_and_relogin
  stdout ───

    running 1 test
    test api_device_presence_tests::test_presence_list_after_session_invalidation_and_relogin has been running for over 60 seconds

    (test timed out)

TRY 3 TRMNTG [>120.000s] (─────────) synapse-rust::integration api_create_room_auth_tests::test_create_room_regular_user_still_succeeds
   TRY 3 TMT [ 120.008s] (  90/1396) synapse-rust::integration api_create_room_auth_tests::test_create_room_regular_user_still_succeeds
  stdout ───

    running 1 test
    test api_create_room_auth_tests::test_create_room_regular_user_still_succeeds has been running for over 60 seconds

    (test timed out)

TRY 1 TRMNTG [>120.000s] (─────────) synapse-rust::integration api_device_presence_tests::test_presence_list_allows_users_with_shared_rooms
   TRY 1 TMT [ 120.007s] (─────────) synapse-rust::integration api_device_presence_tests::test_presence_list_allows_users_with_shared_rooms
  stdout ───

    running 1 test
    test api_device_presence_tests::test_presence_list_allows_users_with_shared_rooms has been running for over 60 seconds

    (test timed out)

TRY 2 TRMNTG [>120.000s] (─────────) synapse-rust::integration api_device_presence_tests::test_device_management
   TRY 2 TMT [ 120.009s] (─────────) synapse-rust::integration api_device_presence_tests::test_device_management
  stdout ───

    running 1 test
    test api_device_presence_tests::test_device_management has been running for over 60 seconds

    (test timed out)

        SLOW [> 60.000s] (─────────) synapse-rust::integration api_device_presence_tests::test_presence_list_filters_users_without_shared_rooms
TRY 1 TRMNTG [>120.000s] (─────────) synapse-rust::integration api_device_presence_tests::test_presence_list_boundary_is_preserved
   TRY 1 TMT [ 120.008s] (─────────) synapse-rust::integration api_device_presence_tests::test_presence_list_boundary_is_preserved
  stdout ───

    running 1 test
    test api_device_presence_tests::test_presence_list_boundary_is_preserved has been running for over 60 seconds

    (test timed out)

  TRY 3 SLOW [> 60.000s] (─────────) synapse-rust::integration api_create_room_auth_tests::test_create_room_rejects_guest_token
  TRY 2 SLOW [> 60.000s] (─────────) synapse-rust::integration api_device_presence_tests::test_presence_admin_cannot_read_another_users_status
  TRY 2 SLOW [> 60.000s] (─────────) synapse-rust::integration api_device_presence_tests::test_presence_list_after_session_invalidation_and_relogin
  TRY 2 PASS [  81.903s] (  91/1396) synapse-rust::integration api_device_presence_tests::test_presence_admin_cannot_read_another_users_status
           - test configured to fail if flaky
        SLOW [> 60.000s] (─────────) synapse-rust::integration api_device_presence_tests::test_presence_list_hides_stale_unauthorized_subscriptions
  TRY 2 SLOW [> 60.000s] (─────────) synapse-rust::integration api_device_presence_tests::test_presence_list_allows_users_with_shared_rooms
  TRY 3 SLOW [> 60.000s] (─────────) synapse-rust::integration api_device_presence_tests::test_device_management
TRY 1 TRMNTG [>120.000s] (─────────) synapse-rust::integration api_device_presence_tests::test_presence_list_filters_users_without_shared_rooms
   TRY 1 TMT [ 120.009s] (─────────) synapse-rust::integration api_device_presence_tests::test_presence_list_filters_users_without_shared_rooms
  stdout ───

    running 1 test
    test api_device_presence_tests::test_presence_list_filters_users_without_shared_rooms has been running for over 60 seconds

    (test timed out)

  TRY 2 SLOW [> 60.000s] (─────────) synapse-rust::integration api_device_presence_tests::test_presence_list_boundary_is_preserved
TRY 3 TRMNTG [>120.000s] (─────────) synapse-rust::integration api_create_room_auth_tests::test_create_room_rejects_guest_token
   TRY 3 TMT [ 120.008s] (  92/1396) synapse-rust::integration api_create_room_auth_tests::test_create_room_rejects_guest_token
  stdout ───

    running 1 test
    test api_create_room_auth_tests::test_create_room_rejects_guest_token has been running for over 60 seconds

    (test timed out)

TRY 2 TRMNTG [>120.000s] (─────────) synapse-rust::integration api_device_presence_tests::test_presence_list_after_session_invalidation_and_relogin
   TRY 2 TMT [ 120.010s] (─────────) synapse-rust::integration api_device_presence_tests::test_presence_list_after_session_invalidation_and_relogin
  stdout ───

    running 1 test
    test api_device_presence_tests::test_presence_list_after_session_invalidation_and_relogin has been running for over 60 seconds

    (test timed out)

        SLOW [> 60.000s] (─────────) synapse-rust::integration api_device_presence_tests::test_presence_management
  TRY 2 PASS [  90.992s] (  93/1396) synapse-rust::integration api_device_presence_tests::test_presence_list_boundary_is_preserved
           - test configured to fail if flaky
TRY 1 TRMNTG [>120.000s] (─────────) synapse-rust::integration api_device_presence_tests::test_presence_list_hides_stale_unauthorized_subscriptions
   TRY 1 TMT [ 120.008s] (─────────) synapse-rust::integration api_device_presence_tests::test_presence_list_hides_stale_unauthorized_subscriptions
  stdout ───

    running 1 test
    test api_device_presence_tests::test_presence_list_hides_stale_unauthorized_subscriptions has been running for over 60 seconds

    (test timed out)

TRY 2 TRMNTG [>120.000s] (─────────) synapse-rust::integration api_device_presence_tests::test_presence_list_allows_users_with_shared_rooms
   TRY 2 TMT [ 120.008s] (─────────) synapse-rust::integration api_device_presence_tests::test_presence_list_allows_users_with_shared_rooms
  stdout ───

    running 1 test
    test api_device_presence_tests::test_presence_list_allows_users_with_shared_rooms has been running for over 60 seconds

    (test timed out)

TRY 3 TRMNTG [>120.000s] (─────────) synapse-rust::integration api_device_presence_tests::test_device_management
   TRY 3 TMT [ 120.008s] (  94/1396) synapse-rust::integration api_device_presence_tests::test_device_management
  stdout ───

    running 1 test
    test api_device_presence_tests::test_device_management has been running for over 60 seconds

    (test timed out)

  TRY 2 SLOW [> 60.000s] (─────────) synapse-rust::integration api_device_presence_tests::test_presence_list_filters_users_without_shared_rooms
        PASS [  59.181s] (  95/1396) synapse-rust::integration api_device_presence_tests::test_presence_read_rejects_other_user
  TRY 3 SLOW [> 60.000s] (─────────) synapse-rust::integration api_device_presence_tests::test_presence_list_after_session_invalidation_and_relogin
TRY 1 TRMNTG [>120.000s] (─────────) synapse-rust::integration api_device_presence_tests::test_presence_management
   TRY 1 TMT [ 120.009s] (─────────) synapse-rust::integration api_device_presence_tests::test_presence_management
  stdout ───

    running 1 test
    test api_device_presence_tests::test_presence_management has been running for over 60 seconds

    (test timed out)

        SLOW [> 60.000s] (─────────) synapse-rust::integration api_device_presence_tests::test_presence_routes_remain_stable_under_concurrency
  TRY 2 SLOW [> 60.000s] (─────────) synapse-rust::integration api_device_presence_tests::test_presence_list_hides_stale_unauthorized_subscriptions
  TRY 3 SLOW [> 60.000s] (─────────) synapse-rust::integration api_device_presence_tests::test_presence_list_allows_users_with_shared_rooms
        SLOW [> 60.000s] (─────────) synapse-rust::integration api_device_presence_tests::test_presence_status_shared_across_r0_and_v3
TRY 2 TRMNTG [>120.000s] (─────────) synapse-rust::integration api_device_presence_tests::test_presence_list_filters_users_without_shared_rooms
   TRY 2 TMT [ 120.007s] (─────────) synapse-rust::integration api_device_presence_tests::test_presence_list_filters_users_without_shared_rooms
  stdout ───

    running 1 test
    test api_device_presence_tests::test_presence_list_filters_users_without_shared_rooms has been running for over 60 seconds

    (test timed out)

  TRY 2 PASS [  88.415s] (  96/1396) synapse-rust::integration api_device_presence_tests::test_presence_list_hides_stale_unauthorized_subscriptions
           - test configured to fail if flaky
        SLOW [> 60.000s] (─────────) synapse-rust::integration api_device_routes_tests::test_delete_devices_alias_is_shared
TRY 3 TRMNTG [>120.000s] (─────────) synapse-rust::integration api_device_presence_tests::test_presence_list_after_session_invalidation_and_relogin
   TRY 3 TMT [ 120.007s] (  97/1396) synapse-rust::integration api_device_presence_tests::test_presence_list_after_session_invalidation_and_relogin
  stdout ───

    running 1 test
    test api_device_presence_tests::test_presence_list_after_session_invalidation_and_relogin has been running for over 60 seconds

    (test timed out)

  TRY 2 PASS [  59.729s] (  98/1396) synapse-rust::integration api_device_presence_tests::test_presence_management
           - test configured to fail if flaky
TRY 1 TRMNTG [>120.000s] (─────────) synapse-rust::integration api_device_presence_tests::test_presence_routes_remain_stable_under_concurrency
   TRY 1 TMT [ 120.010s] (─────────) synapse-rust::integration api_device_presence_tests::test_presence_routes_remain_stable_under_concurrency
  stdout ───

    running 1 test
    test api_device_presence_tests::test_presence_routes_remain_stable_under_concurrency has been running for over 60 seconds

    (test timed out)

TRY 3 TRMNTG [>120.000s] (─────────) synapse-rust::integration api_device_presence_tests::test_presence_list_allows_users_with_shared_rooms
   TRY 3 TMT [ 120.005s] (  99/1396) synapse-rust::integration api_device_presence_tests::test_presence_list_allows_users_with_shared_rooms
  stdout ───

    running 1 test
    test api_device_presence_tests::test_presence_list_allows_users_with_shared_rooms has been running for over 60 seconds

    (test timed out)

TRY 1 TRMNTG [>120.000s] (─────────) synapse-rust::integration api_device_presence_tests::test_presence_status_shared_across_r0_and_v3
   TRY 1 TMT [ 120.004s] (─────────) synapse-rust::integration api_device_presence_tests::test_presence_status_shared_across_r0_and_v3
  stdout ───

    running 1 test
    test api_device_presence_tests::test_presence_status_shared_across_r0_and_v3 has been running for over 60 seconds

    (test timed out)

  TRY 3 SLOW [> 60.000s] (─────────) synapse-rust::integration api_device_presence_tests::test_presence_list_filters_users_without_shared_rooms
        SLOW [> 60.000s] (─────────) synapse-rust::integration api_device_routes_tests::test_delete_devices_only_removes_current_users_devices
TRY 1 TRMNTG [>120.000s] (─────────) synapse-rust::integration api_device_routes_tests::test_delete_devices_alias_is_shared
   TRY 1 TMT [ 120.008s] (─────────) synapse-rust::integration api_device_routes_tests::test_delete_devices_alias_is_shared
  stdout ───

    running 1 test
    test api_device_routes_tests::test_delete_devices_alias_is_shared has been running for over 60 seconds

    (test timed out)

        SLOW [> 60.000s] (─────────) synapse-rust::integration api_device_routes_tests::test_device_list_updates_allows_users_with_shared_rooms
        SLOW [> 60.000s] (─────────) synapse-rust::integration api_device_routes_tests::test_device_list_updates_filters_users_without_shared_rooms
  TRY 2 SLOW [> 60.000s] (─────────) synapse-rust::integration api_device_presence_tests::test_presence_routes_remain_stable_under_concurrency
        PASS [  94.732s] ( 100/1396) synapse-rust::integration api_device_routes_tests::test_delete_devices_only_removes_current_users_devices
        SLOW [> 60.000s] (─────────) synapse-rust::integration api_device_routes_tests::test_devices_routes_round_trip_across_versions
  TRY 2 SLOW [> 60.000s] (─────────) synapse-rust::integration api_device_presence_tests::test_presence_status_shared_across_r0_and_v3
TRY 3 TRMNTG [>120.000s] (─────────) synapse-rust::integration api_device_presence_tests::test_presence_list_filters_users_without_shared_rooms
   TRY 3 TMT [ 120.008s] ( 101/1396) synapse-rust::integration api_device_presence_tests::test_presence_list_filters_users_without_shared_rooms
  stdout ───

    running 1 test
    test api_device_presence_tests::test_presence_list_filters_users_without_shared_rooms has been running for over 60 seconds

    (test timed out)

  TRY 2 SLOW [> 60.000s] (─────────) synapse-rust::integration api_device_routes_tests::test_delete_devices_alias_is_shared
        PASS [  75.973s] ( 102/1396) synapse-rust::integration api_device_routes_tests::test_devices_routes_round_trip_across_versions
TRY 1 TRMNTG [>120.000s] (─────────) synapse-rust::integration api_device_routes_tests::test_device_list_updates_allows_users_with_shared_rooms
   TRY 1 TMT [ 120.009s] (─────────) synapse-rust::integration api_device_routes_tests::test_device_list_updates_allows_users_with_shared_rooms
  stdout ───

    running 1 test
    test api_device_routes_tests::test_device_list_updates_allows_users_with_shared_rooms has been running for over 60 seconds

    (test timed out)

TRY 1 TRMNTG [>120.000s] (─────────) synapse-rust::integration api_device_routes_tests::test_device_list_updates_filters_users_without_shared_rooms
   TRY 1 TMT [ 120.008s] (─────────) synapse-rust::integration api_device_routes_tests::test_device_list_updates_filters_users_without_shared_rooms
  stdout ───

    running 1 test
    test api_device_routes_tests::test_device_list_updates_filters_users_without_shared_rooms has been running for over 60 seconds

    (test timed out)

TRY 2 TRMNTG [>120.000s] (─────────) synapse-rust::integration api_device_presence_tests::test_presence_routes_remain_stable_under_concurrency
   TRY 2 TMT [ 120.011s] (─────────) synapse-rust::integration api_device_presence_tests::test_presence_routes_remain_stable_under_concurrency
  stdout ───

    running 1 test
    test api_device_presence_tests::test_presence_routes_remain_stable_under_concurrency has been running for over 60 seconds

    (test timed out)

        SLOW [> 60.000s] (─────────) synapse-rust::integration api_device_routes_tests::test_get_device_returns_not_found_for_other_users_device
TRY 2 TRMNTG [>120.000s] (─────────) synapse-rust::integration api_device_presence_tests::test_presence_status_shared_across_r0_and_v3
   TRY 2 TMT [ 120.009s] (─────────) synapse-rust::integration api_device_presence_tests::test_presence_status_shared_across_r0_and_v3
  stdout ───

    running 1 test
    test api_device_presence_tests::test_presence_status_shared_across_r0_and_v3 has been running for over 60 seconds

    (test timed out)

        SLOW [> 60.000s] (─────────) synapse-rust::integration api_e2ee_advanced_tests::test_e2ee_cross_signing_flow
TRY 2 TRMNTG [>120.000s] (─────────) synapse-rust::integration api_device_routes_tests::test_delete_devices_alias_is_shared
   TRY 2 TMT [ 120.008s] (─────────) synapse-rust::integration api_device_routes_tests::test_delete_devices_alias_is_shared
  stdout ───

    running 1 test
    test api_device_routes_tests::test_delete_devices_alias_is_shared has been running for over 60 seconds

    (test timed out)

        SLOW [> 60.000s] (─────────) synapse-rust::integration api_e2ee_advanced_tests::test_e2ee_key_backup_error_handling
  TRY 2 SLOW [> 60.000s] (─────────) synapse-rust::integration api_device_routes_tests::test_device_list_updates_allows_users_with_shared_rooms
  TRY 2 SLOW [> 60.000s] (─────────) synapse-rust::integration api_device_routes_tests::test_device_list_updates_filters_users_without_shared_rooms
  TRY 3 SLOW [> 60.000s] (─────────) synapse-rust::integration api_device_presence_tests::test_presence_routes_remain_stable_under_concurrency
        PASS [  87.519s] ( 103/1396) synapse-rust::integration api_e2ee_advanced_tests::test_e2ee_key_backup_error_handling
TRY 1 TRMNTG [>120.000s] (─────────) synapse-rust::integration api_device_routes_tests::test_get_device_returns_not_found_for_other_users_device
   TRY 1 TMT [ 120.009s] (─────────) synapse-rust::integration api_device_routes_tests::test_get_device_returns_not_found_for_other_users_device
  stdout ───

    running 1 test
    test api_device_routes_tests::test_get_device_returns_not_found_for_other_users_device has been running for over 60 seconds

    (test timed out)

  TRY 3 SLOW [> 60.000s] (─────────) synapse-rust::integration api_device_presence_tests::test_presence_status_shared_across_r0_and_v3
TRY 1 TRMNTG [>120.000s] (─────────) synapse-rust::integration api_e2ee_advanced_tests::test_e2ee_cross_signing_flow
   TRY 1 TMT [ 120.008s] (─────────) synapse-rust::integration api_e2ee_advanced_tests::test_e2ee_cross_signing_flow
  stdout ───

    running 1 test
    test api_e2ee_advanced_tests::test_e2ee_cross_signing_flow has been running for over 60 seconds

    (test timed out)

  TRY 3 SLOW [> 60.000s] (─────────) synapse-rust::integration api_device_routes_tests::test_delete_devices_alias_is_shared
  TRY 2 PASS [  92.102s] ( 104/1396) synapse-rust::integration api_device_routes_tests::test_device_list_updates_allows_users_with_shared_rooms
           - test configured to fail if flaky
TRY 2 TRMNTG [>120.000s] (─────────) synapse-rust::integration api_device_routes_tests::test_device_list_updates_filters_users_without_shared_rooms
   TRY 2 TMT [ 120.009s] (─────────) synapse-rust::integration api_device_routes_tests::test_device_list_updates_filters_users_without_shared_rooms
  stdout ───

    running 1 test
    test api_device_routes_tests::test_device_list_updates_filters_users_without_shared_rooms has been running for over 60 seconds

    (test timed out)

TRY 3 TRMNTG [>120.000s] (─────────) synapse-rust::integration api_device_presence_tests::test_presence_routes_remain_stable_under_concurrency
   TRY 3 TMT [ 120.006s] ( 105/1396) synapse-rust::integration api_device_presence_tests::test_presence_routes_remain_stable_under_concurrency
  stdout ───

    running 1 test
    test api_device_presence_tests::test_presence_routes_remain_stable_under_concurrency has been running for over 60 seconds

    (test timed out)

        SLOW [> 60.000s] (─────────) synapse-rust::integration api_e2ee_advanced_tests::test_e2ee_key_backup_lifecycle
  TRY 2 SLOW [> 60.000s] (─────────) synapse-rust::integration api_device_routes_tests::test_get_device_returns_not_found_for_other_users_device
TRY 3 TRMNTG [>120.000s] (─────────) synapse-rust::integration api_device_presence_tests::test_presence_status_shared_across_r0_and_v3
   TRY 3 TMT [ 120.007s] ( 106/1396) synapse-rust::integration api_device_presence_tests::test_presence_status_shared_across_r0_and_v3
  stdout ───

    running 1 test
    test api_device_presence_tests::test_presence_status_shared_across_r0_and_v3 has been running for over 60 seconds

    (test timed out)

  TRY 2 SLOW [> 60.000s] (─────────) synapse-rust::integration api_e2ee_advanced_tests::test_e2ee_cross_signing_flow
TRY 3 TRMNTG [>120.000s] (─────────) synapse-rust::integration api_device_routes_tests::test_delete_devices_alias_is_shared
   TRY 3 TMT [ 120.007s] ( 107/1396) synapse-rust::integration api_device_routes_tests::test_delete_devices_alias_is_shared
  stdout ───

    running 1 test
    test api_device_routes_tests::test_delete_devices_alias_is_shared has been running for over 60 seconds

    (test timed out)

  TRY 2 PASS [  86.812s] ( 108/1396) synapse-rust::integration api_device_routes_tests::test_get_device_returns_not_found_for_other_users_device
           - test configured to fail if flaky
        SLOW [> 60.000s] (─────────) synapse-rust::integration api_enhanced_features_tests::test_client_config_endpoint_returns_config
  TRY 3 SLOW [> 60.000s] (─────────) synapse-rust::integration api_device_routes_tests::test_device_list_updates_filters_users_without_shared_rooms
        SLOW [> 60.000s] (─────────) synapse-rust::integration api_enhanced_features_tests::test_friend_system_extended
TRY 1 TRMNTG [>120.000s] (─────────) synapse-rust::integration api_e2ee_advanced_tests::test_e2ee_key_backup_lifecycle
   TRY 1 TMT [ 120.006s] (─────────) synapse-rust::integration api_e2ee_advanced_tests::test_e2ee_key_backup_lifecycle
  stdout ───

    running 1 test
    test api_e2ee_advanced_tests::test_e2ee_key_backup_lifecycle has been running for over 60 seconds

    (test timed out)

        SLOW [> 60.000s] (─────────) synapse-rust::integration api_enhanced_features_tests::test_push_routes_share_across_r0_and_v3
TRY 2 TRMNTG [>120.000s] (─────────) synapse-rust::integration api_e2ee_advanced_tests::test_e2ee_cross_signing_flow
   TRY 2 TMT [ 120.007s] (─────────) synapse-rust::integration api_e2ee_advanced_tests::test_e2ee_cross_signing_flow
  stdout ───

    running 1 test
    test api_e2ee_advanced_tests::test_e2ee_cross_signing_flow has been running for over 60 seconds

    (test timed out)

        SLOW [> 60.000s] (─────────) synapse-rust::integration api_enhanced_features_tests::test_thirdparty_routes_share_across_r0_and_v3
        SLOW [> 60.000s] (─────────) synapse-rust::integration api_enhanced_features_tests::test_trusted_private_chat_preset
TRY 1 TRMNTG [>120.000s] (─────────) synapse-rust::integration api_enhanced_features_tests::test_client_config_endpoint_returns_config
   TRY 1 TMT [ 120.006s] (─────────) synapse-rust::integration api_enhanced_features_tests::test_client_config_endpoint_returns_config
  stdout ───

    running 1 test
    test api_enhanced_features_tests::test_client_config_endpoint_returns_config has been running for over 60 seconds

    (test timed out)

TRY 3 TRMNTG [>120.000s] (─────────) synapse-rust::integration api_device_routes_tests::test_device_list_updates_filters_users_without_shared_rooms
   TRY 3 TMT [ 120.006s] ( 109/1396) synapse-rust::integration api_device_routes_tests::test_device_list_updates_filters_users_without_shared_rooms
  stdout ───

    running 1 test
    test api_device_routes_tests::test_device_list_updates_filters_users_without_shared_rooms has been running for over 60 seconds

    (test timed out)

TRY 1 TRMNTG [>120.000s] (─────────) synapse-rust::integration api_enhanced_features_tests::test_friend_system_extended
   TRY 1 TMT [ 120.006s] (─────────) synapse-rust::integration api_enhanced_features_tests::test_friend_system_extended
  stdout ───

    running 1 test
    test api_enhanced_features_tests::test_friend_system_extended has been running for over 60 seconds

    (test timed out)

  TRY 2 SLOW [> 60.000s] (─────────) synapse-rust::integration api_e2ee_advanced_tests::test_e2ee_key_backup_lifecycle
        PASS [  91.024s] ( 110/1396) synapse-rust::integration api_enhanced_features_tests::test_thirdparty_routes_share_across_r0_and_v3
TRY 1 TRMNTG [>120.000s] (─────────) synapse-rust::integration api_enhanced_features_tests::test_push_routes_share_across_r0_and_v3
   TRY 1 TMT [ 120.005s] (─────────) synapse-rust::integration api_enhanced_features_tests::test_push_routes_share_across_r0_and_v3
  stdout ───

    running 1 test
    test api_enhanced_features_tests::test_push_routes_share_across_r0_and_v3 has been running for over 60 seconds

    (test timed out)

  TRY 3 SLOW [> 60.000s] (─────────) synapse-rust::integration api_e2ee_advanced_tests::test_e2ee_cross_signing_flow
TRY 1 TRMNTG [>120.000s] (─────────) synapse-rust::integration api_enhanced_features_tests::test_trusted_private_chat_preset
   TRY 1 TMT [ 120.006s] (─────────) synapse-rust::integration api_enhanced_features_tests::test_trusted_private_chat_preset
  stdout ───

    running 1 test
    test api_enhanced_features_tests::test_trusted_private_chat_preset has been running for over 60 seconds

    (test timed out)

  TRY 2 PASS [  90.436s] ( 111/1396) synapse-rust::integration api_e2ee_advanced_tests::test_e2ee_key_backup_lifecycle
           - test configured to fail if flaky
  TRY 2 SLOW [> 60.000s] (─────────) synapse-rust::integration api_enhanced_features_tests::test_client_config_endpoint_returns_config
        SLOW [> 60.000s] (─────────) synapse-rust::integration api_enhanced_features_tests::test_voice_messages
  TRY 2 SLOW [> 60.000s] (─────────) synapse-rust::integration api_enhanced_features_tests::test_friend_system_extended
        SLOW [> 60.000s] (─────────) synapse-rust::integration api_error_compliance_tests::test_fallback_unknown_path_returns_404_json
  TRY 2 SLOW [> 60.000s] (─────────) synapse-rust::integration api_enhanced_features_tests::test_push_routes_share_across_r0_and_v3
TRY 3 TRMNTG [>120.000s] (─────────) synapse-rust::integration api_e2ee_advanced_tests::test_e2ee_cross_signing_flow
   TRY 3 TMT [ 120.007s] ( 112/1396) synapse-rust::integration api_e2ee_advanced_tests::test_e2ee_cross_signing_flow
  stdout ───

    running 1 test
    test api_e2ee_advanced_tests::test_e2ee_cross_signing_flow has been running for over 60 seconds

    (test timed out)

  TRY 2 SLOW [> 60.000s] (─────────) synapse-rust::integration api_enhanced_features_tests::test_trusted_private_chat_preset
        SLOW [> 60.000s] (─────────) synapse-rust::integration api_error_compliance_tests::test_method_not_allowed_returns_405_json
TRY 2 TRMNTG [>120.000s] (─────────) synapse-rust::integration api_enhanced_features_tests::test_client_config_endpoint_returns_config
   TRY 2 TMT [ 120.008s] (─────────) synapse-rust::integration api_enhanced_features_tests::test_client_config_endpoint_returns_config
  stdout ───

    running 1 test
    test api_enhanced_features_tests::test_client_config_endpoint_returns_config has been running for over 60 seconds

    (test timed out)

  TRY 2 PASS [  66.782s] ( 113/1396) synapse-rust::integration api_enhanced_features_tests::test_push_routes_share_across_r0_and_v3
           - test configured to fail if flaky
TRY 1 TRMNTG [>120.000s] (─────────) synapse-rust::integration api_enhanced_features_tests::test_voice_messages
   TRY 1 TMT [ 120.007s] (─────────) synapse-rust::integration api_enhanced_features_tests::test_voice_messages
  stdout ───

    running 1 test
    test api_enhanced_features_tests::test_voice_messages has been running for over 60 seconds

    (test timed out)

TRY 2 TRMNTG [>120.000s] (─────────) synapse-rust::integration api_enhanced_features_tests::test_friend_system_extended
   TRY 2 TMT [ 120.008s] (─────────) synapse-rust::integration api_enhanced_features_tests::test_friend_system_extended
  stdout ───

    running 1 test
    test api_enhanced_features_tests::test_friend_system_extended has been running for over 60 seconds

    (test timed out)

TRY 1 TRMNTG [>120.000s] (─────────) synapse-rust::integration api_error_compliance_tests::test_fallback_unknown_path_returns_404_json
   TRY 1 TMT [ 120.007s] (─────────) synapse-rust::integration api_error_compliance_tests::test_fallback_unknown_path_returns_404_json
  stdout ───

    running 1 test
    test api_error_compliance_tests::test_fallback_unknown_path_returns_404_json has been running for over 60 seconds

    (test timed out)

  TRY 2 PASS [  98.547s] ( 114/1396) synapse-rust::integration api_enhanced_features_tests::test_trusted_private_chat_preset
           - test configured to fail if flaky
        SLOW [> 60.000s] (─────────) synapse-rust::integration api_feature_flags_tests::test_feature_flag_create_get_list_and_update
TRY 1 TRMNTG [>120.000s] (─────────) synapse-rust::integration api_error_compliance_tests::test_method_not_allowed_returns_405_json
   TRY 1 TMT [ 120.005s] (─────────) synapse-rust::integration api_error_compliance_tests::test_method_not_allowed_returns_405_json
  stdout ───

    running 1 test
    test api_error_compliance_tests::test_method_not_allowed_returns_405_json has been running for over 60 seconds

    (test timed out)

  TRY 3 SLOW [> 60.000s] (─────────) synapse-rust::integration api_enhanced_features_tests::test_client_config_endpoint_returns_config
        SLOW [> 60.000s] (─────────) synapse-rust::integration api_federation_join_key_fetch_priority_tests::test_join_related_requests_can_bypass_general_key_fetch_saturation
  TRY 2 SLOW [> 60.000s] (─────────) synapse-rust::integration api_enhanced_features_tests::test_voice_messages
  TRY 3 SLOW [> 60.000s] (─────────) synapse-rust::integration api_enhanced_features_tests::test_friend_system_extended
  TRY 2 SLOW [> 60.000s] (─────────) synapse-rust::integration api_error_compliance_tests::test_fallback_unknown_path_returns_404_json
  TRY 3 PASS [  94.041s] ( 115/1396) synapse-rust::integration api_enhanced_features_tests::test_client_config_endpoint_returns_config
           - test configured to fail if flaky
        SLOW [> 60.000s] (─────────) synapse-rust::integration api_federation_key_fetch_limits_tests::test_federation_key_fetch_backoff_skips_retries
TRY 1 TRMNTG [>120.000s] (─────────) synapse-rust::integration api_feature_flags_tests::test_feature_flag_create_get_list_and_update
   TRY 1 TMT [ 120.011s] (─────────) synapse-rust::integration api_feature_flags_tests::test_feature_flag_create_get_list_and_update
  stdout ───

    running 1 test
    test api_feature_flags_tests::test_feature_flag_create_get_list_and_update has been running for over 60 seconds

    (test timed out)

  TRY 2 SLOW [> 60.000s] (─────────) synapse-rust::integration api_error_compliance_tests::test_method_not_allowed_returns_405_json
TRY 1 TRMNTG [>120.000s] (─────────) synapse-rust::integration api_federation_join_key_fetch_priority_tests::test_join_related_requests_can_bypass_general_key_fetch_saturation
   TRY 1 TMT [ 120.006s] (─────────) synapse-rust::integration api_federation_join_key_fetch_priority_tests::test_join_related_requests_can_bypass_general_key_fetch_saturation
  stdout ───

    running 1 test
    test api_federation_join_key_fetch_priority_tests::test_join_related_requests_can_bypass_general_key_fetch_saturation has been running for over 60 seconds

    (test timed out)

  TRY 3 PASS [  96.623s] ( 116/1396) synapse-rust::integration api_enhanced_features_tests::test_friend_system_extended
           - test configured to fail if flaky
TRY 2 TRMNTG [>120.000s] (─────────) synapse-rust::integration api_enhanced_features_tests::test_voice_messages
   TRY 2 TMT [ 120.008s] (─────────) synapse-rust::integration api_enhanced_features_tests::test_voice_messages
  stdout ───

    running 1 test
    test api_enhanced_features_tests::test_voice_messages has been running for over 60 seconds

    (test timed out)

TRY 2 TRMNTG [>120.000s] (─────────) synapse-rust::integration api_error_compliance_tests::test_fallback_unknown_path_returns_404_json
   TRY 2 TMT [ 120.008s] (─────────) synapse-rust::integration api_error_compliance_tests::test_fallback_unknown_path_returns_404_json
  stdout ───

    running 1 test
    test api_error_compliance_tests::test_fallback_unknown_path_returns_404_json has been running for over 60 seconds

    (test timed out)

        SLOW [> 60.000s] (─────────) synapse-rust::integration api_federation_key_fetch_limits_tests::test_federation_key_fetch_global_concurrency_limit_is_enforced
TRY 1 TRMNTG [>120.000s] (─────────) synapse-rust::integration api_federation_key_fetch_limits_tests::test_federation_key_fetch_backoff_skips_retries
   TRY 1 TMT [ 120.006s] (─────────) synapse-rust::integration api_federation_key_fetch_limits_tests::test_federation_key_fetch_backoff_skips_retries
  stdout ───

    running 1 test
    test api_federation_key_fetch_limits_tests::test_federation_key_fetch_backoff_skips_retries has been running for over 60 seconds

    (test timed out)

  TRY 2 SLOW [> 60.000s] (─────────) synapse-rust::integration api_feature_flags_tests::test_feature_flag_create_get_list_and_update
TRY 2 TRMNTG [>120.000s] (─────────) synapse-rust::integration api_error_compliance_tests::test_method_not_allowed_returns_405_json
   TRY 2 TMT [ 120.005s] (─────────) synapse-rust::integration api_error_compliance_tests::test_method_not_allowed_returns_405_json
  stdout ───

    running 1 test
    test api_error_compliance_tests::test_method_not_allowed_returns_405_json has been running for over 60 seconds

    (test timed out)

  TRY 2 SLOW [> 60.000s] (─────────) synapse-rust::integration api_federation_join_key_fetch_priority_tests::test_join_related_requests_can_bypass_general_key_fetch_saturation
        SLOW [> 60.000s] (─────────) synapse-rust::integration api_federation_key_fetch_limits_tests::test_federation_key_fetch_respects_timeout_config
  TRY 3 SLOW [> 60.000s] (─────────) synapse-rust::integration api_enhanced_features_tests::test_voice_messages
  TRY 3 SLOW [> 60.000s] (─────────) synapse-rust::integration api_error_compliance_tests::test_fallback_unknown_path_returns_404_json
TRY 1 TRMNTG [>120.000s] (─────────) synapse-rust::integration api_federation_key_fetch_limits_tests::test_federation_key_fetch_global_concurrency_limit_is_enforced
   TRY 1 TMT [ 120.006s] (─────────) synapse-rust::integration api_federation_key_fetch_limits_tests::test_federation_key_fetch_global_concurrency_limit_is_enforced
  stdout ───

    running 1 test
    test api_federation_key_fetch_limits_tests::test_federation_key_fetch_global_concurrency_limit_is_enforced has been running for over 60 seconds
  stderr ───
    Shared test schema clone failed (failed to clone template to test_30619_1_1788319296234476000: error returned from database: schema "test_template_v2_aa57a852f2913233" does not exist); retrying with isolated schema initialization

    (test timed out)

  TRY 2 SLOW [> 60.000s] (─────────) synapse-rust::integration api_federation_key_fetch_limits_tests::test_federation_key_fetch_backoff_skips_retries
TRY 2 TRMNTG [>120.000s] (─────────) synapse-rust::integration api_feature_flags_tests::test_feature_flag_create_get_list_and_update
   TRY 2 TMT [ 120.009s] (─────────) synapse-rust::integration api_feature_flags_tests::test_feature_flag_create_get_list_and_update
  stdout ───

    running 1 test
    test api_feature_flags_tests::test_feature_flag_create_get_list_and_update has been running for over 60 seconds

    (test timed out)

  TRY 3 SLOW [> 60.000s] (─────────) synapse-rust::integration api_error_compliance_tests::test_method_not_allowed_returns_405_json
TRY 2 TRMNTG [>120.000s] (─────────) synapse-rust::integration api_federation_join_key_fetch_priority_tests::test_join_related_requests_can_bypass_general_key_fetch_saturation
   TRY 2 TMT [ 120.009s] (─────────) synapse-rust::integration api_federation_join_key_fetch_priority_tests::test_join_related_requests_can_bypass_general_key_fetch_saturation
  stdout ───

    running 1 test
    test api_federation_join_key_fetch_priority_tests::test_join_related_requests_can_bypass_general_key_fetch_saturation has been running for over 60 seconds
  stderr ───
    Shared test schema clone failed (failed to clone template to test_30816_1_1788319328349763000: error returned from database: schema "test_template_v2_aa57a852f2913233" does not exist); retrying with isolated schema initialization

    (test timed out)

TRY 1 TRMNTG [>120.000s] (─────────) synapse-rust::integration api_federation_key_fetch_limits_tests::test_federation_key_fetch_respects_timeout_config
   TRY 1 TMT [ 120.007s] (─────────) synapse-rust::integration api_federation_key_fetch_limits_tests::test_federation_key_fetch_respects_timeout_config
  stdout ───

    running 1 test
    test api_federation_key_fetch_limits_tests::test_federation_key_fetch_respects_timeout_config has been running for over 60 seconds

    (test timed out)

  TRY 3 PASS [  28.437s] ( 117/1396) synapse-rust::integration api_feature_flags_tests::test_feature_flag_create_get_list_and_update
           - test configured to fail if flaky
TRY 3 TRMNTG [>120.000s] (─────────) synapse-rust::integration api_enhanced_features_tests::test_voice_messages
   TRY 3 TMT [ 120.007s] ( 118/1396) synapse-rust::integration api_enhanced_features_tests::test_voice_messages
  stdout ───

    running 1 test
    test api_enhanced_features_tests::test_voice_messages has been running for over 60 seconds

    (test timed out)

TRY 3 TRMNTG [>120.000s] (─────────) synapse-rust::integration api_error_compliance_tests::test_fallback_unknown_path_returns_404_json
   TRY 3 TMT [ 120.007s] ( 119/1396) synapse-rust::integration api_error_compliance_tests::test_fallback_unknown_path_returns_404_json
  stdout ───

    running 1 test
    test api_error_compliance_tests::test_fallback_unknown_path_returns_404_json has been running for over 60 seconds

    (test timed out)

  TRY 2 SLOW [> 60.000s] (─────────) synapse-rust::integration api_federation_key_fetch_limits_tests::test_federation_key_fetch_global_concurrency_limit_is_enforced
TRY 2 TRMNTG [>120.000s] (─────────) synapse-rust::integration api_federation_key_fetch_limits_tests::test_federation_key_fetch_backoff_skips_retries
   TRY 2 TMT [ 120.006s] (─────────) synapse-rust::integration api_federation_key_fetch_limits_tests::test_federation_key_fetch_backoff_skips_retries
  stdout ───

    running 1 test
    test api_federation_key_fetch_limits_tests::test_federation_key_fetch_backoff_skips_retries has been running for over 60 seconds

    (test timed out)

        PASS [  14.741s] ( 120/1396) synapse-rust::integration api_federation_tests::test_federation_openid_userinfo_validates_openid_token_without_placeholder
        PASS [  18.881s] ( 121/1396) synapse-rust::integration api_federation_tests::test_federation_get_group_returns_not_found_without_placeholder
  TRY 1 FAIL [  16.204s] (─────────) synapse-rust::integration api_federation_tests::test_federation_key_clone_returns_server_keys
  stdout ───

    running 1 test
    test api_federation_tests::test_federation_key_clone_returns_server_keys ... FAILED

    failures:

    failures:
        api_federation_tests::test_federation_key_clone_returns_server_keys

    test result: FAILED. 0 passed; 1 failed; 0 ignored; 0 measured; 1395 filtered out; finished in 16.06s

  stderr ───

    thread 'api_federation_tests::test_federation_key_clone_returns_server_keys' (65596956) panicked at tests/integration/mod.rs:268:9:
    Integration test requires database setup. For local runs, start PostgreSQL and apply migrations first; in CI this must already succeed. Error: failed to clone template to test_31748_1_1788319382030938000: error returned from database: deadlock detected
    note: run with `RUST_BACKTRACE=1` environment variable to display a backtrace

        PASS [   2.147s] ( 122/1396) synapse-rust::integration api_federation_tests::test_federation_public_rooms
        PASS [   2.147s] ( 123/1396) synapse-rust::integration api_federation_tests::test_federation_queries
  TRY 2 FAIL [   2.150s] (─────────) synapse-rust::integration api_federation_tests::test_federation_key_clone_returns_server_keys
  stdout ───

    running 1 test
    test api_federation_tests::test_federation_key_clone_returns_server_keys ... FAILED

    failures:

    failures:
        api_federation_tests::test_federation_key_clone_returns_server_keys

    test result: FAILED. 0 passed; 1 failed; 0 ignored; 0 measured; 1395 filtered out; finished in 2.14s

  stderr ───

    thread 'api_federation_tests::test_federation_key_clone_returns_server_keys' (65597375) panicked at tests/integration/mod.rs:268:9:
    Integration test requires database setup. For local runs, start PostgreSQL and apply migrations first; in CI this must already succeed. Error: failed to clone template to test_31868_1_1788319398105600000: error returned from database: schema "test_template_v2_aa57a852f2913233" does not exist
    note: run with `RUST_BACKTRACE=1` environment variable to display a backtrace

  TRY 2 PASS [  72.752s] ( 124/1396) synapse-rust::integration api_federation_key_fetch_limits_tests::test_federation_key_fetch_global_concurrency_limit_is_enforced
           - test configured to fail if flaky
TRY 3 TRMNTG [>120.000s] (─────────) synapse-rust::integration api_error_compliance_tests::test_method_not_allowed_returns_405_json
   TRY 3 TMT [ 120.010s] ( 125/1396) synapse-rust::integration api_error_compliance_tests::test_method_not_allowed_returns_405_json
  stdout ───

    running 1 test
    test api_error_compliance_tests::test_method_not_allowed_returns_405_json has been running for over 60 seconds

    (test timed out)

  TRY 3 SLOW [> 60.000s] (─────────) synapse-rust::integration api_federation_join_key_fetch_priority_tests::test_join_related_requests_can_bypass_general_key_fetch_saturation
  TRY 2 SLOW [> 60.000s] (─────────) synapse-rust::integration api_federation_key_fetch_limits_tests::test_federation_key_fetch_respects_timeout_config
  TRY 2 PASS [  85.742s] ( 126/1396) synapse-rust::integration api_federation_key_fetch_limits_tests::test_federation_key_fetch_respects_timeout_config
           - test configured to fail if flaky
  TRY 3 PASS [  53.717s] ( 127/1396) synapse-rust::integration api_federation_key_fetch_limits_tests::test_federation_key_fetch_backoff_skips_retries
           - test configured to fail if flaky
  TRY 3 PASS [  87.672s] ( 128/1396) synapse-rust::integration api_federation_join_key_fetch_priority_tests::test_join_related_requests_can_bypass_general_key_fetch_saturation
           - test configured to fail if flaky
        SLOW [> 60.000s] (─────────) synapse-rust::integration api_federation_tests::test_federation_query_destination_returns_minimal_payload
        SLOW [> 60.000s] (─────────) synapse-rust::integration api_federation_tests::test_federation_query_directory_resolves_alias_after_creation
  TRY 3 SLOW [> 60.000s] (─────────) synapse-rust::integration api_federation_tests::test_federation_key_clone_returns_server_keys
        SLOW [> 60.000s] (─────────) synapse-rust::integration api_federation_tests::test_federation_query_directory_returns_not_found_with_clear_message_for_missing_alias
        SLOW [> 60.000s] (─────────) synapse-rust::integration api_federation_tests::test_federation_version
        PASS [  64.157s] ( 129/1396) synapse-rust::integration api_federation_tests::test_federation_version
        SLOW [> 60.000s] (─────────) synapse-rust::integration api_federation_tests::test_local_key_query_reuses_server_key_response
        SLOW [> 60.000s] (─────────) synapse-rust::integration api_federation_tests::test_p2_16_batch_notary_query_empty_request_returns_empty_array
        SLOW [> 60.000s] (─────────) synapse-rust::integration api_federation_tests::test_p2_16_batch_notary_query_returns_wrapped_format
  TRY 1 FAIL [ 113.551s] (─────────) synapse-rust::integration api_federation_tests::test_federation_query_directory_returns_not_found_with_clear_message_for_missing_alias
  stdout ───

    running 1 test
    test api_federation_tests::test_federation_query_directory_returns_not_found_with_clear_message_for_missing_alias has been running for over 60 seconds
    test api_federation_tests::test_federation_query_directory_returns_not_found_with_clear_message_for_missing_alias ... FAILED

    failures:

    failures:
        api_federation_tests::test_federation_query_directory_returns_not_found_with_clear_message_for_missing_alias

    test result: FAILED. 0 passed; 1 failed; 0 ignored; 0 measured; 1395 filtered out; finished in 113.54s

  stderr ───

    thread 'api_federation_tests::test_federation_query_directory_returns_not_found_with_clear_message_for_missing_alias' (65597484) panicked at tests/integration/mod.rs:268:9:
    Integration test requires database setup. For local runs, start PostgreSQL and apply migrations first; in CI this must already succeed. Error: failed to clone template to test_31910_1_1788319512936113000: error returned from database: schema "test_template_v2_aa57a852f2913233" does not exist
    note: run with `RUST_BACKTRACE=1` environment variable to display a backtrace

TRY 1 TRMNTG [>120.000s] (─────────) synapse-rust::integration api_federation_tests::test_federation_query_directory_resolves_alias_after_creation
TRY 1 TRMNTG [>120.000s] (─────────) synapse-rust::integration api_federation_tests::test_federation_query_destination_returns_minimal_payload
   TRY 1 TMT [ 120.005s] (─────────) synapse-rust::integration api_federation_tests::test_federation_query_directory_resolves_alias_after_creation
  stdout ───

    running 1 test
    test api_federation_tests::test_federation_query_directory_resolves_alias_after_creation has been running for over 60 seconds

    (test timed out)

   TRY 1 TMT [ 120.005s] (─────────) synapse-rust::integration api_federation_tests::test_federation_query_destination_returns_minimal_payload
  stdout ───

    running 1 test
    test api_federation_tests::test_federation_query_destination_returns_minimal_payload has been running for over 60 seconds

    (test timed out)

TRY 3 TRMNTG [>120.000s] (─────────) synapse-rust::integration api_federation_tests::test_federation_key_clone_returns_server_keys
   TRY 3 TMT [ 120.005s] ( 130/1396) synapse-rust::integration api_federation_tests::test_federation_key_clone_returns_server_keys
  stdout ───

    running 1 test
    test api_federation_tests::test_federation_key_clone_returns_server_keys has been running for over 60 seconds

    (test timed out)

        SLOW [> 60.000s] (─────────) synapse-rust::integration api_federation_tests::test_p2_16_notary_query_with_key_id_returns_wrapped_format
TRY 1 TRMNTG [>120.000s] (─────────) synapse-rust::integration api_federation_tests::test_local_key_query_reuses_server_key_response
   TRY 1 TMT [ 120.008s] (─────────) synapse-rust::integration api_federation_tests::test_local_key_query_reuses_server_key_response
  stdout ───

    running 1 test
    test api_federation_tests::test_local_key_query_reuses_server_key_response has been running for over 60 seconds

    (test timed out)

TRY 1 TRMNTG [>120.000s] (─────────) synapse-rust::integration api_federation_tests::test_p2_16_batch_notary_query_empty_request_returns_empty_array
   TRY 1 TMT [ 120.004s] (─────────) synapse-rust::integration api_federation_tests::test_p2_16_batch_notary_query_empty_request_returns_empty_array
  stdout ───

    running 1 test
    test api_federation_tests::test_p2_16_batch_notary_query_empty_request_returns_empty_array has been running for over 60 seconds

    (test timed out)

TRY 1 TRMNTG [>120.000s] (─────────) synapse-rust::integration api_federation_tests::test_p2_16_batch_notary_query_returns_wrapped_format
   TRY 1 TMT [ 120.007s] (─────────) synapse-rust::integration api_federation_tests::test_p2_16_batch_notary_query_returns_wrapped_format
  stdout ───

    running 1 test
    test api_federation_tests::test_p2_16_batch_notary_query_returns_wrapped_format has been running for over 60 seconds

    (test timed out)

        PASS [  93.341s] ( 131/1396) synapse-rust::integration api_federation_tests::test_p2_16_notary_query_with_key_id_returns_wrapped_format
  TRY 2 SLOW [> 60.000s] (─────────) synapse-rust::integration api_federation_tests::test_federation_query_directory_returns_not_found_with_clear_message_for_missing_alias
  TRY 2 SLOW [> 60.000s] (─────────) synapse-rust::integration api_federation_tests::test_federation_query_destination_returns_minimal_payload
  TRY 2 SLOW [> 60.000s] (─────────) synapse-rust::integration api_federation_tests::test_federation_query_directory_resolves_alias_after_creation
        SLOW [> 60.000s] (─────────) synapse-rust::integration api_federation_tests::test_p2_16_notary_query_without_key_id_returns_wrapped_format
  TRY 2 PASS [  36.945s] ( 132/1396) synapse-rust::integration api_federation_tests::test_p2_16_batch_notary_query_returns_wrapped_format
           - test configured to fail if flaky
  TRY 2 SLOW [> 60.000s] (─────────) synapse-rust::integration api_federation_tests::test_local_key_query_reuses_server_key_response
  TRY 2 SLOW [> 60.000s] (─────────) synapse-rust::integration api_federation_tests::test_p2_16_batch_notary_query_empty_request_returns_empty_array
        SLOW [> 60.000s] (─────────) synapse-rust::integration api_federation_tests::test_remote_key_query_fetches_real_remote_server_response
TRY 2 TRMNTG [>120.000s] (─────────) synapse-rust::integration api_federation_tests::test_federation_query_directory_returns_not_found_with_clear_message_for_missing_alias
   TRY 2 TMT [ 120.008s] (─────────) synapse-rust::integration api_federation_tests::test_federation_query_directory_returns_not_found_with_clear_message_for_missing_alias
  stdout ───

    running 1 test
    test api_federation_tests::test_federation_query_directory_returns_not_found_with_clear_message_for_missing_alias has been running for over 60 seconds

    (test timed out)

TRY 2 TRMNTG [>120.000s] (─────────) synapse-rust::integration api_federation_tests::test_federation_query_directory_resolves_alias_after_creation
TRY 2 TRMNTG [>120.000s] (─────────) synapse-rust::integration api_federation_tests::test_federation_query_destination_returns_minimal_payload
   TRY 2 TMT [ 120.008s] (─────────) synapse-rust::integration api_federation_tests::test_federation_query_directory_resolves_alias_after_creation
  stdout ───

    running 1 test
    test api_federation_tests::test_federation_query_directory_resolves_alias_after_creation has been running for over 60 seconds

    (test timed out)

   TRY 2 TMT [ 120.009s] (─────────) synapse-rust::integration api_federation_tests::test_federation_query_destination_returns_minimal_payload
  stdout ───

    running 1 test
    test api_federation_tests::test_federation_query_destination_returns_minimal_payload has been running for over 60 seconds

    (test timed out)

TRY 1 TRMNTG [>120.000s] (─────────) synapse-rust::integration api_federation_tests::test_p2_16_notary_query_without_key_id_returns_wrapped_format
   TRY 1 TMT [ 120.005s] (─────────) synapse-rust::integration api_federation_tests::test_p2_16_notary_query_without_key_id_returns_wrapped_format
  stdout ───

    running 1 test
    test api_federation_tests::test_p2_16_notary_query_without_key_id_returns_wrapped_format has been running for over 60 seconds

    (test timed out)

        SLOW [> 60.000s] (─────────) synapse-rust::integration api_federation_tests::test_server_keys_endpoint_returns_verify_keys_without_config_signing_key
  TRY 2 PASS [  30.241s] ( 133/1396) synapse-rust::integration api_federation_tests::test_p2_16_notary_query_without_key_id_returns_wrapped_format
           - test configured to fail if flaky
TRY 2 TRMNTG [>120.000s] (─────────) synapse-rust::integration api_federation_tests::test_local_key_query_reuses_server_key_response
TRY 2 TRMNTG [>120.000s] (─────────) synapse-rust::integration api_federation_tests::test_p2_16_batch_notary_query_empty_request_returns_empty_array
   TRY 2 TMT [ 120.010s] (─────────) synapse-rust::integration api_federation_tests::test_local_key_query_reuses_server_key_response
  stdout ───

    running 1 test
    test api_federation_tests::test_local_key_query_reuses_server_key_response has been running for over 60 seconds

    (test timed out)

   TRY 2 TMT [ 120.006s] (─────────) synapse-rust::integration api_federation_tests::test_p2_16_batch_notary_query_empty_request_returns_empty_array
  stdout ───

    running 1 test
    test api_federation_tests::test_p2_16_batch_notary_query_empty_request_returns_empty_array has been running for over 60 seconds

    (test timed out)

TRY 1 TRMNTG [>120.000s] (─────────) synapse-rust::integration api_federation_tests::test_remote_key_query_fetches_real_remote_server_response
   TRY 1 TMT [ 120.008s] (─────────) synapse-rust::integration api_federation_tests::test_remote_key_query_fetches_real_remote_server_response
  stdout ───

    running 1 test
    test api_federation_tests::test_remote_key_query_fetches_real_remote_server_response has been running for over 60 seconds

    (test timed out)

  TRY 3 SLOW [> 60.000s] (─────────) synapse-rust::integration api_federation_tests::test_federation_query_directory_returns_not_found_with_clear_message_for_missing_alias
  TRY 3 SLOW [> 60.000s] (─────────) synapse-rust::integration api_federation_tests::test_federation_query_directory_resolves_alias_after_creation
  TRY 3 SLOW [> 60.000s] (─────────) synapse-rust::integration api_federation_tests::test_federation_query_destination_returns_minimal_payload
TRY 1 TRMNTG [>120.000s] (─────────) synapse-rust::integration api_federation_tests::test_server_keys_endpoint_returns_verify_keys_without_config_signing_key
   TRY 1 TMT [ 120.009s] (─────────) synapse-rust::integration api_federation_tests::test_server_keys_endpoint_returns_verify_keys_without_config_signing_key
  stdout ───

    running 1 test
    test api_federation_tests::test_server_keys_endpoint_returns_verify_keys_without_config_signing_key has been running for over 60 seconds

    (test timed out)

        SLOW [> 60.000s] (─────────) synapse-rust::integration api_federation_transaction_tests::test_send_transaction_rejects_invalid_signature
  TRY 3 PASS [  59.226s] ( 134/1396) synapse-rust::integration api_federation_tests::test_p2_16_batch_notary_query_empty_request_returns_empty_array
           - test configured to fail if flaky
  TRY 3 SLOW [> 60.000s] (─────────) synapse-rust::integration api_federation_tests::test_local_key_query_reuses_server_key_response
  TRY 2 SLOW [> 60.000s] (─────────) synapse-rust::integration api_federation_tests::test_remote_key_query_fetches_real_remote_server_response
TRY 3 TRMNTG [>120.000s] (─────────) synapse-rust::integration api_federation_tests::test_federation_query_directory_returns_not_found_with_clear_message_for_missing_alias
   TRY 3 TMT [ 120.006s] ( 135/1396) synapse-rust::integration api_federation_tests::test_federation_query_directory_returns_not_found_with_clear_message_for_missing_alias
  stdout ───

    running 1 test
    test api_federation_tests::test_federation_query_directory_returns_not_found_with_clear_message_for_missing_alias has been running for over 60 seconds

    (test timed out)

TRY 3 TRMNTG [>120.000s] (─────────) synapse-rust::integration api_federation_tests::test_federation_query_destination_returns_minimal_payload
TRY 3 TRMNTG [>120.000s] (─────────) synapse-rust::integration api_federation_tests::test_federation_query_directory_resolves_alias_after_creation
   TRY 3 TMT [ 120.009s] ( 136/1396) synapse-rust::integration api_federation_tests::test_federation_query_destination_returns_minimal_payload
  stdout ───

    running 1 test
    test api_federation_tests::test_federation_query_destination_returns_minimal_payload has been running for over 60 seconds

    (test timed out)

   TRY 3 TMT [ 120.009s] ( 137/1396) synapse-rust::integration api_federation_tests::test_federation_query_directory_resolves_alias_after_creation
  stdout ───

    running 1 test
    test api_federation_tests::test_federation_query_directory_resolves_alias_after_creation has been running for over 60 seconds

    (test timed out)

  TRY 2 SLOW [> 60.000s] (─────────) synapse-rust::integration api_federation_tests::test_server_keys_endpoint_returns_verify_keys_without_config_signing_key
TRY 1 TRMNTG [>120.000s] (─────────) synapse-rust::integration api_federation_transaction_tests::test_send_transaction_rejects_invalid_signature
   TRY 1 TMT [ 120.007s] (─────────) synapse-rust::integration api_federation_transaction_tests::test_send_transaction_rejects_invalid_signature
  stdout ───

    running 1 test
    test api_federation_transaction_tests::test_send_transaction_rejects_invalid_signature has been running for over 60 seconds

    (test timed out)

  TRY 1 FAIL [  31.684s] (─────────) synapse-rust::integration api_federation_transaction_tests::test_send_transaction_with_invalid_pdu_returns_result_error
  stdout ───

    running 1 test
    test api_federation_transaction_tests::test_send_transaction_with_invalid_pdu_returns_result_error ... FAILED

    failures:

    failures:
        api_federation_transaction_tests::test_send_transaction_with_invalid_pdu_returns_result_error

    test result: FAILED. 0 passed; 1 failed; 0 ignored; 0 measured; 1395 filtered out; finished in 31.66s

  stderr ───

    thread 'api_federation_transaction_tests::test_send_transaction_with_invalid_pdu_returns_result_error' (65605810) panicked at tests/integration/mod.rs:268:9:
    Integration test requires database setup. For local runs, start PostgreSQL and apply migrations first; in CI this must already succeed. Error: failed to clone template to test_34164_1_1788319790662880000: error returned from database: schema "test_template_v2_aa57a852f2913233" does not exist
    note: run with `RUST_BACKTRACE=1` environment variable to display a backtrace

        SLOW [> 60.000s] (─────────) synapse-rust::integration api_federation_transaction_tests::test_send_transaction_rejects_missing_signature
TRY 3 TRMNTG [>120.000s] (─────────) synapse-rust::integration api_federation_tests::test_local_key_query_reuses_server_key_response
   TRY 3 TMT [ 120.006s] ( 138/1396) synapse-rust::integration api_federation_tests::test_local_key_query_reuses_server_key_response
  stdout ───

    running 1 test
    test api_federation_tests::test_local_key_query_reuses_server_key_response has been running for over 60 seconds

    (test timed out)

TRY 2 TRMNTG [>120.000s] (─────────) synapse-rust::integration api_federation_tests::test_remote_key_query_fetches_real_remote_server_response
   TRY 2 TMT [ 120.010s] (─────────) synapse-rust::integration api_federation_tests::test_remote_key_query_fetches_real_remote_server_response
  stdout ───

    running 1 test
    test api_federation_tests::test_remote_key_query_fetches_real_remote_server_response has been running for over 60 seconds

    (test timed out)

        SLOW [> 60.000s] (─────────) synapse-rust::integration api_federation_transaction_tests::test_send_transaction_with_empty_pdus_returns_ok
        SLOW [> 60.000s] (─────────) synapse-rust::integration api_federation_transaction_tests::test_send_transaction_with_signed_pdu_accepted
TRY 2 TRMNTG [>120.000s] (─────────) synapse-rust::integration api_federation_tests::test_server_keys_endpoint_returns_verify_keys_without_config_signing_key
   TRY 2 TMT [ 120.009s] (─────────) synapse-rust::integration api_federation_tests::test_server_keys_endpoint_returns_verify_keys_without_config_signing_key
  stdout ───

    running 1 test
    test api_federation_tests::test_server_keys_endpoint_returns_verify_keys_without_config_signing_key has been running for over 60 seconds

    (test timed out)

  TRY 2 SLOW [> 60.000s] (─────────) synapse-rust::integration api_federation_transaction_tests::test_send_transaction_rejects_invalid_signature
  TRY 2 SLOW [> 60.000s] (─────────) synapse-rust::integration api_federation_transaction_tests::test_send_transaction_with_invalid_pdu_returns_result_error
TRY 1 TRMNTG [>120.000s] (─────────) synapse-rust::integration api_federation_transaction_tests::test_send_transaction_rejects_missing_signature
   TRY 1 TMT [ 120.006s] (─────────) synapse-rust::integration api_federation_transaction_tests::test_send_transaction_rejects_missing_signature
  stdout ───

    running 1 test
    test api_federation_transaction_tests::test_send_transaction_rejects_missing_signature has been running for over 60 seconds

    (test timed out)

        SLOW [> 60.000s] (─────────) synapse-rust::integration api_input_validation_tests::test_admin_input_validation
        PASS [  65.523s] ( 139/1396) synapse-rust::integration api_input_validation_tests::test_admin_input_validation
  TRY 3 SLOW [> 60.000s] (─────────) synapse-rust::integration api_federation_tests::test_remote_key_query_fetches_real_remote_server_response
TRY 1 TRMNTG [>120.000s] (─────────) synapse-rust::integration api_federation_transaction_tests::test_send_transaction_with_empty_pdus_returns_ok
   TRY 1 TMT [ 120.010s] (─────────) synapse-rust::integration api_federation_transaction_tests::test_send_transaction_with_empty_pdus_returns_ok
  stdout ───

    running 1 test
    test api_federation_transaction_tests::test_send_transaction_with_empty_pdus_returns_ok has been running for over 60 seconds

    (test timed out)

TRY 1 TRMNTG [>120.000s] (─────────) synapse-rust::integration api_federation_transaction_tests::test_send_transaction_with_signed_pdu_accepted
   TRY 1 TMT [ 120.010s] (─────────) synapse-rust::integration api_federation_transaction_tests::test_send_transaction_with_signed_pdu_accepted
  stdout ───

    running 1 test
    test api_federation_transaction_tests::test_send_transaction_with_signed_pdu_accepted has been running for over 60 seconds

    (test timed out)

  TRY 3 SLOW [> 60.000s] (─────────) synapse-rust::integration api_federation_tests::test_server_keys_endpoint_returns_verify_keys_without_config_signing_key
TRY 2 TRMNTG [>120.000s] (─────────) synapse-rust::integration api_federation_transaction_tests::test_send_transaction_rejects_invalid_signature
   TRY 2 TMT [ 120.006s] (─────────) synapse-rust::integration api_federation_transaction_tests::test_send_transaction_rejects_invalid_signature
  stdout ───

    running 1 test
    test api_federation_transaction_tests::test_send_transaction_rejects_invalid_signature has been running for over 60 seconds

    (test timed out)

  TRY 2 FAIL [  30.396s] (─────────) synapse-rust::integration api_federation_transaction_tests::test_send_transaction_with_signed_pdu_accepted
  stdout ───

    running 1 test
    test api_federation_transaction_tests::test_send_transaction_with_signed_pdu_accepted ... FAILED

    failures:

    failures:
        api_federation_transaction_tests::test_send_transaction_with_signed_pdu_accepted

    test result: FAILED. 0 passed; 1 failed; 0 ignored; 0 measured; 1395 filtered out; finished in 30.39s

  stderr ───

    thread 'api_federation_transaction_tests::test_send_transaction_with_signed_pdu_accepted' (65608453) panicked at tests/integration/mod.rs:268:9:
    Integration test requires database setup. For local runs, start PostgreSQL and apply migrations first; in CI this must already succeed. Error: failed to clone template to test_34901_1_1788319909267114000: error returned from database: schema "test_template_v2_aa57a852f2913233" does not exist
    note: run with `RUST_BACKTRACE=1` environment variable to display a backtrace

TRY 2 TRMNTG [>120.000s] (─────────) synapse-rust::integration api_federation_transaction_tests::test_send_transaction_with_invalid_pdu_returns_result_error
   TRY 2 TMT [ 120.007s] (─────────) synapse-rust::integration api_federation_transaction_tests::test_send_transaction_with_invalid_pdu_returns_result_error
  stdout ───

    running 1 test
    test api_federation_transaction_tests::test_send_transaction_with_invalid_pdu_returns_result_error has been running for over 60 seconds

    (test timed out)

  TRY 2 SLOW [> 60.000s] (─────────) synapse-rust::integration api_federation_transaction_tests::test_send_transaction_rejects_missing_signature
        SLOW [> 60.000s] (─────────) synapse-rust::integration api_input_validation_tests::test_admin_registration_nonce_allows_local_forwarded_ip
TRY 3 TRMNTG [>120.000s] (─────────) synapse-rust::integration api_federation_tests::test_remote_key_query_fetches_real_remote_server_response
   TRY 3 TMT [ 120.008s] ( 140/1396) synapse-rust::integration api_federation_tests::test_remote_key_query_fetches_real_remote_server_response
  stdout ───

    running 1 test
    test api_federation_tests::test_remote_key_query_fetches_real_remote_server_response has been running for over 60 seconds

    (test timed out)

  TRY 2 SLOW [> 60.000s] (─────────) synapse-rust::integration api_federation_transaction_tests::test_send_transaction_with_empty_pdus_returns_ok
TRY 3 TRMNTG [>120.000s] (─────────) synapse-rust::integration api_federation_tests::test_server_keys_endpoint_returns_verify_keys_without_config_signing_key
   TRY 3 TMT [ 120.007s] ( 141/1396) synapse-rust::integration api_federation_tests::test_server_keys_endpoint_returns_verify_keys_without_config_signing_key
  stdout ───

    running 1 test
    test api_federation_tests::test_server_keys_endpoint_returns_verify_keys_without_config_signing_key has been running for over 60 seconds

    (test timed out)

        PASS [  99.554s] ( 142/1396) synapse-rust::integration api_input_validation_tests::test_admin_registration_nonce_allows_local_forwarded_ip
  TRY 3 SLOW [> 60.000s] (─────────) synapse-rust::integration api_federation_transaction_tests::test_send_transaction_rejects_invalid_signature
  TRY 3 SLOW [> 60.000s] (─────────) synapse-rust::integration api_federation_transaction_tests::test_send_transaction_with_signed_pdu_accepted
  TRY 3 SLOW [> 60.000s] (─────────) synapse-rust::integration api_federation_transaction_tests::test_send_transaction_with_invalid_pdu_returns_result_error
TRY 2 TRMNTG [>120.000s] (─────────) synapse-rust::integration api_federation_transaction_tests::test_send_transaction_rejects_missing_signature
   TRY 2 TMT [ 120.007s] (─────────) synapse-rust::integration api_federation_transaction_tests::test_send_transaction_rejects_missing_signature
  stdout ───

    running 1 test
    test api_federation_transaction_tests::test_send_transaction_rejects_missing_signature has been running for over 60 seconds

    (test timed out)

        SLOW [> 60.000s] (─────────) synapse-rust::integration api_input_validation_tests::test_admin_registration_nonce_rejects_remote_forwarded_ip
TRY 2 TRMNTG [>120.000s] (─────────) synapse-rust::integration api_federation_transaction_tests::test_send_transaction_with_empty_pdus_returns_ok
   TRY 2 TMT [ 120.008s] (─────────) synapse-rust::integration api_federation_transaction_tests::test_send_transaction_with_empty_pdus_returns_ok
  stdout ───

    running 1 test
    test api_federation_transaction_tests::test_send_transaction_with_empty_pdus_returns_ok has been running for over 60 seconds

    (test timed out)

        SLOW [> 60.000s] (─────────) synapse-rust::integration api_input_validation_tests::test_client_input_validation
  TRY 3 FAIL [  32.834s] ( 143/1396) synapse-rust::integration api_federation_transaction_tests::test_send_transaction_with_empty_pdus_returns_ok
  stdout ───

    running 1 test
    test api_federation_transaction_tests::test_send_transaction_with_empty_pdus_returns_ok ... FAILED

    failures:

    failures:
        api_federation_transaction_tests::test_send_transaction_with_empty_pdus_returns_ok

    test result: FAILED. 0 passed; 1 failed; 0 ignored; 0 measured; 1395 filtered out; finished in 32.81s

  stderr ───

    thread 'api_federation_transaction_tests::test_send_transaction_with_empty_pdus_returns_ok' (65611329) panicked at tests/integration/mod.rs:268:9:
    Integration test requires database setup. For local runs, start PostgreSQL and apply migrations first; in CI this must already succeed. Error: failed to clone template to test_35624_1_1788320025784899000: error returned from database: schema "test_template_v2_aa57a852f2913233" does not exist
    note: run with `RUST_BACKTRACE=1` environment variable to display a backtrace

        SLOW [> 60.000s] (─────────) synapse-rust::integration api_invite_blocklist_routes_tests::test_invite_allowlist_read_rejects_non_member
TRY 3 TRMNTG [>120.000s] (─────────) synapse-rust::integration api_federation_transaction_tests::test_send_transaction_rejects_invalid_signature
   TRY 3 TMT [ 120.006s] ( 144/1396) synapse-rust::integration api_federation_transaction_tests::test_send_transaction_rejects_invalid_signature
  stdout ───

    running 1 test
    test api_federation_transaction_tests::test_send_transaction_rejects_invalid_signature has been running for over 60 seconds

    (test timed out)

TRY 3 TRMNTG [>120.000s] (─────────) synapse-rust::integration api_federation_transaction_tests::test_send_transaction_with_signed_pdu_accepted
   TRY 3 TMT [ 120.007s] ( 145/1396) synapse-rust::integration api_federation_transaction_tests::test_send_transaction_with_signed_pdu_accepted
  stdout ───

    running 1 test
    test api_federation_transaction_tests::test_send_transaction_with_signed_pdu_accepted has been running for over 60 seconds

    (test timed out)

TRY 3 TRMNTG [>120.000s] (─────────) synapse-rust::integration api_federation_transaction_tests::test_send_transaction_with_invalid_pdu_returns_result_error
   TRY 3 TMT [ 120.006s] ( 146/1396) synapse-rust::integration api_federation_transaction_tests::test_send_transaction_with_invalid_pdu_returns_result_error
  stdout ───

    running 1 test
    test api_federation_transaction_tests::test_send_transaction_with_invalid_pdu_returns_result_error has been running for over 60 seconds

    (test timed out)

  TRY 3 SLOW [> 60.000s] (─────────) synapse-rust::integration api_federation_transaction_tests::test_send_transaction_rejects_missing_signature
TRY 1 TRMNTG [>120.000s] (─────────) synapse-rust::integration api_input_validation_tests::test_admin_registration_nonce_rejects_remote_forwarded_ip
   TRY 1 TMT [ 120.010s] (─────────) synapse-rust::integration api_input_validation_tests::test_admin_registration_nonce_rejects_remote_forwarded_ip
  stdout ───

    running 1 test
    test api_input_validation_tests::test_admin_registration_nonce_rejects_remote_forwarded_ip has been running for over 60 seconds

    (test timed out)

TRY 1 TRMNTG [>120.000s] (─────────) synapse-rust::integration api_input_validation_tests::test_client_input_validation
   TRY 1 TMT [ 120.009s] (─────────) synapse-rust::integration api_input_validation_tests::test_client_input_validation
  stdout ───

    running 1 test
    test api_input_validation_tests::test_client_input_validation has been running for over 60 seconds

    (test timed out)

        PASS [  53.698s] ( 147/1396) synapse-rust::integration api_key_backup_route_table_tests::key_backup_routes_are_wired_under_v1_and_r0
        SLOW [> 60.000s] (─────────) synapse-rust::integration api_invite_blocklist_routes_tests::test_invite_blocklist_read_rejects_non_member
TRY 1 TRMNTG [>120.000s] (─────────) synapse-rust::integration api_invite_blocklist_routes_tests::test_invite_allowlist_read_rejects_non_member
   TRY 1 TMT [ 120.007s] (─────────) synapse-rust::integration api_invite_blocklist_routes_tests::test_invite_allowlist_read_rejects_non_member
  stdout ───

    running 1 test
    test api_invite_blocklist_routes_tests::test_invite_allowlist_read_rejects_non_member has been running for over 60 seconds

    (test timed out)

        SLOW [> 60.000s] (─────────) synapse-rust::integration api_invite_blocklist_routes_tests::test_invite_lists_reject_creator_after_leaving_room
        SLOW [> 60.000s] (─────────) synapse-rust::integration api_invite_blocklist_routes_tests::test_invite_lists_reject_joined_non_creator_writes
TRY 3 TRMNTG [>120.000s] (─────────) synapse-rust::integration api_federation_transaction_tests::test_send_transaction_rejects_missing_signature
   TRY 3 TMT [ 120.009s] ( 148/1396) synapse-rust::integration api_federation_transaction_tests::test_send_transaction_rejects_missing_signature
  stdout ───

    running 1 test
    test api_federation_transaction_tests::test_send_transaction_rejects_missing_signature has been running for over 60 seconds

    (test timed out)

  TRY 2 SLOW [> 60.000s] (─────────) synapse-rust::integration api_input_validation_tests::test_admin_registration_nonce_rejects_remote_forwarded_ip
  TRY 2 PASS [  33.343s] ( 149/1396) synapse-rust::integration api_invite_blocklist_routes_tests::test_invite_allowlist_read_rejects_non_member
           - test configured to fail if flaky
  TRY 2 SLOW [> 60.000s] (─────────) synapse-rust::integration api_input_validation_tests::test_client_input_validation
        SLOW [> 60.000s] (─────────) synapse-rust::integration api_key_backup_route_table_tests::key_backup_routes_are_wired_under_v3
TRY 1 TRMNTG [>120.000s] (─────────) synapse-rust::integration api_invite_blocklist_routes_tests::test_invite_blocklist_read_rejects_non_member
   TRY 1 TMT [ 120.010s] (─────────) synapse-rust::integration api_invite_blocklist_routes_tests::test_invite_blocklist_read_rejects_non_member
  stdout ───

    running 1 test
    test api_invite_blocklist_routes_tests::test_invite_blocklist_read_rejects_non_member has been running for over 60 seconds

    (test timed out)

TRY 1 TRMNTG [>120.000s] (─────────) synapse-rust::integration api_invite_blocklist_routes_tests::test_invite_lists_reject_creator_after_leaving_room
   TRY 1 TMT [ 120.007s] (─────────) synapse-rust::integration api_invite_blocklist_routes_tests::test_invite_lists_reject_creator_after_leaving_room
  stdout ───

    running 1 test
    test api_invite_blocklist_routes_tests::test_invite_lists_reject_creator_after_leaving_room has been running for over 60 seconds

    (test timed out)

TRY 1 TRMNTG [>120.000s] (─────────) synapse-rust::integration api_invite_blocklist_routes_tests::test_invite_lists_reject_joined_non_creator_writes
   TRY 1 TMT [ 120.007s] (─────────) synapse-rust::integration api_invite_blocklist_routes_tests::test_invite_lists_reject_joined_non_creator_writes
  stdout ───

    running 1 test
    test api_invite_blocklist_routes_tests::test_invite_lists_reject_joined_non_creator_writes has been running for over 60 seconds

    (test timed out)

        SLOW [> 60.000s] (─────────) synapse-rust::integration api_media_routes_tests::test_client_v1_authenticated_media_download_requires_access_token
TRY 2 TRMNTG [>120.000s] (─────────) synapse-rust::integration api_input_validation_tests::test_admin_registration_nonce_rejects_remote_forwarded_ip
   TRY 2 TMT [ 120.006s] (─────────) synapse-rust::integration api_input_validation_tests::test_admin_registration_nonce_rejects_remote_forwarded_ip
  stdout ───

    running 1 test
    test api_input_validation_tests::test_admin_registration_nonce_rejects_remote_forwarded_ip has been running for over 60 seconds

    (test timed out)

        PASS [  94.824s] ( 150/1396) synapse-rust::integration api_key_backup_route_table_tests::key_backup_routes_are_wired_under_v3
        SLOW [> 60.000s] (─────────) synapse-rust::integration api_media_routes_tests::test_client_v1_authenticated_media_thumbnail_and_preview_routes_work
TRY 2 TRMNTG [>120.000s] (─────────) synapse-rust::integration api_input_validation_tests::test_client_input_validation
   TRY 2 TMT [ 120.008s] (─────────) synapse-rust::integration api_input_validation_tests::test_client_input_validation
  stdout ───

    running 1 test
    test api_input_validation_tests::test_client_input_validation has been running for over 60 seconds

    (test timed out)

  TRY 2 SLOW [> 60.000s] (─────────) synapse-rust::integration api_invite_blocklist_routes_tests::test_invite_blocklist_read_rejects_non_member
  TRY 2 SLOW [> 60.000s] (─────────) synapse-rust::integration api_invite_blocklist_routes_tests::test_invite_lists_reject_creator_after_leaving_room
  TRY 2 SLOW [> 60.000s] (─────────) synapse-rust::integration api_invite_blocklist_routes_tests::test_invite_lists_reject_joined_non_creator_writes
  TRY 2 PASS [  61.957s] ( 151/1396) synapse-rust::integration api_invite_blocklist_routes_tests::test_invite_lists_reject_creator_after_leaving_room
           - test configured to fail if flaky
TRY 1 TRMNTG [>120.000s] (─────────) synapse-rust::integration api_media_routes_tests::test_client_v1_authenticated_media_download_requires_access_token
   TRY 1 TMT [ 120.007s] (─────────) synapse-rust::integration api_media_routes_tests::test_client_v1_authenticated_media_download_requires_access_token
  stdout ───

    running 1 test
    test api_media_routes_tests::test_client_v1_authenticated_media_download_requires_access_token has been running for over 60 seconds

    (test timed out)

  TRY 3 SLOW [> 60.000s] (─────────) synapse-rust::integration api_input_validation_tests::test_admin_registration_nonce_rejects_remote_forwarded_ip
        SLOW [> 60.000s] (─────────) synapse-rust::integration api_media_routes_tests::test_legacy_media_download_missing_returns_not_found_status
TRY 1 TRMNTG [>120.000s] (─────────) synapse-rust::integration api_media_routes_tests::test_client_v1_authenticated_media_thumbnail_and_preview_routes_work
   TRY 1 TMT [ 120.006s] (─────────) synapse-rust::integration api_media_routes_tests::test_client_v1_authenticated_media_thumbnail_and_preview_routes_work
  stdout ───

    running 1 test
    test api_media_routes_tests::test_client_v1_authenticated_media_thumbnail_and_preview_routes_work has been running for over 60 seconds

    (test timed out)

  TRY 3 SLOW [> 60.000s] (─────────) synapse-rust::integration api_input_validation_tests::test_client_input_validation
TRY 2 TRMNTG [>120.000s] (─────────) synapse-rust::integration api_invite_blocklist_routes_tests::test_invite_blocklist_read_rejects_non_member
   TRY 2 TMT [ 120.008s] (─────────) synapse-rust::integration api_invite_blocklist_routes_tests::test_invite_blocklist_read_rejects_non_member
  stdout ───

    running 1 test
    test api_invite_blocklist_routes_tests::test_invite_blocklist_read_rejects_non_member has been running for over 60 seconds

    (test timed out)

TRY 2 TRMNTG [>120.000s] (─────────) synapse-rust::integration api_invite_blocklist_routes_tests::test_invite_lists_reject_joined_non_creator_writes
   TRY 2 TMT [ 120.007s] (─────────) synapse-rust::integration api_invite_blocklist_routes_tests::test_invite_lists_reject_joined_non_creator_writes
  stdout ───

    running 1 test
    test api_invite_blocklist_routes_tests::test_invite_lists_reject_joined_non_creator_writes has been running for over 60 seconds

    (test timed out)

        SLOW [> 60.000s] (─────────) synapse-rust::integration api_media_routes_tests::test_media_delete_forbids_admin_override
  TRY 2 SLOW [> 60.000s] (─────────) synapse-rust::integration api_media_routes_tests::test_client_v1_authenticated_media_download_requires_access_token
  TRY 2 PASS [  63.036s] ( 152/1396) synapse-rust::integration api_media_routes_tests::test_client_v1_authenticated_media_download_requires_access_token
           - test configured to fail if flaky
TRY 3 TRMNTG [>120.000s] (─────────) synapse-rust::integration api_input_validation_tests::test_admin_registration_nonce_rejects_remote_forwarded_ip
   TRY 3 TMT [ 120.008s] ( 153/1396) synapse-rust::integration api_input_validation_tests::test_admin_registration_nonce_rejects_remote_forwarded_ip
  stdout ───

    running 1 test
    test api_input_validation_tests::test_admin_registration_nonce_rejects_remote_forwarded_ip has been running for over 60 seconds

    (test timed out)

TRY 1 TRMNTG [>120.000s] (─────────) synapse-rust::integration api_media_routes_tests::test_legacy_media_download_missing_returns_not_found_status
   TRY 1 TMT [ 120.006s] (─────────) synapse-rust::integration api_media_routes_tests::test_legacy_media_download_missing_returns_not_found_status
  stdout ───

    running 1 test
    test api_media_routes_tests::test_legacy_media_download_missing_returns_not_found_status has been running for over 60 seconds

    (test timed out)

  TRY 2 SLOW [> 60.000s] (─────────) synapse-rust::integration api_media_routes_tests::test_client_v1_authenticated_media_thumbnail_and_preview_routes_work
  TRY 3 PASS [ 118.431s] ( 154/1396) synapse-rust::integration api_input_validation_tests::test_client_input_validation
           - test configured to fail if flaky
  TRY 3 SLOW [> 60.000s] (─────────) synapse-rust::integration api_invite_blocklist_routes_tests::test_invite_blocklist_read_rejects_non_member
  TRY 3 SLOW [> 60.000s] (─────────) synapse-rust::integration api_invite_blocklist_routes_tests::test_invite_lists_reject_joined_non_creator_writes
TRY 1 TRMNTG [>120.000s] (─────────) synapse-rust::integration api_media_routes_tests::test_media_delete_forbids_admin_override
   TRY 1 TMT [ 120.007s] (─────────) synapse-rust::integration api_media_routes_tests::test_media_delete_forbids_admin_override
  stdout ───

    running 1 test
    test api_media_routes_tests::test_media_delete_forbids_admin_override has been running for over 60 seconds

    (test timed out)

        SLOW [> 60.000s] (─────────) synapse-rust::integration api_media_routes_tests::test_media_delete_rejects_foreign_server_namespace
        SLOW [> 60.000s] (─────────) synapse-rust::integration api_media_routes_tests::test_media_download_is_public_but_delete_requires_authentication
  TRY 2 SLOW [> 60.000s] (─────────) synapse-rust::integration api_media_routes_tests::test_legacy_media_download_missing_returns_not_found_status
TRY 2 TRMNTG [>120.000s] (─────────) synapse-rust::integration api_media_routes_tests::test_client_v1_authenticated_media_thumbnail_and_preview_routes_work
   TRY 2 TMT [ 120.008s] (─────────) synapse-rust::integration api_media_routes_tests::test_client_v1_authenticated_media_thumbnail_and_preview_routes_work
  stdout ───

    running 1 test
    test api_media_routes_tests::test_client_v1_authenticated_media_thumbnail_and_preview_routes_work has been running for over 60 seconds

    (test timed out)

        SLOW [> 60.000s] (─────────) synapse-rust::integration api_media_routes_tests::test_media_download_rejects_foreign_server_namespace
  TRY 3 PASS [ 117.067s] ( 155/1396) synapse-rust::integration api_invite_blocklist_routes_tests::test_invite_blocklist_read_rejects_non_member
           - test configured to fail if flaky
TRY 3 TRMNTG [>120.000s] (─────────) synapse-rust::integration api_invite_blocklist_routes_tests::test_invite_lists_reject_joined_non_creator_writes
   TRY 3 TMT [ 120.008s] ( 156/1396) synapse-rust::integration api_invite_blocklist_routes_tests::test_invite_lists_reject_joined_non_creator_writes
  stdout ───

    running 1 test
    test api_invite_blocklist_routes_tests::test_invite_lists_reject_joined_non_creator_writes has been running for over 60 seconds

    (test timed out)

  TRY 2 SLOW [> 60.000s] (─────────) synapse-rust::integration api_media_routes_tests::test_media_delete_forbids_admin_override
TRY 1 TRMNTG [>120.000s] (─────────) synapse-rust::integration api_media_routes_tests::test_media_delete_rejects_foreign_server_namespace
   TRY 1 TMT [ 120.006s] (─────────) synapse-rust::integration api_media_routes_tests::test_media_delete_rejects_foreign_server_namespace
  stdout ───

    running 1 test
    test api_media_routes_tests::test_media_delete_rejects_foreign_server_namespace has been running for over 60 seconds

    (test timed out)

TRY 1 TRMNTG [>120.000s] (─────────) synapse-rust::integration api_media_routes_tests::test_media_download_is_public_but_delete_requires_authentication
   TRY 1 TMT [ 120.007s] (─────────) synapse-rust::integration api_media_routes_tests::test_media_download_is_public_but_delete_requires_authentication
  stdout ───

    running 1 test
    test api_media_routes_tests::test_media_download_is_public_but_delete_requires_authentication has been running for over 60 seconds

    (test timed out)

        PASS [  98.204s] ( 157/1396) synapse-rust::integration api_media_routes_tests::test_media_download_rejects_foreign_server_namespace
TRY 2 TRMNTG [>120.000s] (─────────) synapse-rust::integration api_media_routes_tests::test_legacy_media_download_missing_returns_not_found_status
   TRY 2 TMT [ 120.008s] (─────────) synapse-rust::integration api_media_routes_tests::test_legacy_media_download_missing_returns_not_found_status
  stdout ───

    running 1 test
    test api_media_routes_tests::test_legacy_media_download_missing_returns_not_found_status has been running for over 60 seconds

    (test timed out)

  TRY 3 SLOW [> 60.000s] (─────────) synapse-rust::integration api_media_routes_tests::test_client_v1_authenticated_media_thumbnail_and_preview_routes_work
        SLOW [> 60.000s] (─────────) synapse-rust::integration api_media_routes_tests::test_media_preview_and_delete_boundaries
        SLOW [> 60.000s] (─────────) synapse-rust::integration api_media_routes_tests::test_media_routes_share_content_across_versions
TRY 2 TRMNTG [>120.000s] (─────────) synapse-rust::integration api_media_routes_tests::test_media_delete_forbids_admin_override
   TRY 2 TMT [ 120.007s] (─────────) synapse-rust::integration api_media_routes_tests::test_media_delete_forbids_admin_override
  stdout ───

    running 1 test
    test api_media_routes_tests::test_media_delete_forbids_admin_override has been running for over 60 seconds

    (test timed out)

  TRY 2 SLOW [> 60.000s] (─────────) synapse-rust::integration api_media_routes_tests::test_media_delete_rejects_foreign_server_namespace
  TRY 2 SLOW [> 60.000s] (─────────) synapse-rust::integration api_media_routes_tests::test_media_download_is_public_but_delete_requires_authentication
  TRY 2 PASS [  65.619s] ( 158/1396) synapse-rust::integration api_media_routes_tests::test_media_download_is_public_but_delete_requires_authentication
           - test configured to fail if flaky
        SLOW [> 60.000s] (─────────) synapse-rust::integration api_media_routes_tests::test_media_thumbnail_rejects_foreign_server_namespace
  TRY 3 SLOW [> 60.000s] (─────────) synapse-rust::integration api_media_routes_tests::test_legacy_media_download_missing_returns_not_found_status
TRY 3 TRMNTG [>120.000s] (─────────) synapse-rust::integration api_media_routes_tests::test_client_v1_authenticated_media_thumbnail_and_preview_routes_work
   TRY 3 TMT [ 120.012s] ( 159/1396) synapse-rust::integration api_media_routes_tests::test_client_v1_authenticated_media_thumbnail_and_preview_routes_work
  stdout ───

    running 1 test
    test api_media_routes_tests::test_client_v1_authenticated_media_thumbnail_and_preview_routes_work has been running for over 60 seconds

    (test timed out)

TRY 1 TRMNTG [>120.000s] (─────────) synapse-rust::integration api_media_routes_tests::test_media_preview_and_delete_boundaries
   TRY 1 TMT [ 120.005s] (─────────) synapse-rust::integration api_media_routes_tests::test_media_preview_and_delete_boundaries
  stdout ───

    running 1 test
    test api_media_routes_tests::test_media_preview_and_delete_boundaries has been running for over 60 seconds

    (test timed out)

        PASS [ 117.421s] ( 160/1396) synapse-rust::integration api_media_routes_tests::test_media_routes_share_content_across_versions
  TRY 3 SLOW [> 60.000s] (─────────) synapse-rust::integration api_media_routes_tests::test_media_delete_forbids_admin_override
TRY 2 TRMNTG [>120.000s] (─────────) synapse-rust::integration api_media_routes_tests::test_media_delete_rejects_foreign_server_namespace
   TRY 2 TMT [ 120.007s] (─────────) synapse-rust::integration api_media_routes_tests::test_media_delete_rejects_foreign_server_namespace
  stdout ───

    running 1 test
    test api_media_routes_tests::test_media_delete_rejects_foreign_server_namespace has been running for over 60 seconds

    (test timed out)

        SLOW [> 60.000s] (─────────) synapse-rust::integration api_media_routes_tests::test_media_upload_and_route_boundaries_are_preserved
TRY 1 TRMNTG [>120.000s] (─────────) synapse-rust::integration api_media_routes_tests::test_media_thumbnail_rejects_foreign_server_namespace
   TRY 1 TMT [ 120.007s] (─────────) synapse-rust::integration api_media_routes_tests::test_media_thumbnail_rejects_foreign_server_namespace
  stdout ───

    running 1 test
    test api_media_routes_tests::test_media_thumbnail_rejects_foreign_server_namespace has been running for over 60 seconds

    (test timed out)

TRY 3 TRMNTG [>120.000s] (─────────) synapse-rust::integration api_media_routes_tests::test_legacy_media_download_missing_returns_not_found_status
   TRY 3 TMT [ 120.008s] ( 161/1396) synapse-rust::integration api_media_routes_tests::test_legacy_media_download_missing_returns_not_found_status
  stdout ───

    running 1 test
    test api_media_routes_tests::test_legacy_media_download_missing_returns_not_found_status has been running for over 60 seconds

    (test timed out)

        SLOW [> 60.000s] (─────────) synapse-rust::integration api_media_routes_tests::test_media_upload_with_id_accepts_over_2mb_body
  TRY 2 SLOW [> 60.000s] (─────────) synapse-rust::integration api_media_routes_tests::test_media_preview_and_delete_boundaries
        SLOW [> 60.000s] (─────────) synapse-rust::integration api_media_routes_tests::test_named_media_upload_rejects_duplicate_media_id
TRY 3 TRMNTG [>120.000s] (─────────) synapse-rust::integration api_media_routes_tests::test_media_delete_forbids_admin_override
   TRY 3 TMT [ 120.006s] ( 162/1396) synapse-rust::integration api_media_routes_tests::test_media_delete_forbids_admin_override
  stdout ───

    running 1 test
    test api_media_routes_tests::test_media_delete_forbids_admin_override has been running for over 60 seconds

    (test timed out)

  TRY 3 SLOW [> 60.000s] (─────────) synapse-rust::integration api_media_routes_tests::test_media_delete_rejects_foreign_server_namespace
TRY 1 TRMNTG [>120.000s] (─────────) synapse-rust::integration api_media_routes_tests::test_media_upload_and_route_boundaries_are_preserved
   TRY 1 TMT [ 120.007s] (─────────) synapse-rust::integration api_media_routes_tests::test_media_upload_and_route_boundaries_are_preserved
  stdout ───

    running 1 test
    test api_media_routes_tests::test_media_upload_and_route_boundaries_are_preserved has been running for over 60 seconds

    (test timed out)

  TRY 2 PASS [  58.934s] ( 163/1396) synapse-rust::integration api_media_routes_tests::test_media_thumbnail_rejects_foreign_server_namespace
           - test configured to fail if flaky
  TRY 2 PASS [   1.489s] ( 164/1396) synapse-rust::integration api_media_routes_tests::test_media_upload_and_route_boundaries_are_preserved
           - test configured to fail if flaky
        SLOW [> 60.000s] (─────────) synapse-rust::integration api_media_routes_tests::test_named_media_upload_rejects_non_local_server_name
TRY 1 TRMNTG [>120.000s] (─────────) synapse-rust::integration api_media_routes_tests::test_media_upload_with_id_accepts_over_2mb_body
   TRY 1 TMT [ 120.006s] (─────────) synapse-rust::integration api_media_routes_tests::test_media_upload_with_id_accepts_over_2mb_body
  stdout ───

    running 1 test
    test api_media_routes_tests::test_media_upload_with_id_accepts_over_2mb_body has been running for over 60 seconds

    (test timed out)

TRY 2 TRMNTG [>120.000s] (─────────) synapse-rust::integration api_media_routes_tests::test_media_preview_and_delete_boundaries
   TRY 2 TMT [ 120.007s] (─────────) synapse-rust::integration api_media_routes_tests::test_media_preview_and_delete_boundaries
  stdout ───

    running 1 test
    test api_media_routes_tests::test_media_preview_and_delete_boundaries has been running for over 60 seconds

    (test timed out)

TRY 1 TRMNTG [>120.000s] (─────────) synapse-rust::integration api_media_routes_tests::test_named_media_upload_rejects_duplicate_media_id
   TRY 1 TMT [ 120.008s] (─────────) synapse-rust::integration api_media_routes_tests::test_named_media_upload_rejects_duplicate_media_id
  stdout ───

    running 1 test
    test api_media_routes_tests::test_named_media_upload_rejects_duplicate_media_id has been running for over 60 seconds

    (test timed out)

        SLOW [> 60.000s] (─────────) synapse-rust::integration api_media_routes_tests::test_named_media_upload_uses_provided_media_id
TRY 3 TRMNTG [>120.000s] (─────────) synapse-rust::integration api_media_routes_tests::test_media_delete_rejects_foreign_server_namespace
   TRY 3 TMT [ 120.009s] ( 165/1396) synapse-rust::integration api_media_routes_tests::test_media_delete_rejects_foreign_server_namespace
  stdout ───

    running 1 test
    test api_media_routes_tests::test_media_delete_rejects_foreign_server_namespace has been running for over 60 seconds

    (test timed out)

        SLOW [> 60.000s] (─────────) synapse-rust::integration api_media_routes_tests::test_p2_11_preview_url_returns_403_when_msc4452_disabled
  TRY 2 PASS [  54.454s] ( 166/1396) synapse-rust::integration api_media_routes_tests::test_media_upload_with_id_accepts_over_2mb_body
           - test configured to fail if flaky
        SLOW [> 60.000s] (─────────) synapse-rust::integration api_placeholder_contract_p0_tests::test_account_data_contract_returns_not_found_for_missing_custom_type
TRY 1 TRMNTG [>120.000s] (─────────) synapse-rust::integration api_media_routes_tests::test_named_media_upload_rejects_non_local_server_name
   TRY 1 TMT [ 120.006s] (─────────) synapse-rust::integration api_media_routes_tests::test_named_media_upload_rejects_non_local_server_name
  stdout ───

    running 1 test
    test api_media_routes_tests::test_named_media_upload_rejects_non_local_server_name has been running for over 60 seconds

    (test timed out)

  TRY 3 SLOW [> 60.000s] (─────────) synapse-rust::integration api_media_routes_tests::test_media_preview_and_delete_boundaries
  TRY 2 SLOW [> 60.000s] (─────────) synapse-rust::integration api_media_routes_tests::test_named_media_upload_rejects_duplicate_media_id
TRY 1 TRMNTG [>120.000s] (─────────) synapse-rust::integration api_media_routes_tests::test_named_media_upload_uses_provided_media_id
   TRY 1 TMT [ 120.006s] (─────────) synapse-rust::integration api_media_routes_tests::test_named_media_upload_uses_provided_media_id
  stdout ───

    running 1 test
    test api_media_routes_tests::test_named_media_upload_uses_provided_media_id has been running for over 60 seconds

    (test timed out)

        SLOW [> 60.000s] (─────────) synapse-rust::integration api_placeholder_contract_p0_tests::test_admin_experimental_features_returns_feature_map
  TRY 2 PASS [  85.993s] ( 167/1396) synapse-rust::integration api_media_routes_tests::test_named_media_upload_rejects_duplicate_media_id
           - test configured to fail if flaky
TRY 1 TRMNTG [>120.000s] (─────────) synapse-rust::integration api_media_routes_tests::test_p2_11_preview_url_returns_403_when_msc4452_disabled
   TRY 1 TMT [ 120.007s] (─────────) synapse-rust::integration api_media_routes_tests::test_p2_11_preview_url_returns_403_when_msc4452_disabled
  stdout ───

    running 1 test
    test api_media_routes_tests::test_p2_11_preview_url_returns_403_when_msc4452_disabled has been running for over 60 seconds

    (test timed out)

        SLOW [> 60.000s] (─────────) synapse-rust::integration api_placeholder_contract_p0_tests::test_admin_server_placeholder_contract_returns_not_implemented_for_admin
TRY 1 TRMNTG [>120.000s] (─────────) synapse-rust::integration api_placeholder_contract_p0_tests::test_account_data_contract_returns_not_found_for_missing_custom_type
   TRY 1 TMT [ 120.008s] (─────────) synapse-rust::integration api_placeholder_contract_p0_tests::test_account_data_contract_returns_not_found_for_missing_custom_type
  stdout ───

    running 1 test
    test api_placeholder_contract_p0_tests::test_account_data_contract_returns_not_found_for_missing_custom_type has been running for over 60 seconds

    (test timed out)

  TRY 2 SLOW [> 60.000s] (─────────) synapse-rust::integration api_media_routes_tests::test_named_media_upload_rejects_non_local_server_name
TRY 3 TRMNTG [>120.000s] (─────────) synapse-rust::integration api_media_routes_tests::test_media_preview_and_delete_boundaries
   TRY 3 TMT [ 120.007s] ( 168/1396) synapse-rust::integration api_media_routes_tests::test_media_preview_and_delete_boundaries
  stdout ───

    running 1 test
    test api_media_routes_tests::test_media_preview_and_delete_boundaries has been running for over 60 seconds

    (test timed out)

        PASS [  98.335s] ( 169/1396) synapse-rust::integration api_placeholder_contract_p0_tests::test_admin_experimental_features_returns_feature_map
  TRY 2 SLOW [> 60.000s] (─────────) synapse-rust::integration api_media_routes_tests::test_named_media_upload_uses_provided_media_id
        SLOW [> 60.000s] (─────────) synapse-rust::integration api_placeholder_contract_p0_tests::test_change_password_uia_rejects_dummy_auth
  TRY 2 SLOW [> 60.000s] (─────────) synapse-rust::integration api_media_routes_tests::test_p2_11_preview_url_returns_403_when_msc4452_disabled
TRY 1 TRMNTG [>120.000s] (─────────) synapse-rust::integration api_placeholder_contract_p0_tests::test_admin_server_placeholder_contract_returns_not_implemented_for_admin
   TRY 1 TMT [ 120.009s] (─────────) synapse-rust::integration api_placeholder_contract_p0_tests::test_admin_server_placeholder_contract_returns_not_implemented_for_admin
  stdout ───

    running 1 test
    test api_placeholder_contract_p0_tests::test_admin_server_placeholder_contract_returns_not_implemented_for_admin has been running for over 60 seconds

    (test timed out)

  TRY 2 SLOW [> 60.000s] (─────────) synapse-rust::integration api_placeholder_contract_p0_tests::test_account_data_contract_returns_not_found_for_missing_custom_type
TRY 2 TRMNTG [>120.000s] (─────────) synapse-rust::integration api_media_routes_tests::test_named_media_upload_rejects_non_local_server_name
   TRY 2 TMT [ 120.007s] (─────────) synapse-rust::integration api_media_routes_tests::test_named_media_upload_rejects_non_local_server_name
  stdout ───

    running 1 test
    test api_media_routes_tests::test_named_media_upload_rejects_non_local_server_name has been running for over 60 seconds

    (test timed out)

        SLOW [> 60.000s] (─────────) synapse-rust::integration api_placeholder_contract_p0_tests::test_directory_room_alias_contract_returns_not_found_for_missing_alias
        SLOW [> 60.000s] (─────────) synapse-rust::integration api_placeholder_contract_p0_tests::test_key_rotation_management_contract_rejects_client_access
  TRY 2 PASS [  29.407s] ( 170/1396) synapse-rust::integration api_placeholder_contract_p0_tests::test_admin_server_placeholder_contract_returns_not_implemented_for_admin
           - test configured to fail if flaky
TRY 2 TRMNTG [>120.000s] (─────────) synapse-rust::integration api_media_routes_tests::test_named_media_upload_uses_provided_media_id
   TRY 2 TMT [ 120.009s] (─────────) synapse-rust::integration api_media_routes_tests::test_named_media_upload_uses_provided_media_id
  stdout ───

    running 1 test
    test api_media_routes_tests::test_named_media_upload_uses_provided_media_id has been running for over 60 seconds

    (test timed out)

TRY 1 TRMNTG [>120.000s] (─────────) synapse-rust::integration api_placeholder_contract_p0_tests::test_change_password_uia_rejects_dummy_auth
   TRY 1 TMT [ 120.010s] (─────────) synapse-rust::integration api_placeholder_contract_p0_tests::test_change_password_uia_rejects_dummy_auth
  stdout ───

    running 1 test
    test api_placeholder_contract_p0_tests::test_change_password_uia_rejects_dummy_auth has been running for over 60 seconds

    (test timed out)

TRY 2 TRMNTG [>120.000s] (─────────) synapse-rust::integration api_media_routes_tests::test_p2_11_preview_url_returns_403_when_msc4452_disabled
   TRY 2 TMT [ 120.007s] (─────────) synapse-rust::integration api_media_routes_tests::test_p2_11_preview_url_returns_403_when_msc4452_disabled
  stdout ───

    running 1 test
    test api_media_routes_tests::test_p2_11_preview_url_returns_403_when_msc4452_disabled has been running for over 60 seconds

    (test timed out)

TRY 2 TRMNTG [>120.000s] (─────────) synapse-rust::integration api_placeholder_contract_p0_tests::test_account_data_contract_returns_not_found_for_missing_custom_type
   TRY 2 TMT [ 120.007s] (─────────) synapse-rust::integration api_placeholder_contract_p0_tests::test_account_data_contract_returns_not_found_for_missing_custom_type
  stdout ───

    running 1 test
    test api_placeholder_contract_p0_tests::test_account_data_contract_returns_not_found_for_missing_custom_type has been running for over 60 seconds

    (test timed out)

  TRY 3 SLOW [> 60.000s] (─────────) synapse-rust::integration api_media_routes_tests::test_named_media_upload_rejects_non_local_server_name
TRY 1 TRMNTG [>120.000s] (─────────) synapse-rust::integration api_placeholder_contract_p0_tests::test_directory_room_alias_contract_returns_not_found_for_missing_alias
   TRY 1 TMT [ 120.008s] (─────────) synapse-rust::integration api_placeholder_contract_p0_tests::test_directory_room_alias_contract_returns_not_found_for_missing_alias
  stdout ───

    running 1 test
    test api_placeholder_contract_p0_tests::test_directory_room_alias_contract_returns_not_found_for_missing_alias has been running for over 60 seconds

    (test timed out)

  TRY 3 PASS [  52.748s] ( 171/1396) synapse-rust::integration api_media_routes_tests::test_named_media_upload_uses_provided_media_id
           - test configured to fail if flaky
TRY 1 TRMNTG [>120.000s] (─────────) synapse-rust::integration api_placeholder_contract_p0_tests::test_key_rotation_management_contract_rejects_client_access
   TRY 1 TMT [ 120.007s] (─────────) synapse-rust::integration api_placeholder_contract_p0_tests::test_key_rotation_management_contract_rejects_client_access
  stdout ───

    running 1 test
    test api_placeholder_contract_p0_tests::test_key_rotation_management_contract_rejects_client_access has been running for over 60 seconds

    (test timed out)

        SLOW [> 60.000s] (─────────) synapse-rust::integration api_placeholder_contract_p0_tests::test_msc4140_cancel_succeeds_for_owner
  TRY 2 SLOW [> 60.000s] (─────────) synapse-rust::integration api_placeholder_contract_p0_tests::test_change_password_uia_rejects_dummy_auth
  TRY 3 SLOW [> 60.000s] (─────────) synapse-rust::integration api_media_routes_tests::test_p2_11_preview_url_returns_403_when_msc4452_disabled
  TRY 3 SLOW [> 60.000s] (─────────) synapse-rust::integration api_placeholder_contract_p0_tests::test_account_data_contract_returns_not_found_for_missing_custom_type
  TRY 3 PASS [ 117.630s] ( 172/1396) synapse-rust::integration api_media_routes_tests::test_named_media_upload_rejects_non_local_server_name
           - test configured to fail if flaky
  TRY 2 SLOW [> 60.000s] (─────────) synapse-rust::integration api_placeholder_contract_p0_tests::test_directory_room_alias_contract_returns_not_found_for_missing_alias
        SLOW [> 60.000s] (─────────) synapse-rust::integration api_placeholder_contract_p0_tests::test_msc4140_manage_rejects_invalid_action
  TRY 2 SLOW [> 60.000s] (─────────) synapse-rust::integration api_placeholder_contract_p0_tests::test_key_rotation_management_contract_rejects_client_access
TRY 1 TRMNTG [>120.000s] (─────────) synapse-rust::integration api_placeholder_contract_p0_tests::test_msc4140_cancel_succeeds_for_owner
   TRY 1 TMT [ 120.008s] (─────────) synapse-rust::integration api_placeholder_contract_p0_tests::test_msc4140_cancel_succeeds_for_owner
  stdout ───

    running 1 test
    test api_placeholder_contract_p0_tests::test_msc4140_cancel_succeeds_for_owner has been running for over 60 seconds

    (test timed out)

TRY 2 TRMNTG [>120.000s] (─────────) synapse-rust::integration api_placeholder_contract_p0_tests::test_change_password_uia_rejects_dummy_auth
   TRY 2 TMT [ 120.008s] (─────────) synapse-rust::integration api_placeholder_contract_p0_tests::test_change_password_uia_rejects_dummy_auth
  stdout ───

    running 1 test
    test api_placeholder_contract_p0_tests::test_change_password_uia_rejects_dummy_auth has been running for over 60 seconds

    (test timed out)

  TRY 2 PASS [  90.990s] ( 173/1396) synapse-rust::integration api_placeholder_contract_p0_tests::test_directory_room_alias_contract_returns_not_found_for_missing_alias
           - test configured to fail if flaky
TRY 3 TRMNTG [>120.000s] (─────────) synapse-rust::integration api_media_routes_tests::test_p2_11_preview_url_returns_403_when_msc4452_disabled
   TRY 3 TMT [ 120.010s] ( 174/1396) synapse-rust::integration api_media_routes_tests::test_p2_11_preview_url_returns_403_when_msc4452_disabled
  stdout ───

    running 1 test
    test api_media_routes_tests::test_p2_11_preview_url_returns_403_when_msc4452_disabled has been running for over 60 seconds

    (test timed out)

TRY 3 TRMNTG [>120.000s] (─────────) synapse-rust::integration api_placeholder_contract_p0_tests::test_account_data_contract_returns_not_found_for_missing_custom_type
   TRY 3 TMT [ 120.009s] ( 175/1396) synapse-rust::integration api_placeholder_contract_p0_tests::test_account_data_contract_returns_not_found_for_missing_custom_type
  stdout ───

    running 1 test
    test api_placeholder_contract_p0_tests::test_account_data_contract_returns_not_found_for_missing_custom_type has been running for over 60 seconds

    (test timed out)

        SLOW [> 60.000s] (─────────) synapse-rust::integration api_placeholder_contract_p0_tests::test_msc4140_manage_rejects_missing_action_field
TRY 1 TRMNTG [>120.000s] (─────────) synapse-rust::integration api_placeholder_contract_p0_tests::test_msc4140_manage_rejects_invalid_action
   TRY 1 TMT [ 120.009s] (─────────) synapse-rust::integration api_placeholder_contract_p0_tests::test_msc4140_manage_rejects_invalid_action
  stdout ───

    running 1 test
    test api_placeholder_contract_p0_tests::test_msc4140_manage_rejects_invalid_action has been running for over 60 seconds

    (test timed out)

TRY 2 TRMNTG [>120.000s] (─────────) synapse-rust::integration api_placeholder_contract_p0_tests::test_key_rotation_management_contract_rejects_client_access
   TRY 2 TMT [ 120.006s] (─────────) synapse-rust::integration api_placeholder_contract_p0_tests::test_key_rotation_management_contract_rejects_client_access
  stdout ───

    running 1 test
    test api_placeholder_contract_p0_tests::test_key_rotation_management_contract_rejects_client_access has been running for over 60 seconds

    (test timed out)

        PASS [  88.765s] ( 176/1396) synapse-rust::integration api_placeholder_contract_p0_tests::test_msc4140_manage_rejects_missing_action_field
  TRY 2 SLOW [> 60.000s] (─────────) synapse-rust::integration api_placeholder_contract_p0_tests::test_msc4140_cancel_succeeds_for_owner
  TRY 3 SLOW [> 60.000s] (─────────) synapse-rust::integration api_placeholder_contract_p0_tests::test_change_password_uia_rejects_dummy_auth
        SLOW [> 60.000s] (─────────) synapse-rust::integration api_placeholder_contract_p0_tests::test_msc4140_manage_requires_authentication
        SLOW [> 60.000s] (─────────) synapse-rust::integration api_placeholder_contract_p0_tests::test_msc4140_manage_returns_404_for_nonexistent_delay_id
        SLOW [> 60.000s] (─────────) synapse-rust::integration api_placeholder_contract_p0_tests::test_msc4140_non_owner_returns_404
  TRY 2 SLOW [> 60.000s] (─────────) synapse-rust::integration api_placeholder_contract_p0_tests::test_msc4140_manage_rejects_invalid_action
  TRY 3 SLOW [> 60.000s] (─────────) synapse-rust::integration api_placeholder_contract_p0_tests::test_key_rotation_management_contract_rejects_client_access
  TRY 3 PASS [  61.060s] ( 177/1396) synapse-rust::integration api_placeholder_contract_p0_tests::test_key_rotation_management_contract_rejects_client_access
           - test configured to fail if flaky
        SLOW [> 60.000s] (─────────) synapse-rust::integration api_placeholder_contract_p0_tests::test_msc4140_restart_succeeds_for_owner
TRY 2 TRMNTG [>120.000s] (─────────) synapse-rust::integration api_placeholder_contract_p0_tests::test_msc4140_cancel_succeeds_for_owner
   TRY 2 TMT [ 120.009s] (─────────) synapse-rust::integration api_placeholder_contract_p0_tests::test_msc4140_cancel_succeeds_for_owner
  stdout ───

    running 1 test
    test api_placeholder_contract_p0_tests::test_msc4140_cancel_succeeds_for_owner has been running for over 60 seconds

    (test timed out)

TRY 3 TRMNTG [>120.000s] (─────────) synapse-rust::integration api_placeholder_contract_p0_tests::test_change_password_uia_rejects_dummy_auth
   TRY 3 TMT [ 120.007s] ( 178/1396) synapse-rust::integration api_placeholder_contract_p0_tests::test_change_password_uia_rejects_dummy_auth
  stdout ───

    running 1 test
    test api_placeholder_contract_p0_tests::test_change_password_uia_rejects_dummy_auth has been running for over 60 seconds

    (test timed out)

TRY 1 TRMNTG [>120.000s] (─────────) synapse-rust::integration api_placeholder_contract_p0_tests::test_msc4140_manage_requires_authentication
   TRY 1 TMT [ 120.007s] (─────────) synapse-rust::integration api_placeholder_contract_p0_tests::test_msc4140_manage_requires_authentication
  stdout ───

    running 1 test
    test api_placeholder_contract_p0_tests::test_msc4140_manage_requires_authentication has been running for over 60 seconds

    (test timed out)

TRY 1 TRMNTG [>120.000s] (─────────) synapse-rust::integration api_placeholder_contract_p0_tests::test_msc4140_manage_returns_404_for_nonexistent_delay_id
   TRY 1 TMT [ 120.009s] (─────────) synapse-rust::integration api_placeholder_contract_p0_tests::test_msc4140_manage_returns_404_for_nonexistent_delay_id
  stdout ───

    running 1 test
    test api_placeholder_contract_p0_tests::test_msc4140_manage_returns_404_for_nonexistent_delay_id has been running for over 60 seconds

    (test timed out)

TRY 1 TRMNTG [>120.000s] (─────────) synapse-rust::integration api_placeholder_contract_p0_tests::test_msc4140_non_owner_returns_404
   TRY 1 TMT [ 120.008s] (─────────) synapse-rust::integration api_placeholder_contract_p0_tests::test_msc4140_non_owner_returns_404
  stdout ───

    running 1 test
    test api_placeholder_contract_p0_tests::test_msc4140_non_owner_returns_404 has been running for over 60 seconds

    (test timed out)

TRY 2 TRMNTG [>120.000s] (─────────) synapse-rust::integration api_placeholder_contract_p0_tests::test_msc4140_manage_rejects_invalid_action
   TRY 2 TMT [ 120.008s] (─────────) synapse-rust::integration api_placeholder_contract_p0_tests::test_msc4140_manage_rejects_invalid_action
  stdout ───

    running 1 test
    test api_placeholder_contract_p0_tests::test_msc4140_manage_rejects_invalid_action has been running for over 60 seconds

    (test timed out)

        SLOW [> 60.000s] (─────────) synapse-rust::integration api_placeholder_contract_p0_tests::test_msc4260_report_user_accepts_empty_reason_string
TRY 1 TRMNTG [>120.000s] (─────────) synapse-rust::integration api_placeholder_contract_p0_tests::test_msc4140_restart_succeeds_for_owner
   TRY 1 TMT [ 120.009s] (─────────) synapse-rust::integration api_placeholder_contract_p0_tests::test_msc4140_restart_succeeds_for_owner
  stdout ───

    running 1 test
    test api_placeholder_contract_p0_tests::test_msc4140_restart_succeeds_for_owner has been running for over 60 seconds

    (test timed out)

  TRY 3 SLOW [> 60.000s] (─────────) synapse-rust::integration api_placeholder_contract_p0_tests::test_msc4140_cancel_succeeds_for_owner
        SLOW [> 60.000s] (─────────) synapse-rust::integration api_placeholder_contract_p0_tests::test_msc4260_report_user_allows_self_report
  TRY 2 SLOW [> 60.000s] (─────────) synapse-rust::integration api_placeholder_contract_p0_tests::test_msc4140_manage_requires_authentication
  TRY 2 PASS [  60.022s] ( 179/1396) synapse-rust::integration api_placeholder_contract_p0_tests::test_msc4140_manage_requires_authentication
           - test configured to fail if flaky
  TRY 2 SLOW [> 60.000s] (─────────) synapse-rust::integration api_placeholder_contract_p0_tests::test_msc4140_manage_returns_404_for_nonexistent_delay_id
  TRY 2 SLOW [> 60.000s] (─────────) synapse-rust::integration api_placeholder_contract_p0_tests::test_msc4140_non_owner_returns_404
  TRY 3 SLOW [> 60.000s] (─────────) synapse-rust::integration api_placeholder_contract_p0_tests::test_msc4140_manage_rejects_invalid_action
TRY 1 TRMNTG [>120.000s] (─────────) synapse-rust::integration api_placeholder_contract_p0_tests::test_msc4260_report_user_accepts_empty_reason_string
   TRY 1 TMT [ 120.009s] (─────────) synapse-rust::integration api_placeholder_contract_p0_tests::test_msc4260_report_user_accepts_empty_reason_string
  stdout ───

    running 1 test
    test api_placeholder_contract_p0_tests::test_msc4260_report_user_accepts_empty_reason_string has been running for over 60 seconds

    (test timed out)

  TRY 2 SLOW [> 60.000s] (─────────) synapse-rust::integration api_placeholder_contract_p0_tests::test_msc4140_restart_succeeds_for_owner
TRY 3 TRMNTG [>120.000s] (─────────) synapse-rust::integration api_placeholder_contract_p0_tests::test_msc4140_cancel_succeeds_for_owner
   TRY 3 TMT [ 120.009s] ( 180/1396) synapse-rust::integration api_placeholder_contract_p0_tests::test_msc4140_cancel_succeeds_for_owner
  stdout ───

    running 1 test
    test api_placeholder_contract_p0_tests::test_msc4140_cancel_succeeds_for_owner has been running for over 60 seconds

    (test timed out)

TRY 1 TRMNTG [>120.000s] (─────────) synapse-rust::integration api_placeholder_contract_p0_tests::test_msc4260_report_user_allows_self_report
   TRY 1 TMT [ 120.005s] (─────────) synapse-rust::integration api_placeholder_contract_p0_tests::test_msc4260_report_user_allows_self_report
  stdout ───

    running 1 test
    test api_placeholder_contract_p0_tests::test_msc4260_report_user_allows_self_report has been running for over 60 seconds

    (test timed out)

        SLOW [> 60.000s] (─────────) synapse-rust::integration api_placeholder_contract_p0_tests::test_msc4260_report_user_rejects_invalid_user_id_format
TRY 2 TRMNTG [>120.000s] (─────────) synapse-rust::integration api_placeholder_contract_p0_tests::test_msc4140_manage_returns_404_for_nonexistent_delay_id
   TRY 2 TMT [ 120.005s] (─────────) synapse-rust::integration api_placeholder_contract_p0_tests::test_msc4140_manage_returns_404_for_nonexistent_delay_id
  stdout ───

    running 1 test
    test api_placeholder_contract_p0_tests::test_msc4140_manage_returns_404_for_nonexistent_delay_id has been running for over 60 seconds

    (test timed out)

TRY 2 TRMNTG [>120.000s] (─────────) synapse-rust::integration api_placeholder_contract_p0_tests::test_msc4140_non_owner_returns_404
   TRY 2 TMT [ 120.006s] (─────────) synapse-rust::integration api_placeholder_contract_p0_tests::test_msc4140_non_owner_returns_404
  stdout ───

    running 1 test
    test api_placeholder_contract_p0_tests::test_msc4140_non_owner_returns_404 has been running for over 60 seconds

    (test timed out)

TRY 3 TRMNTG [>120.000s] (─────────) synapse-rust::integration api_placeholder_contract_p0_tests::test_msc4140_manage_rejects_invalid_action
   TRY 3 TMT [ 120.008s] ( 181/1396) synapse-rust::integration api_placeholder_contract_p0_tests::test_msc4140_manage_rejects_invalid_action
  stdout ───

    running 1 test
    test api_placeholder_contract_p0_tests::test_msc4140_manage_rejects_invalid_action has been running for over 60 seconds

    (test timed out)

  TRY 2 SLOW [> 60.000s] (─────────) synapse-rust::integration api_placeholder_contract_p0_tests::test_msc4260_report_user_accepts_empty_reason_string
TRY 2 TRMNTG [>120.000s] (─────────) synapse-rust::integration api_placeholder_contract_p0_tests::test_msc4140_restart_succeeds_for_owner
   TRY 2 TMT [ 120.007s] (─────────) synapse-rust::integration api_placeholder_contract_p0_tests::test_msc4140_restart_succeeds_for_owner
  stdout ───

    running 1 test
    test api_placeholder_contract_p0_tests::test_msc4140_restart_succeeds_for_owner has been running for over 60 seconds

    (test timed out)

        SLOW [> 60.000s] (─────────) synapse-rust::integration api_placeholder_contract_p0_tests::test_msc4260_report_user_requires_reason_field
  TRY 2 SLOW [> 60.000s] (─────────) synapse-rust::integration api_placeholder_contract_p0_tests::test_msc4260_report_user_allows_self_report
TRY 1 TRMNTG [>120.000s] (─────────) synapse-rust::integration api_placeholder_contract_p0_tests::test_msc4260_report_user_rejects_invalid_user_id_format
   TRY 1 TMT [ 120.006s] (─────────) synapse-rust::integration api_placeholder_contract_p0_tests::test_msc4260_report_user_rejects_invalid_user_id_format
  stdout ───

    running 1 test
    test api_placeholder_contract_p0_tests::test_msc4260_report_user_rejects_invalid_user_id_format has been running for over 60 seconds

    (test timed out)

  TRY 3 FAIL [  57.457s] ( 182/1396) synapse-rust::integration api_placeholder_contract_p0_tests::test_msc4140_non_owner_returns_404
  stdout ───

    running 1 test
    test api_placeholder_contract_p0_tests::test_msc4140_non_owner_returns_404 ... FAILED

    failures:

    failures:
        api_placeholder_contract_p0_tests::test_msc4140_non_owner_returns_404

    test result: FAILED. 0 passed; 1 failed; 0 ignored; 0 measured; 1395 filtered out; finished in 57.44s

  stderr ───

    thread 'api_placeholder_contract_p0_tests::test_msc4140_non_owner_returns_404' (65642146) panicked at tests/integration/mod.rs:268:9:
    Integration test requires database setup. For local runs, start PostgreSQL and apply migrations first; in CI this must already succeed. Error: failed to clone template to test_43210_1_1788321253904564000: error returned from database: schema "test_template_v2_aa57a852f2913233" does not exist
    note: run with `RUST_BACKTRACE=1` environment variable to display a backtrace

  TRY 3 SLOW [> 60.000s] (─────────) synapse-rust::integration api_placeholder_contract_p0_tests::test_msc4140_manage_returns_404_for_nonexistent_delay_id
        SLOW [> 60.000s] (─────────) synapse-rust::integration api_placeholder_contract_p0_tests::test_msc4260_report_user_returns_200_when_target_exists
  TRY 3 FAIL [  59.031s] ( 183/1396) synapse-rust::integration api_placeholder_contract_p0_tests::test_msc4140_restart_succeeds_for_owner
  stdout ───

    running 1 test
    test api_placeholder_contract_p0_tests::test_msc4140_restart_succeeds_for_owner ... FAILED

    failures:

    failures:
        api_placeholder_contract_p0_tests::test_msc4140_restart_succeeds_for_owner

    test result: FAILED. 0 passed; 1 failed; 0 ignored; 0 measured; 1395 filtered out; finished in 59.01s

  stderr ───

    thread 'api_placeholder_contract_p0_tests::test_msc4140_restart_succeeds_for_owner' (65642911) panicked at tests/integration/mod.rs:268:9:
    Integration test requires database setup. For local runs, start PostgreSQL and apply migrations first; in CI this must already succeed. Error: failed to clone template to test_43395_1_1788321284647135000: error returned from database: schema "test_template_v2_aa57a852f2913233" does not exist
    note: run with `RUST_BACKTRACE=1` environment variable to display a backtrace

TRY 2 TRMNTG [>120.000s] (─────────) synapse-rust::integration api_placeholder_contract_p0_tests::test_msc4260_report_user_accepts_empty_reason_string
   TRY 2 TMT [ 120.010s] (─────────) synapse-rust::integration api_placeholder_contract_p0_tests::test_msc4260_report_user_accepts_empty_reason_string
  stdout ───

    running 1 test
    test api_placeholder_contract_p0_tests::test_msc4260_report_user_accepts_empty_reason_string has been running for over 60 seconds

    (test timed out)

TRY 1 TRMNTG [>120.000s] (─────────) synapse-rust::integration api_placeholder_contract_p0_tests::test_msc4260_report_user_requires_reason_field
   TRY 1 TMT [ 120.010s] (─────────) synapse-rust::integration api_placeholder_contract_p0_tests::test_msc4260_report_user_requires_reason_field
  stdout ───

    running 1 test
    test api_placeholder_contract_p0_tests::test_msc4260_report_user_requires_reason_field has been running for over 60 seconds

    (test timed out)

TRY 2 TRMNTG [>120.000s] (─────────) synapse-rust::integration api_placeholder_contract_p0_tests::test_msc4260_report_user_allows_self_report
   TRY 2 TMT [ 120.009s] (─────────) synapse-rust::integration api_placeholder_contract_p0_tests::test_msc4260_report_user_allows_self_report
  stdout ───

    running 1 test
    test api_placeholder_contract_p0_tests::test_msc4260_report_user_allows_self_report has been running for over 60 seconds

    (test timed out)

  TRY 2 SLOW [> 60.000s] (─────────) synapse-rust::integration api_placeholder_contract_p0_tests::test_msc4260_report_user_rejects_invalid_user_id_format
        SLOW [> 60.000s] (─────────) synapse-rust::integration api_placeholder_contract_p0_tests::test_msc4260_report_user_returns_404_when_target_missing
TRY 3 TRMNTG [>120.000s] (─────────) synapse-rust::integration api_placeholder_contract_p0_tests::test_msc4140_manage_returns_404_for_nonexistent_delay_id
   TRY 3 TMT [ 120.008s] ( 184/1396) synapse-rust::integration api_placeholder_contract_p0_tests::test_msc4140_manage_returns_404_for_nonexistent_delay_id
  stdout ───

    running 1 test
    test api_placeholder_contract_p0_tests::test_msc4140_manage_returns_404_for_nonexistent_delay_id has been running for over 60 seconds

    (test timed out)

        PASS [ 119.396s] ( 185/1396) synapse-rust::integration api_placeholder_contract_p0_tests::test_msc4260_report_user_returns_200_when_target_exists
        SLOW [> 60.000s] (─────────) synapse-rust::integration api_placeholder_contract_p0_tests::test_password_reset_email_flow_consumes_sid_after_success
  TRY 3 SLOW [> 60.000s] (─────────) synapse-rust::integration api_placeholder_contract_p0_tests::test_msc4260_report_user_accepts_empty_reason_string
  TRY 2 SLOW [> 60.000s] (─────────) synapse-rust::integration api_placeholder_contract_p0_tests::test_msc4260_report_user_requires_reason_field
  TRY 3 SLOW [> 60.000s] (─────────) synapse-rust::integration api_placeholder_contract_p0_tests::test_msc4260_report_user_allows_self_report
TRY 2 TRMNTG [>120.000s] (─────────) synapse-rust::integration api_placeholder_contract_p0_tests::test_msc4260_report_user_rejects_invalid_user_id_format
   TRY 2 TMT [ 120.005s] (─────────) synapse-rust::integration api_placeholder_contract_p0_tests::test_msc4260_report_user_rejects_invalid_user_id_format
  stdout ───

    running 1 test
    test api_placeholder_contract_p0_tests::test_msc4260_report_user_rejects_invalid_user_id_format has been running for over 60 seconds

    (test timed out)

TRY 1 TRMNTG [>120.000s] (─────────) synapse-rust::integration api_placeholder_contract_p0_tests::test_msc4260_report_user_returns_404_when_target_missing
   TRY 1 TMT [ 120.007s] (─────────) synapse-rust::integration api_placeholder_contract_p0_tests::test_msc4260_report_user_returns_404_when_target_missing
  stdout ───

    running 1 test
    test api_placeholder_contract_p0_tests::test_msc4260_report_user_returns_404_when_target_missing has been running for over 60 seconds

    (test timed out)

  TRY 3 PASS [  90.483s] ( 186/1396) synapse-rust::integration api_placeholder_contract_p0_tests::test_msc4260_report_user_accepts_empty_reason_string
           - test configured to fail if flaky
        SLOW [> 60.000s] (─────────) synapse-rust::integration api_placeholder_contract_p0_tests::test_push_rules_scope_contract_rejects_non_global_scope
        SLOW [> 60.000s] (─────────) synapse-rust::integration api_placeholder_contract_p0_tests::test_receipt_contract_rejects_invalid_event_id_and_receipt_type
TRY 1 TRMNTG [>120.000s] (─────────) synapse-rust::integration api_placeholder_contract_p0_tests::test_password_reset_email_flow_consumes_sid_after_success
   TRY 1 TMT [ 120.008s] (─────────) synapse-rust::integration api_placeholder_contract_p0_tests::test_password_reset_email_flow_consumes_sid_after_success
  stdout ───

    running 1 test
    test api_placeholder_contract_p0_tests::test_password_reset_email_flow_consumes_sid_after_success has been running for over 60 seconds

    (test timed out)

TRY 2 TRMNTG [>120.000s] (─────────) synapse-rust::integration api_placeholder_contract_p0_tests::test_msc4260_report_user_requires_reason_field
   TRY 2 TMT [ 120.007s] (─────────) synapse-rust::integration api_placeholder_contract_p0_tests::test_msc4260_report_user_requires_reason_field
  stdout ───

    running 1 test
    test api_placeholder_contract_p0_tests::test_msc4260_report_user_requires_reason_field has been running for over 60 seconds

    (test timed out)

  TRY 3 PASS [ 118.891s] ( 187/1396) synapse-rust::integration api_placeholder_contract_p0_tests::test_msc4260_report_user_allows_self_report
           - test configured to fail if flaky
  TRY 3 SLOW [> 60.000s] (─────────) synapse-rust::integration api_placeholder_contract_p0_tests::test_msc4260_report_user_rejects_invalid_user_id_format
  TRY 2 SLOW [> 60.000s] (─────────) synapse-rust::integration api_placeholder_contract_p0_tests::test_msc4260_report_user_returns_404_when_target_missing
        SLOW [> 60.000s] (─────────) synapse-rust::integration api_placeholder_contract_p0_tests::test_removed_private_room_placeholder_routes_return_404
TRY 1 TRMNTG [>120.000s] (─────────) synapse-rust::integration api_placeholder_contract_p0_tests::test_push_rules_scope_contract_rejects_non_global_scope
   TRY 1 TMT [ 120.009s] (─────────) synapse-rust::integration api_placeholder_contract_p0_tests::test_push_rules_scope_contract_rejects_non_global_scope
  stdout ───

    running 1 test
    test api_placeholder_contract_p0_tests::test_push_rules_scope_contract_rejects_non_global_scope has been running for over 60 seconds

    (test timed out)

  TRY 2 FAIL [  58.071s] (─────────) synapse-rust::integration api_placeholder_contract_p0_tests::test_password_reset_email_flow_consumes_sid_after_success
  stdout ───

    running 1 test
    test api_placeholder_contract_p0_tests::test_password_reset_email_flow_consumes_sid_after_success ... FAILED

    failures:

    failures:
        api_placeholder_contract_p0_tests::test_password_reset_email_flow_consumes_sid_after_success

    test result: FAILED. 0 passed; 1 failed; 0 ignored; 0 measured; 1395 filtered out; finished in 58.05s

  stderr ───

    thread 'api_placeholder_contract_p0_tests::test_password_reset_email_flow_consumes_sid_after_success' (65647425) panicked at tests/integration/mod.rs:268:9:
    Integration test requires database setup. For local runs, start PostgreSQL and apply migrations first; in CI this must already succeed. Error: failed to clone template to test_44494_1_1788321462727647000: error returned from database: schema "test_template_v2_aa57a852f2913233" does not exist
    note: run with `RUST_BACKTRACE=1` environment variable to display a backtrace

TRY 1 TRMNTG [>120.000s] (─────────) synapse-rust::integration api_placeholder_contract_p0_tests::test_receipt_contract_rejects_invalid_event_id_and_receipt_type
   TRY 1 TMT [ 120.010s] (─────────) synapse-rust::integration api_placeholder_contract_p0_tests::test_receipt_contract_rejects_invalid_event_id_and_receipt_type
  stdout ───

    running 1 test
    test api_placeholder_contract_p0_tests::test_receipt_contract_rejects_invalid_event_id_and_receipt_type has been running for over 60 seconds

    (test timed out)

  TRY 3 SLOW [> 60.000s] (─────────) synapse-rust::integration api_placeholder_contract_p0_tests::test_msc4260_report_user_requires_reason_field
        SLOW [> 60.000s] (─────────) synapse-rust::integration api_placeholder_contract_p0_tests::test_report_room_contract_returns_success_payload
TRY 3 TRMNTG [>120.000s] (─────────) synapse-rust::integration api_placeholder_contract_p0_tests::test_msc4260_report_user_rejects_invalid_user_id_format
   TRY 3 TMT [ 120.008s] ( 188/1396) synapse-rust::integration api_placeholder_contract_p0_tests::test_msc4260_report_user_rejects_invalid_user_id_format
  stdout ───

    running 1 test
    test api_placeholder_contract_p0_tests::test_msc4260_report_user_rejects_invalid_user_id_format has been running for over 60 seconds

    (test timed out)

TRY 2 TRMNTG [>120.000s] (─────────) synapse-rust::integration api_placeholder_contract_p0_tests::test_msc4260_report_user_returns_404_when_target_missing
   TRY 2 TMT [ 120.005s] (─────────) synapse-rust::integration api_placeholder_contract_p0_tests::test_msc4260_report_user_returns_404_when_target_missing
  stdout ───

    running 1 test
    test api_placeholder_contract_p0_tests::test_msc4260_report_user_returns_404_when_target_missing has been running for over 60 seconds

    (test timed out)

TRY 1 TRMNTG [>120.000s] (─────────) synapse-rust::integration api_placeholder_contract_p0_tests::test_removed_private_room_placeholder_routes_return_404
   TRY 1 TMT [ 120.006s] (─────────) synapse-rust::integration api_placeholder_contract_p0_tests::test_removed_private_room_placeholder_routes_return_404
  stdout ───

    running 1 test
    test api_placeholder_contract_p0_tests::test_removed_private_room_placeholder_routes_return_404 has been running for over 60 seconds

    (test timed out)

  TRY 2 SLOW [> 60.000s] (─────────) synapse-rust::integration api_placeholder_contract_p0_tests::test_push_rules_scope_contract_rejects_non_global_scope
        PASS [  89.446s] ( 189/1396) synapse-rust::integration api_placeholder_contract_p0_tests::test_report_room_contract_returns_success_payload
  TRY 3 SLOW [> 60.000s] (─────────) synapse-rust::integration api_placeholder_contract_p0_tests::test_password_reset_email_flow_consumes_sid_after_success
  TRY 2 SLOW [> 60.000s] (─────────) synapse-rust::integration api_placeholder_contract_p0_tests::test_receipt_contract_rejects_invalid_event_id_and_receipt_type
TRY 3 TRMNTG [>120.000s] (─────────) synapse-rust::integration api_placeholder_contract_p0_tests::test_msc4260_report_user_requires_reason_field
   TRY 3 TMT [ 120.008s] ( 190/1396) synapse-rust::integration api_placeholder_contract_p0_tests::test_msc4260_report_user_requires_reason_field
  stdout ───

    running 1 test
    test api_placeholder_contract_p0_tests::test_msc4260_report_user_requires_reason_field has been running for over 60 seconds

    (test timed out)

  TRY 2 PASS [  57.318s] ( 191/1396) synapse-rust::integration api_placeholder_contract_p0_tests::test_removed_private_room_placeholder_routes_return_404
           - test configured to fail if flaky
        SLOW [> 60.000s] (─────────) synapse-rust::integration api_placeholder_contract_p0_tests::test_room_event_keys_contract_rejects_invalid_event_id
  TRY 3 SLOW [> 60.000s] (─────────) synapse-rust::integration api_placeholder_contract_p0_tests::test_msc4260_report_user_returns_404_when_target_missing
TRY 2 TRMNTG [>120.000s] (─────────) synapse-rust::integration api_placeholder_contract_p0_tests::test_push_rules_scope_contract_rejects_non_global_scope
   TRY 2 TMT [ 120.006s] (─────────) synapse-rust::integration api_placeholder_contract_p0_tests::test_push_rules_scope_contract_rejects_non_global_scope
  stdout ───

    running 1 test
    test api_placeholder_contract_p0_tests::test_push_rules_scope_contract_rejects_non_global_scope has been running for over 60 seconds

    (test timed out)

        SLOW [> 60.000s] (─────────) synapse-rust::integration api_placeholder_contract_p0_tests::test_room_initial_sync_contract_returns_state_members_and_messages
TRY 3 TRMNTG [>120.000s] (─────────) synapse-rust::integration api_placeholder_contract_p0_tests::test_password_reset_email_flow_consumes_sid_after_success
   TRY 3 TMT [ 120.009s] ( 192/1396) synapse-rust::integration api_placeholder_contract_p0_tests::test_password_reset_email_flow_consumes_sid_after_success
  stdout ───

    running 1 test
    test api_placeholder_contract_p0_tests::test_password_reset_email_flow_consumes_sid_after_success has been running for over 60 seconds

    (test timed out)

TRY 2 TRMNTG [>120.000s] (─────────) synapse-rust::integration api_placeholder_contract_p0_tests::test_receipt_contract_rejects_invalid_event_id_and_receipt_type
   TRY 2 TMT [ 120.008s] (─────────) synapse-rust::integration api_placeholder_contract_p0_tests::test_receipt_contract_rejects_invalid_event_id_and_receipt_type
  stdout ───

    running 1 test
    test api_placeholder_contract_p0_tests::test_receipt_contract_rejects_invalid_event_id_and_receipt_type has been running for over 60 seconds

    (test timed out)

        SLOW [> 60.000s] (─────────) synapse-rust::integration api_placeholder_contract_p0_tests::test_room_key_distribution_contract_rejects_client_access_without_session
        SLOW [> 60.000s] (─────────) synapse-rust::integration api_placeholder_contract_p0_tests::test_room_key_distribution_contract_rejects_members_even_with_session
        PASS [  30.673s] ( 193/1396) synapse-rust::integration api_placeholder_contract_p0_tests::test_room_key_distribution_contract_rejects_non_members
TRY 1 TRMNTG [>120.000s] (─────────) synapse-rust::integration api_placeholder_contract_p0_tests::test_room_event_keys_contract_rejects_invalid_event_id
   TRY 1 TMT [ 120.008s] (─────────) synapse-rust::integration api_placeholder_contract_p0_tests::test_room_event_keys_contract_rejects_invalid_event_id
  stdout ───

    running 1 test
    test api_placeholder_contract_p0_tests::test_room_event_keys_contract_rejects_invalid_event_id has been running for over 60 seconds

    (test timed out)

TRY 3 TRMNTG [>120.000s] (─────────) synapse-rust::integration api_placeholder_contract_p0_tests::test_msc4260_report_user_returns_404_when_target_missing
   TRY 3 TMT [ 120.009s] ( 194/1396) synapse-rust::integration api_placeholder_contract_p0_tests::test_msc4260_report_user_returns_404_when_target_missing
  stdout ───

    running 1 test
    test api_placeholder_contract_p0_tests::test_msc4260_report_user_returns_404_when_target_missing has been running for over 60 seconds

    (test timed out)

  TRY 3 SLOW [> 60.000s] (─────────) synapse-rust::integration api_placeholder_contract_p0_tests::test_push_rules_scope_contract_rejects_non_global_scope
TRY 1 TRMNTG [>120.000s] (─────────) synapse-rust::integration api_placeholder_contract_p0_tests::test_room_initial_sync_contract_returns_state_members_and_messages
   TRY 1 TMT [ 120.007s] (─────────) synapse-rust::integration api_placeholder_contract_p0_tests::test_room_initial_sync_contract_returns_state_members_and_messages
  stdout ───

    running 1 test
    test api_placeholder_contract_p0_tests::test_room_initial_sync_contract_returns_state_members_and_messages has been running for over 60 seconds

    (test timed out)

  TRY 3 SLOW [> 60.000s] (─────────) synapse-rust::integration api_placeholder_contract_p0_tests::test_receipt_contract_rejects_invalid_event_id_and_receipt_type
TRY 1 TRMNTG [>120.000s] (─────────) synapse-rust::integration api_placeholder_contract_p0_tests::test_room_key_distribution_contract_rejects_client_access_without_session
   TRY 1 TMT [ 120.008s] (─────────) synapse-rust::integration api_placeholder_contract_p0_tests::test_room_key_distribution_contract_rejects_client_access_without_session
  stdout ───

    running 1 test
    test api_placeholder_contract_p0_tests::test_room_key_distribution_contract_rejects_client_access_without_session has been running for over 60 seconds

    (test timed out)

  TRY 3 PASS [  86.778s] ( 195/1396) synapse-rust::integration api_placeholder_contract_p0_tests::test_receipt_contract_rejects_invalid_event_id_and_receipt_type
           - test configured to fail if flaky
TRY 1 TRMNTG [>120.000s] (─────────) synapse-rust::integration api_placeholder_contract_p0_tests::test_room_key_distribution_contract_rejects_members_even_with_session
   TRY 1 TMT [ 120.009s] (─────────) synapse-rust::integration api_placeholder_contract_p0_tests::test_room_key_distribution_contract_rejects_members_even_with_session
  stdout ───

    running 1 test
    test api_placeholder_contract_p0_tests::test_room_key_distribution_contract_rejects_members_even_with_session has been running for over 60 seconds

    (test timed out)

        SLOW [> 60.000s] (─────────) synapse-rust::integration api_placeholder_contract_p0_tests::test_room_thread_contract_rejects_invalid_event_id
  TRY 2 SLOW [> 60.000s] (─────────) synapse-rust::integration api_placeholder_contract_p0_tests::test_room_event_keys_contract_rejects_invalid_event_id
        SLOW [> 60.000s] (─────────) synapse-rust::integration api_placeholder_contract_p0_tests::test_room_thread_contract_returns_replies_when_thread_exists
TRY 3 TRMNTG [>120.000s] (─────────) synapse-rust::integration api_placeholder_contract_p0_tests::test_push_rules_scope_contract_rejects_non_global_scope
   TRY 3 TMT [ 120.007s] ( 196/1396) synapse-rust::integration api_placeholder_contract_p0_tests::test_push_rules_scope_contract_rejects_non_global_scope
  stdout ───

    running 1 test
    test api_placeholder_contract_p0_tests::test_push_rules_scope_contract_rejects_non_global_scope has been running for over 60 seconds

    (test timed out)

        PASS [  87.756s] ( 197/1396) synapse-rust::integration api_placeholder_contract_p0_tests::test_room_thread_contract_rejects_invalid_event_id
  TRY 2 SLOW [> 60.000s] (─────────) synapse-rust::integration api_placeholder_contract_p0_tests::test_room_initial_sync_contract_returns_state_members_and_messages
  TRY 2 SLOW [> 60.000s] (─────────) synapse-rust::integration api_placeholder_contract_p0_tests::test_room_key_distribution_contract_rejects_client_access_without_session
        SLOW [> 60.000s] (─────────) synapse-rust::integration api_placeholder_contract_p0_tests::test_sync_events_contract_surfaces_service_errors
  TRY 2 SLOW [> 60.000s] (─────────) synapse-rust::integration api_placeholder_contract_p0_tests::test_room_key_distribution_contract_rejects_members_even_with_session
TRY 2 TRMNTG [>120.000s] (─────────) synapse-rust::integration api_placeholder_contract_p0_tests::test_room_event_keys_contract_rejects_invalid_event_id
   TRY 2 TMT [ 120.007s] (─────────) synapse-rust::integration api_placeholder_contract_p0_tests::test_room_event_keys_contract_rejects_invalid_event_id
  stdout ───

    running 1 test
    test api_placeholder_contract_p0_tests::test_room_event_keys_contract_rejects_invalid_event_id has been running for over 60 seconds

    (test timed out)

TRY 1 TRMNTG [>120.000s] (─────────) synapse-rust::integration api_placeholder_contract_p0_tests::test_room_thread_contract_returns_replies_when_thread_exists
   TRY 1 TMT [ 120.007s] (─────────) synapse-rust::integration api_placeholder_contract_p0_tests::test_room_thread_contract_returns_replies_when_thread_exists
  stdout ───

    running 1 test
    test api_placeholder_contract_p0_tests::test_room_thread_contract_returns_replies_when_thread_exists has been running for over 60 seconds

    (test timed out)

        SLOW [> 60.000s] (─────────) synapse-rust::integration api_placeholder_contract_p0_tests::test_thirdparty_contract_rejects_builtin_irc_placeholders
        PASS [  90.208s] ( 198/1396) synapse-rust::integration api_placeholder_contract_p0_tests::test_sync_events_contract_surfaces_service_errors
        SLOW [> 60.000s] (─────────) synapse-rust::integration api_placeholder_contract_p1p2_tests::test_anti_screenshot_contract_allows_members
TRY 2 TRMNTG [>120.000s] (─────────) synapse-rust::integration api_placeholder_contract_p0_tests::test_room_initial_sync_contract_returns_state_members_and_messages
   TRY 2 TMT [ 120.007s] (─────────) synapse-rust::integration api_placeholder_contract_p0_tests::test_room_initial_sync_contract_returns_state_members_and_messages
  stdout ───

    running 1 test
    test api_placeholder_contract_p0_tests::test_room_initial_sync_contract_returns_state_members_and_messages has been running for over 60 seconds

    (test timed out)

TRY 2 TRMNTG [>120.000s] (─────────) synapse-rust::integration api_placeholder_contract_p0_tests::test_room_key_distribution_contract_rejects_client_access_without_session
   TRY 2 TMT [ 120.010s] (─────────) synapse-rust::integration api_placeholder_contract_p0_tests::test_room_key_distribution_contract_rejects_client_access_without_session
  stdout ───

    running 1 test
    test api_placeholder_contract_p0_tests::test_room_key_distribution_contract_rejects_client_access_without_session has been running for over 60 seconds

    (test timed out)

        PASS [  90.623s] ( 199/1396) synapse-rust::integration api_placeholder_contract_p1p2_tests::test_anti_screenshot_contract_allows_members
TRY 2 TRMNTG [>120.000s] (─────────) synapse-rust::integration api_placeholder_contract_p0_tests::test_room_key_distribution_contract_rejects_members_even_with_session
   TRY 2 TMT [ 120.007s] (─────────) synapse-rust::integration api_placeholder_contract_p0_tests::test_room_key_distribution_contract_rejects_members_even_with_session
  stdout ───

    running 1 test
    test api_placeholder_contract_p0_tests::test_room_key_distribution_contract_rejects_members_even_with_session has been running for over 60 seconds

    (test timed out)

  TRY 3 SLOW [> 60.000s] (─────────) synapse-rust::integration api_placeholder_contract_p0_tests::test_room_event_keys_contract_rejects_invalid_event_id
  TRY 2 SLOW [> 60.000s] (─────────) synapse-rust::integration api_placeholder_contract_p0_tests::test_room_thread_contract_returns_replies_when_thread_exists
TRY 1 TRMNTG [>120.000s] (─────────) synapse-rust::integration api_placeholder_contract_p0_tests::test_thirdparty_contract_rejects_builtin_irc_placeholders
   TRY 1 TMT [ 120.007s] (─────────) synapse-rust::integration api_placeholder_contract_p0_tests::test_thirdparty_contract_rejects_builtin_irc_placeholders
  stdout ───

    running 1 test
    test api_placeholder_contract_p0_tests::test_thirdparty_contract_rejects_builtin_irc_placeholders has been running for over 60 seconds

    (test timed out)

        SLOW [> 60.000s] (─────────) synapse-rust::integration api_placeholder_contract_p1p2_tests::test_anti_screenshot_contract_rejects_non_members
  TRY 3 SLOW [> 60.000s] (─────────) synapse-rust::integration api_placeholder_contract_p0_tests::test_room_initial_sync_contract_returns_state_members_and_messages
  TRY 3 SLOW [> 60.000s] (─────────) synapse-rust::integration api_placeholder_contract_p0_tests::test_room_key_distribution_contract_rejects_client_access_without_session
        PASS [  90.038s] ( 200/1396) synapse-rust::integration api_placeholder_contract_p1p2_tests::test_anti_screenshot_contract_rejects_non_members
        SLOW [> 60.000s] (─────────) synapse-rust::integration api_placeholder_contract_p1p2_tests::test_anti_screenshot_read_contract_rejects_non_members
  TRY 3 SLOW [> 60.000s] (─────────) synapse-rust::integration api_placeholder_contract_p0_tests::test_room_key_distribution_contract_rejects_members_even_with_session
TRY 3 TRMNTG [>120.000s] (─────────) synapse-rust::integration api_placeholder_contract_p0_tests::test_room_event_keys_contract_rejects_invalid_event_id
   TRY 3 TMT [ 120.007s] ( 201/1396) synapse-rust::integration api_placeholder_contract_p0_tests::test_room_event_keys_contract_rejects_invalid_event_id
  stdout ───

    running 1 test
    test api_placeholder_contract_p0_tests::test_room_event_keys_contract_rejects_invalid_event_id has been running for over 60 seconds

    (test timed out)

TRY 2 TRMNTG [>120.000s] (─────────) synapse-rust::integration api_placeholder_contract_p0_tests::test_room_thread_contract_returns_replies_when_thread_exists
   TRY 2 TMT [ 120.008s] (─────────) synapse-rust::integration api_placeholder_contract_p0_tests::test_room_thread_contract_returns_replies_when_thread_exists
  stdout ───

    running 1 test
    test api_placeholder_contract_p0_tests::test_room_thread_contract_returns_replies_when_thread_exists has been running for over 60 seconds

    (test timed out)

  TRY 2 SLOW [> 60.000s] (─────────) synapse-rust::integration api_placeholder_contract_p0_tests::test_thirdparty_contract_rejects_builtin_irc_placeholders
TRY 3 TRMNTG [>120.000s] (─────────) synapse-rust::integration api_placeholder_contract_p0_tests::test_room_initial_sync_contract_returns_state_members_and_messages
   TRY 3 TMT [ 120.007s] ( 202/1396) synapse-rust::integration api_placeholder_contract_p0_tests::test_room_initial_sync_contract_returns_state_members_and_messages
  stdout ───

    running 1 test
    test api_placeholder_contract_p0_tests::test_room_initial_sync_contract_returns_state_members_and_messages has been running for over 60 seconds

    (test timed out)

        PASS [  33.178s] ( 203/1396) synapse-rust::integration api_placeholder_contract_p1p2_tests::test_burn_after_read_contract_rejects_non_members
TRY 3 TRMNTG [>120.000s] (─────────) synapse-rust::integration api_placeholder_contract_p0_tests::test_room_key_distribution_contract_rejects_client_access_without_session
   TRY 3 TMT [ 120.008s] ( 204/1396) synapse-rust::integration api_placeholder_contract_p0_tests::test_room_key_distribution_contract_rejects_client_access_without_session
  stdout ───

    running 1 test
    test api_placeholder_contract_p0_tests::test_room_key_distribution_contract_rejects_client_access_without_session has been running for over 60 seconds

    (test timed out)

TRY 1 TRMNTG [>120.000s] (─────────) synapse-rust::integration api_placeholder_contract_p1p2_tests::test_anti_screenshot_read_contract_rejects_non_members
   TRY 1 TMT [ 120.009s] (─────────) synapse-rust::integration api_placeholder_contract_p1p2_tests::test_anti_screenshot_read_contract_rejects_non_members
  stdout ───

    running 1 test
    test api_placeholder_contract_p1p2_tests::test_anti_screenshot_read_contract_rejects_non_members has been running for over 60 seconds

    (test timed out)

TRY 3 TRMNTG [>120.000s] (─────────) synapse-rust::integration api_placeholder_contract_p0_tests::test_room_key_distribution_contract_rejects_members_even_with_session
   TRY 3 TMT [ 120.009s] ( 205/1396) synapse-rust::integration api_placeholder_contract_p0_tests::test_room_key_distribution_contract_rejects_members_even_with_session
  stdout ───

    running 1 test
    test api_placeholder_contract_p0_tests::test_room_key_distribution_contract_rejects_members_even_with_session has been running for over 60 seconds

    (test timed out)

        SLOW [> 60.000s] (─────────) synapse-rust::integration api_placeholder_contract_p1p2_tests::test_get_state_event_empty_key_returns_raw_content_only
  TRY 3 SLOW [> 60.000s] (─────────) synapse-rust::integration api_placeholder_contract_p0_tests::test_room_thread_contract_returns_replies_when_thread_exists
TRY 2 TRMNTG [>120.000s] (─────────) synapse-rust::integration api_placeholder_contract_p0_tests::test_thirdparty_contract_rejects_builtin_irc_placeholders
   TRY 2 TMT [ 120.009s] (─────────) synapse-rust::integration api_placeholder_contract_p0_tests::test_thirdparty_contract_rejects_builtin_irc_placeholders
  stdout ───

    running 1 test
    test api_placeholder_contract_p0_tests::test_thirdparty_contract_rejects_builtin_irc_placeholders has been running for over 60 seconds

    (test timed out)

        SLOW [> 60.000s] (─────────) synapse-rust::integration api_placeholder_contract_p1p2_tests::test_get_state_event_with_state_key_returns_raw_content_only
        SLOW [> 60.000s] (─────────) synapse-rust::integration api_placeholder_contract_p1p2_tests::test_invite_only_join_contract_rejects_uninvited_user
        SLOW [> 60.000s] (─────────) synapse-rust::integration api_placeholder_contract_p1p2_tests::test_membership_events_contract_rejects_non_members
  TRY 3 PASS [  55.361s] ( 206/1396) synapse-rust::integration api_placeholder_contract_p0_tests::test_thirdparty_contract_rejects_builtin_irc_placeholders
           - test configured to fail if flaky
  TRY 2 SLOW [> 60.000s] (─────────) synapse-rust::integration api_placeholder_contract_p1p2_tests::test_anti_screenshot_read_contract_rejects_non_members
        SLOW [> 60.000s] (─────────) synapse-rust::integration api_placeholder_contract_p1p2_tests::test_pin_event_contract_rejects_non_members
TRY 1 TRMNTG [>120.000s] (─────────) synapse-rust::integration api_placeholder_contract_p1p2_tests::test_get_state_event_empty_key_returns_raw_content_only
   TRY 1 TMT [ 120.007s] (─────────) synapse-rust::integration api_placeholder_contract_p1p2_tests::test_get_state_event_empty_key_returns_raw_content_only
  stdout ───

    running 1 test
    test api_placeholder_contract_p1p2_tests::test_get_state_event_empty_key_returns_raw_content_only has been running for over 60 seconds

    (test timed out)

TRY 3 TRMNTG [>120.000s] (─────────) synapse-rust::integration api_placeholder_contract_p0_tests::test_room_thread_contract_returns_replies_when_thread_exists
   TRY 3 TMT [ 120.007s] ( 207/1396) synapse-rust::integration api_placeholder_contract_p0_tests::test_room_thread_contract_returns_replies_when_thread_exists
  stdout ───

    running 1 test
    test api_placeholder_contract_p0_tests::test_room_thread_contract_returns_replies_when_thread_exists has been running for over 60 seconds

    (test timed out)

TRY 1 TRMNTG [>120.000s] (─────────) synapse-rust::integration api_placeholder_contract_p1p2_tests::test_get_state_event_with_state_key_returns_raw_content_only
   TRY 1 TMT [ 120.009s] (─────────) synapse-rust::integration api_placeholder_contract_p1p2_tests::test_get_state_event_with_state_key_returns_raw_content_only
  stdout ───

    running 1 test
    test api_placeholder_contract_p1p2_tests::test_get_state_event_with_state_key_returns_raw_content_only has been running for over 60 seconds

    (test timed out)

TRY 1 TRMNTG [>120.000s] (─────────) synapse-rust::integration api_placeholder_contract_p1p2_tests::test_invite_only_join_contract_rejects_uninvited_user
   TRY 1 TMT [ 120.008s] (─────────) synapse-rust::integration api_placeholder_contract_p1p2_tests::test_invite_only_join_contract_rejects_uninvited_user
  stdout ───

    running 1 test
    test api_placeholder_contract_p1p2_tests::test_invite_only_join_contract_rejects_uninvited_user has been running for over 60 seconds

    (test timed out)

TRY 1 TRMNTG [>120.000s] (─────────) synapse-rust::integration api_placeholder_contract_p1p2_tests::test_membership_events_contract_rejects_non_members
   TRY 1 TMT [ 120.010s] (─────────) synapse-rust::integration api_placeholder_contract_p1p2_tests::test_membership_events_contract_rejects_non_members
  stdout ───

    running 1 test
    test api_placeholder_contract_p1p2_tests::test_membership_events_contract_rejects_non_members has been running for over 60 seconds

    (test timed out)

        SLOW [> 60.000s] (─────────) synapse-rust::integration api_placeholder_contract_p1p2_tests::test_pin_event_contract_rejects_regular_members_without_power
TRY 2 TRMNTG [>120.000s] (─────────) synapse-rust::integration api_placeholder_contract_p1p2_tests::test_anti_screenshot_read_contract_rejects_non_members
   TRY 2 TMT [ 120.009s] (─────────) synapse-rust::integration api_placeholder_contract_p1p2_tests::test_anti_screenshot_read_contract_rejects_non_members
  stdout ───

    running 1 test
    test api_placeholder_contract_p1p2_tests::test_anti_screenshot_read_contract_rejects_non_members has been running for over 60 seconds

    (test timed out)

TRY 1 TRMNTG [>120.000s] (─────────) synapse-rust::integration api_placeholder_contract_p1p2_tests::test_pin_event_contract_rejects_non_members
   TRY 1 TMT [ 120.007s] (─────────) synapse-rust::integration api_placeholder_contract_p1p2_tests::test_pin_event_contract_rejects_non_members
  stdout ───

    running 1 test
    test api_placeholder_contract_p1p2_tests::test_pin_event_contract_rejects_non_members has been running for over 60 seconds

    (test timed out)

  TRY 2 SLOW [> 60.000s] (─────────) synapse-rust::integration api_placeholder_contract_p1p2_tests::test_get_state_event_empty_key_returns_raw_content_only
        SLOW [> 60.000s] (─────────) synapse-rust::integration api_placeholder_contract_p1p2_tests::test_pinned_events_contract_rejects_non_members
  TRY 2 SLOW [> 60.000s] (─────────) synapse-rust::integration api_placeholder_contract_p1p2_tests::test_get_state_event_with_state_key_returns_raw_content_only
  TRY 2 PASS [  89.471s] ( 208/1396) synapse-rust::integration api_placeholder_contract_p1p2_tests::test_get_state_event_empty_key_returns_raw_content_only
           - test configured to fail if flaky
  TRY 2 SLOW [> 60.000s] (─────────) synapse-rust::integration api_placeholder_contract_p1p2_tests::test_invite_only_join_contract_rejects_uninvited_user
  TRY 2 SLOW [> 60.000s] (─────────) synapse-rust::integration api_placeholder_contract_p1p2_tests::test_membership_events_contract_rejects_non_members
TRY 1 TRMNTG [>120.000s] (─────────) synapse-rust::integration api_placeholder_contract_p1p2_tests::test_pin_event_contract_rejects_regular_members_without_power
   TRY 1 TMT [ 120.009s] (─────────) synapse-rust::integration api_placeholder_contract_p1p2_tests::test_pin_event_contract_rejects_regular_members_without_power
  stdout ───

    running 1 test
    test api_placeholder_contract_p1p2_tests::test_pin_event_contract_rejects_regular_members_without_power has been running for over 60 seconds

    (test timed out)

  TRY 3 SLOW [> 60.000s] (─────────) synapse-rust::integration api_placeholder_contract_p1p2_tests::test_anti_screenshot_read_contract_rejects_non_members
  TRY 2 SLOW [> 60.000s] (─────────) synapse-rust::integration api_placeholder_contract_p1p2_tests::test_pin_event_contract_rejects_non_members
TRY 1 TRMNTG [>120.000s] (─────────) synapse-rust::integration api_placeholder_contract_p1p2_tests::test_pinned_events_contract_rejects_non_members
   TRY 1 TMT [ 120.008s] (─────────) synapse-rust::integration api_placeholder_contract_p1p2_tests::test_pinned_events_contract_rejects_non_members
  stdout ───

    running 1 test
    test api_placeholder_contract_p1p2_tests::test_pinned_events_contract_rejects_non_members has been running for over 60 seconds

    (test timed out)

TRY 2 TRMNTG [>120.000s] (─────────) synapse-rust::integration api_placeholder_contract_p1p2_tests::test_get_state_event_with_state_key_returns_raw_content_only
   TRY 2 TMT [ 120.010s] (─────────) synapse-rust::integration api_placeholder_contract_p1p2_tests::test_get_state_event_with_state_key_returns_raw_content_only
  stdout ───

    running 1 test
    test api_placeholder_contract_p1p2_tests::test_get_state_event_with_state_key_returns_raw_content_only has been running for over 60 seconds

    (test timed out)

        SLOW [> 60.000s] (─────────) synapse-rust::integration api_placeholder_contract_p1p2_tests::test_power_levels_contract_allows_explicit_room_admin_to_kick
TRY 2 TRMNTG [>120.000s] (─────────) synapse-rust::integration api_placeholder_contract_p1p2_tests::test_invite_only_join_contract_rejects_uninvited_user
   TRY 2 TMT [ 120.007s] (─────────) synapse-rust::integration api_placeholder_contract_p1p2_tests::test_invite_only_join_contract_rejects_uninvited_user
  stdout ───

    running 1 test
    test api_placeholder_contract_p1p2_tests::test_invite_only_join_contract_rejects_uninvited_user has been running for over 60 seconds

    (test timed out)

TRY 2 TRMNTG [>120.000s] (─────────) synapse-rust::integration api_placeholder_contract_p1p2_tests::test_membership_events_contract_rejects_non_members
   TRY 2 TMT [ 120.009s] (─────────) synapse-rust::integration api_placeholder_contract_p1p2_tests::test_membership_events_contract_rejects_non_members
  stdout ───

    running 1 test
    test api_placeholder_contract_p1p2_tests::test_membership_events_contract_rejects_non_members has been running for over 60 seconds

    (test timed out)

  TRY 2 PASS [  34.532s] ( 209/1396) synapse-rust::integration api_placeholder_contract_p1p2_tests::test_pin_event_contract_rejects_regular_members_without_power
           - test configured to fail if flaky
TRY 3 TRMNTG [>120.000s] (─────────) synapse-rust::integration api_placeholder_contract_p1p2_tests::test_anti_screenshot_read_contract_rejects_non_members
   TRY 3 TMT [ 120.006s] ( 210/1396) synapse-rust::integration api_placeholder_contract_p1p2_tests::test_anti_screenshot_read_contract_rejects_non_members
  stdout ───

    running 1 test
    test api_placeholder_contract_p1p2_tests::test_anti_screenshot_read_contract_rejects_non_members has been running for over 60 seconds

    (test timed out)

TRY 2 TRMNTG [>120.000s] (─────────) synapse-rust::integration api_placeholder_contract_p1p2_tests::test_pin_event_contract_rejects_non_members
   TRY 2 TMT [ 120.007s] (─────────) synapse-rust::integration api_placeholder_contract_p1p2_tests::test_pin_event_contract_rejects_non_members
  stdout ───

    running 1 test
    test api_placeholder_contract_p1p2_tests::test_pin_event_contract_rejects_non_members has been running for over 60 seconds

    (test timed out)

  TRY 2 SLOW [> 60.000s] (─────────) synapse-rust::integration api_placeholder_contract_p1p2_tests::test_pinned_events_contract_rejects_non_members
  TRY 3 SLOW [> 60.000s] (─────────) synapse-rust::integration api_placeholder_contract_p1p2_tests::test_get_state_event_with_state_key_returns_raw_content_only
TRY 1 TRMNTG [>120.000s] (─────────) synapse-rust::integration api_placeholder_contract_p1p2_tests::test_power_levels_contract_allows_explicit_room_admin_to_kick
   TRY 1 TMT [ 120.007s] (─────────) synapse-rust::integration api_placeholder_contract_p1p2_tests::test_power_levels_contract_allows_explicit_room_admin_to_kick
  stdout ───

    running 1 test
    test api_placeholder_contract_p1p2_tests::test_power_levels_contract_allows_explicit_room_admin_to_kick has been running for over 60 seconds

    (test timed out)

  TRY 3 SLOW [> 60.000s] (─────────) synapse-rust::integration api_placeholder_contract_p1p2_tests::test_invite_only_join_contract_rejects_uninvited_user
  TRY 2 PASS [  90.026s] ( 211/1396) synapse-rust::integration api_placeholder_contract_p1p2_tests::test_pinned_events_contract_rejects_non_members
           - test configured to fail if flaky
  TRY 3 SLOW [> 60.000s] (─────────) synapse-rust::integration api_placeholder_contract_p1p2_tests::test_membership_events_contract_rejects_non_members
        SLOW [> 60.000s] (─────────) synapse-rust::integration api_placeholder_contract_p1p2_tests::test_power_levels_contract_rejects_non_members
        SLOW [> 60.000s] (─────────) synapse-rust::integration api_placeholder_contract_p1p2_tests::test_protected_state_events_contract_rejects_regular_members
  TRY 3 SLOW [> 60.000s] (─────────) synapse-rust::integration api_placeholder_contract_p1p2_tests::test_pin_event_contract_rejects_non_members
  TRY 3 PASS [  63.646s] ( 212/1396) synapse-rust::integration api_placeholder_contract_p1p2_tests::test_pin_event_contract_rejects_non_members
           - test configured to fail if flaky
TRY 3 TRMNTG [>120.000s] (─────────) synapse-rust::integration api_placeholder_contract_p1p2_tests::test_get_state_event_with_state_key_returns_raw_content_only
   TRY 3 TMT [ 120.008s] ( 213/1396) synapse-rust::integration api_placeholder_contract_p1p2_tests::test_get_state_event_with_state_key_returns_raw_content_only
  stdout ───

    running 1 test
    test api_placeholder_contract_p1p2_tests::test_get_state_event_with_state_key_returns_raw_content_only has been running for over 60 seconds

    (test timed out)

  TRY 2 SLOW [> 60.000s] (─────────) synapse-rust::integration api_placeholder_contract_p1p2_tests::test_power_levels_contract_allows_explicit_room_admin_to_kick
TRY 3 TRMNTG [>120.000s] (─────────) synapse-rust::integration api_placeholder_contract_p1p2_tests::test_invite_only_join_contract_rejects_uninvited_user
   TRY 3 TMT [ 120.007s] ( 214/1396) synapse-rust::integration api_placeholder_contract_p1p2_tests::test_invite_only_join_contract_rejects_uninvited_user
  stdout ───

    running 1 test
    test api_placeholder_contract_p1p2_tests::test_invite_only_join_contract_rejects_uninvited_user has been running for over 60 seconds

    (test timed out)

        SLOW [> 60.000s] (─────────) synapse-rust::integration api_placeholder_contract_p1p2_tests::test_room_account_data_write_ack_persists_value
TRY 3 TRMNTG [>120.000s] (─────────) synapse-rust::integration api_placeholder_contract_p1p2_tests::test_membership_events_contract_rejects_non_members
   TRY 3 TMT [ 120.007s] ( 215/1396) synapse-rust::integration api_placeholder_contract_p1p2_tests::test_membership_events_contract_rejects_non_members
  stdout ───

    running 1 test
    test api_placeholder_contract_p1p2_tests::test_membership_events_contract_rejects_non_members has been running for over 60 seconds

    (test timed out)

TRY 1 TRMNTG [>120.000s] (─────────) synapse-rust::integration api_placeholder_contract_p1p2_tests::test_power_levels_contract_rejects_non_members
   TRY 1 TMT [ 120.009s] (─────────) synapse-rust::integration api_placeholder_contract_p1p2_tests::test_power_levels_contract_rejects_non_members
  stdout ───

    running 1 test
    test api_placeholder_contract_p1p2_tests::test_power_levels_contract_rejects_non_members has been running for over 60 seconds

    (test timed out)

TRY 1 TRMNTG [>120.000s] (─────────) synapse-rust::integration api_placeholder_contract_p1p2_tests::test_protected_state_events_contract_rejects_regular_members
   TRY 1 TMT [ 120.008s] (─────────) synapse-rust::integration api_placeholder_contract_p1p2_tests::test_protected_state_events_contract_rejects_regular_members
  stdout ───

    running 1 test
    test api_placeholder_contract_p1p2_tests::test_protected_state_events_contract_rejects_regular_members has been running for over 60 seconds

    (test timed out)

        SLOW [> 60.000s] (─────────) synapse-rust::integration api_placeholder_contract_p1p2_tests::test_room_info_contract_reflects_invites_and_guest_access
        PASS [  59.825s] ( 216/1396) synapse-rust::integration api_placeholder_contract_p1p2_tests::test_room_members_recent_contract_uses_coherent_index_tokens
TRY 2 TRMNTG [>120.000s] (─────────) synapse-rust::integration api_placeholder_contract_p1p2_tests::test_power_levels_contract_allows_explicit_room_admin_to_kick
   TRY 2 TMT [ 120.007s] (─────────) synapse-rust::integration api_placeholder_contract_p1p2_tests::test_power_levels_contract_allows_explicit_room_admin_to_kick
  stdout ───

    running 1 test
    test api_placeholder_contract_p1p2_tests::test_power_levels_contract_allows_explicit_room_admin_to_kick has been running for over 60 seconds

    (test timed out)

        SLOW [> 60.000s] (─────────) synapse-rust::integration api_placeholder_contract_p1p2_tests::test_scanner_info_contract_is_not_empty_success
TRY 1 TRMNTG [>120.000s] (─────────) synapse-rust::integration api_placeholder_contract_p1p2_tests::test_room_account_data_write_ack_persists_value
   TRY 1 TMT [ 120.007s] (─────────) synapse-rust::integration api_placeholder_contract_p1p2_tests::test_room_account_data_write_ack_persists_value
  stdout ───

    running 1 test
    test api_placeholder_contract_p1p2_tests::test_room_account_data_write_ack_persists_value has been running for over 60 seconds

    (test timed out)

        SLOW [> 60.000s] (─────────) synapse-rust::integration api_placeholder_contract_p1p2_tests::test_scanner_info_contract_rejects_non_members
  TRY 2 SLOW [> 60.000s] (─────────) synapse-rust::integration api_placeholder_contract_p1p2_tests::test_power_levels_contract_rejects_non_members
  TRY 2 SLOW [> 60.000s] (─────────) synapse-rust::integration api_placeholder_contract_p1p2_tests::test_protected_state_events_contract_rejects_regular_members
  TRY 2 PASS [  60.925s] ( 217/1396) synapse-rust::integration api_placeholder_contract_p1p2_tests::test_protected_state_events_contract_rejects_regular_members
           - test configured to fail if flaky
TRY 1 TRMNTG [>120.000s] (─────────) synapse-rust::integration api_placeholder_contract_p1p2_tests::test_room_info_contract_reflects_invites_and_guest_access
   TRY 1 TMT [ 120.009s] (─────────) synapse-rust::integration api_placeholder_contract_p1p2_tests::test_room_info_contract_reflects_invites_and_guest_access
  stdout ───

    running 1 test
    test api_placeholder_contract_p1p2_tests::test_room_info_contract_reflects_invites_and_guest_access has been running for over 60 seconds

    (test timed out)

        SLOW [> 60.000s] (─────────) synapse-rust::integration api_placeholder_contract_p1p2_tests::test_search_rooms_contract_allows_members_to_find_joined_private_rooms
  TRY 3 SLOW [> 60.000s] (─────────) synapse-rust::integration api_placeholder_contract_p1p2_tests::test_power_levels_contract_allows_explicit_room_admin_to_kick
TRY 1 TRMNTG [>120.000s] (─────────) synapse-rust::integration api_placeholder_contract_p1p2_tests::test_scanner_info_contract_is_not_empty_success
   TRY 1 TMT [ 120.005s] (─────────) synapse-rust::integration api_placeholder_contract_p1p2_tests::test_scanner_info_contract_is_not_empty_success
  stdout ───

    running 1 test
    test api_placeholder_contract_p1p2_tests::test_scanner_info_contract_is_not_empty_success has been running for over 60 seconds

    (test timed out)

  TRY 2 SLOW [> 60.000s] (─────────) synapse-rust::integration api_placeholder_contract_p1p2_tests::test_room_account_data_write_ack_persists_value
TRY 1 TRMNTG [>120.000s] (─────────) synapse-rust::integration api_placeholder_contract_p1p2_tests::test_scanner_info_contract_rejects_non_members
   TRY 1 TMT [ 120.007s] (─────────) synapse-rust::integration api_placeholder_contract_p1p2_tests::test_scanner_info_contract_rejects_non_members
  stdout ───

    running 1 test
    test api_placeholder_contract_p1p2_tests::test_scanner_info_contract_rejects_non_members has been running for over 60 seconds

    (test timed out)

TRY 2 TRMNTG [>120.000s] (─────────) synapse-rust::integration api_placeholder_contract_p1p2_tests::test_power_levels_contract_rejects_non_members
   TRY 2 TMT [ 120.008s] (─────────) synapse-rust::integration api_placeholder_contract_p1p2_tests::test_power_levels_contract_rejects_non_members
  stdout ───

    running 1 test
    test api_placeholder_contract_p1p2_tests::test_power_levels_contract_rejects_non_members has been running for over 60 seconds

    (test timed out)

        SLOW [> 60.000s] (─────────) synapse-rust::integration api_placeholder_contract_p1p2_tests::test_search_rooms_contract_hides_private_rooms_from_outsiders
  TRY 2 SLOW [> 60.000s] (─────────) synapse-rust::integration api_placeholder_contract_p1p2_tests::test_room_info_contract_reflects_invites_and_guest_access
  TRY 3 PASS [  31.525s] ( 218/1396) synapse-rust::integration api_placeholder_contract_p1p2_tests::test_power_levels_contract_rejects_non_members
           - test configured to fail if flaky
TRY 1 TRMNTG [>120.000s] (─────────) synapse-rust::integration api_placeholder_contract_p1p2_tests::test_search_rooms_contract_allows_members_to_find_joined_private_rooms
   TRY 1 TMT [ 120.007s] (─────────) synapse-rust::integration api_placeholder_contract_p1p2_tests::test_search_rooms_contract_allows_members_to_find_joined_private_rooms
  stdout ───

    running 1 test
    test api_placeholder_contract_p1p2_tests::test_search_rooms_contract_allows_members_to_find_joined_private_rooms has been running for over 60 seconds

    (test timed out)

TRY 3 TRMNTG [>120.000s] (─────────) synapse-rust::integration api_placeholder_contract_p1p2_tests::test_power_levels_contract_allows_explicit_room_admin_to_kick
   TRY 3 TMT [ 120.008s] ( 219/1396) synapse-rust::integration api_placeholder_contract_p1p2_tests::test_power_levels_contract_allows_explicit_room_admin_to_kick
  stdout ───

    running 1 test
    test api_placeholder_contract_p1p2_tests::test_power_levels_contract_allows_explicit_room_admin_to_kick has been running for over 60 seconds

    (test timed out)

  TRY 2 SLOW [> 60.000s] (─────────) synapse-rust::integration api_placeholder_contract_p1p2_tests::test_scanner_info_contract_is_not_empty_success
TRY 2 TRMNTG [>120.000s] (─────────) synapse-rust::integration api_placeholder_contract_p1p2_tests::test_room_account_data_write_ack_persists_value
   TRY 2 TMT [ 120.007s] (─────────) synapse-rust::integration api_placeholder_contract_p1p2_tests::test_room_account_data_write_ack_persists_value
  stdout ───

    running 1 test
    test api_placeholder_contract_p1p2_tests::test_room_account_data_write_ack_persists_value has been running for over 60 seconds

    (test timed out)

  TRY 2 SLOW [> 60.000s] (─────────) synapse-rust::integration api_placeholder_contract_p1p2_tests::test_scanner_info_contract_rejects_non_members
TRY 1 TRMNTG [>120.000s] (─────────) synapse-rust::integration api_placeholder_contract_p1p2_tests::test_search_rooms_contract_hides_private_rooms_from_outsiders
   TRY 1 TMT [ 120.008s] (─────────) synapse-rust::integration api_placeholder_contract_p1p2_tests::test_search_rooms_contract_hides_private_rooms_from_outsiders
  stdout ───

    running 1 test
    test api_placeholder_contract_p1p2_tests::test_search_rooms_contract_hides_private_rooms_from_outsiders has been running for over 60 seconds

    (test timed out)

  TRY 2 PASS [  90.932s] ( 220/1396) synapse-rust::integration api_placeholder_contract_p1p2_tests::test_scanner_info_contract_is_not_empty_success
           - test configured to fail if flaky
TRY 2 TRMNTG [>120.000s] (─────────) synapse-rust::integration api_placeholder_contract_p1p2_tests::test_room_info_contract_reflects_invites_and_guest_access
   TRY 2 TMT [ 120.006s] (─────────) synapse-rust::integration api_placeholder_contract_p1p2_tests::test_room_info_contract_reflects_invites_and_guest_access
  stdout ───

    running 1 test
    test api_placeholder_contract_p1p2_tests::test_room_info_contract_reflects_invites_and_guest_access has been running for over 60 seconds

    (test timed out)

        SLOW [> 60.000s] (─────────) synapse-rust::integration api_placeholder_contract_p1p2_tests::test_state_default_contract_rejects_regular_member_topic_write
  TRY 2 SLOW [> 60.000s] (─────────) synapse-rust::integration api_placeholder_contract_p1p2_tests::test_search_rooms_contract_allows_members_to_find_joined_private_rooms
        SLOW [> 60.000s] (─────────) synapse-rust::integration api_profile_tests::test_account_routes_work_across_r0_and_v3
  TRY 3 SLOW [> 60.000s] (─────────) synapse-rust::integration api_placeholder_contract_p1p2_tests::test_room_account_data_write_ack_persists_value
        PASS [  61.712s] ( 221/1396) synapse-rust::integration api_profile_tests::test_account_routes_work_across_r0_and_v3
TRY 2 TRMNTG [>120.000s] (─────────) synapse-rust::integration api_placeholder_contract_p1p2_tests::test_scanner_info_contract_rejects_non_members
   TRY 2 TMT [ 120.008s] (─────────) synapse-rust::integration api_placeholder_contract_p1p2_tests::test_scanner_info_contract_rejects_non_members
  stdout ───

    running 1 test
    test api_placeholder_contract_p1p2_tests::test_scanner_info_contract_rejects_non_members has been running for over 60 seconds

    (test timed out)

  TRY 2 SLOW [> 60.000s] (─────────) synapse-rust::integration api_placeholder_contract_p1p2_tests::test_search_rooms_contract_hides_private_rooms_from_outsiders
        SLOW [> 60.000s] (─────────) synapse-rust::integration api_profile_tests::test_admin_cannot_update_another_users_profile_via_client_api
  TRY 3 SLOW [> 60.000s] (─────────) synapse-rust::integration api_placeholder_contract_p1p2_tests::test_room_info_contract_reflects_invites_and_guest_access
TRY 1 TRMNTG [>120.000s] (─────────) synapse-rust::integration api_placeholder_contract_p1p2_tests::test_state_default_contract_rejects_regular_member_topic_write
   TRY 1 TMT [ 120.008s] (─────────) synapse-rust::integration api_placeholder_contract_p1p2_tests::test_state_default_contract_rejects_regular_member_topic_write
  stdout ───

    running 1 test
    test api_placeholder_contract_p1p2_tests::test_state_default_contract_rejects_regular_member_topic_write has been running for over 60 seconds

    (test timed out)

TRY 2 TRMNTG [>120.000s] (─────────) synapse-rust::integration api_placeholder_contract_p1p2_tests::test_search_rooms_contract_allows_members_to_find_joined_private_rooms
   TRY 2 TMT [ 120.008s] (─────────) synapse-rust::integration api_placeholder_contract_p1p2_tests::test_search_rooms_contract_allows_members_to_find_joined_private_rooms
  stdout ───

    running 1 test
    test api_placeholder_contract_p1p2_tests::test_search_rooms_contract_allows_members_to_find_joined_private_rooms has been running for over 60 seconds

    (test timed out)

TRY 3 TRMNTG [>120.000s] (─────────) synapse-rust::integration api_placeholder_contract_p1p2_tests::test_room_account_data_write_ack_persists_value
   TRY 3 TMT [ 120.006s] ( 222/1396) synapse-rust::integration api_placeholder_contract_p1p2_tests::test_room_account_data_write_ack_persists_value
  stdout ───

    running 1 test
    test api_placeholder_contract_p1p2_tests::test_room_account_data_write_ack_persists_value has been running for over 60 seconds

    (test timed out)

        SLOW [> 60.000s] (─────────) synapse-rust::integration api_profile_tests::test_client_search_users_respects_profile_visibility
  TRY 3 SLOW [> 60.000s] (─────────) synapse-rust::integration api_placeholder_contract_p1p2_tests::test_scanner_info_contract_rejects_non_members
TRY 2 TRMNTG [>120.000s] (─────────) synapse-rust::integration api_placeholder_contract_p1p2_tests::test_search_rooms_contract_hides_private_rooms_from_outsiders
   TRY 2 TMT [ 120.008s] (─────────) synapse-rust::integration api_placeholder_contract_p1p2_tests::test_search_rooms_contract_hides_private_rooms_from_outsiders
  stdout ───

    running 1 test
    test api_placeholder_contract_p1p2_tests::test_search_rooms_contract_hides_private_rooms_from_outsiders has been running for over 60 seconds

    (test timed out)

TRY 1 TRMNTG [>120.000s] (─────────) synapse-rust::integration api_profile_tests::test_admin_cannot_update_another_users_profile_via_client_api
   TRY 1 TMT [ 120.007s] (─────────) synapse-rust::integration api_profile_tests::test_admin_cannot_update_another_users_profile_via_client_api
  stdout ───

    running 1 test
    test api_profile_tests::test_admin_cannot_update_another_users_profile_via_client_api has been running for over 60 seconds

    (test timed out)

  TRY 3 PASS [  90.551s] ( 223/1396) synapse-rust::integration api_placeholder_contract_p1p2_tests::test_scanner_info_contract_rejects_non_members
           - test configured to fail if flaky
TRY 3 TRMNTG [>120.000s] (─────────) synapse-rust::integration api_placeholder_contract_p1p2_tests::test_room_info_contract_reflects_invites_and_guest_access
   TRY 3 TMT [ 120.007s] ( 224/1396) synapse-rust::integration api_placeholder_contract_p1p2_tests::test_room_info_contract_reflects_invites_and_guest_access
  stdout ───

    running 1 test
    test api_placeholder_contract_p1p2_tests::test_room_info_contract_reflects_invites_and_guest_access has been running for over 60 seconds

    (test timed out)

  TRY 2 SLOW [> 60.000s] (─────────) synapse-rust::integration api_placeholder_contract_p1p2_tests::test_state_default_contract_rejects_regular_member_topic_write
  TRY 3 SLOW [> 60.000s] (─────────) synapse-rust::integration api_placeholder_contract_p1p2_tests::test_search_rooms_contract_allows_members_to_find_joined_private_rooms
        SLOW [> 60.000s] (─────────) synapse-rust::integration api_profile_tests::test_msc4133_extended_profile_fields_support_crud_and_visibility
TRY 1 TRMNTG [>120.000s] (─────────) synapse-rust::integration api_profile_tests::test_client_search_users_respects_profile_visibility
   TRY 1 TMT [ 120.010s] (─────────) synapse-rust::integration api_profile_tests::test_client_search_users_respects_profile_visibility
  stdout ───

    running 1 test
    test api_profile_tests::test_client_search_users_respects_profile_visibility has been running for over 60 seconds

    (test timed out)

  TRY 3 SLOW [> 60.000s] (─────────) synapse-rust::integration api_placeholder_contract_p1p2_tests::test_search_rooms_contract_hides_private_rooms_from_outsiders
  TRY 2 PASS [  59.267s] ( 225/1396) synapse-rust::integration api_profile_tests::test_admin_cannot_update_another_users_profile_via_client_api
           - test configured to fail if flaky
        SLOW [> 60.000s] (─────────) synapse-rust::integration api_profile_tests::test_private_profile_subfields_follow_profile_visibility
        SLOW [> 60.000s] (─────────) synapse-rust::integration api_profile_tests::test_profile_validation_fixes
TRY 2 TRMNTG [>120.000s] (─────────) synapse-rust::integration api_placeholder_contract_p1p2_tests::test_state_default_contract_rejects_regular_member_topic_write
   TRY 2 TMT [ 120.009s] (─────────) synapse-rust::integration api_placeholder_contract_p1p2_tests::test_state_default_contract_rejects_regular_member_topic_write
  stdout ───

    running 1 test
    test api_placeholder_contract_p1p2_tests::test_state_default_contract_rejects_regular_member_topic_write has been running for over 60 seconds

    (test timed out)

TRY 3 TRMNTG [>120.000s] (─────────) synapse-rust::integration api_placeholder_contract_p1p2_tests::test_search_rooms_contract_allows_members_to_find_joined_private_rooms
   TRY 3 TMT [ 120.007s] ( 226/1396) synapse-rust::integration api_placeholder_contract_p1p2_tests::test_search_rooms_contract_allows_members_to_find_joined_private_rooms
  stdout ───

    running 1 test
    test api_placeholder_contract_p1p2_tests::test_search_rooms_contract_allows_members_to_find_joined_private_rooms has been running for over 60 seconds

    (test timed out)

TRY 1 TRMNTG [>120.000s] (─────────) synapse-rust::integration api_profile_tests::test_msc4133_extended_profile_fields_support_crud_and_visibility
   TRY 1 TMT [ 120.006s] (─────────) synapse-rust::integration api_profile_tests::test_msc4133_extended_profile_fields_support_crud_and_visibility
  stdout ───

    running 1 test
    test api_profile_tests::test_msc4133_extended_profile_fields_support_crud_and_visibility has been running for over 60 seconds

    (test timed out)

  TRY 2 SLOW [> 60.000s] (─────────) synapse-rust::integration api_profile_tests::test_client_search_users_respects_profile_visibility
  TRY 2 PASS [  60.931s] ( 227/1396) synapse-rust::integration api_profile_tests::test_client_search_users_respects_profile_visibility
           - test configured to fail if flaky
TRY 3 TRMNTG [>120.000s] (─────────) synapse-rust::integration api_placeholder_contract_p1p2_tests::test_search_rooms_contract_hides_private_rooms_from_outsiders
   TRY 3 TMT [ 120.011s] ( 228/1396) synapse-rust::integration api_placeholder_contract_p1p2_tests::test_search_rooms_contract_hides_private_rooms_from_outsiders
  stdout ───

    running 1 test
    test api_placeholder_contract_p1p2_tests::test_search_rooms_contract_hides_private_rooms_from_outsiders has been running for over 60 seconds

    (test timed out)

        SLOW [> 60.000s] (─────────) synapse-rust::integration api_profile_tests::test_search_recipients_respects_profile_visibility
TRY 1 TRMNTG [>120.000s] (─────────) synapse-rust::integration api_profile_tests::test_private_profile_subfields_follow_profile_visibility
   TRY 1 TMT [ 120.008s] (─────────) synapse-rust::integration api_profile_tests::test_private_profile_subfields_follow_profile_visibility
  stdout ───

    running 1 test
    test api_profile_tests::test_private_profile_subfields_follow_profile_visibility has been running for over 60 seconds

    (test timed out)

TRY 1 TRMNTG [>120.000s] (─────────) synapse-rust::integration api_profile_tests::test_profile_validation_fixes
   TRY 1 TMT [ 120.009s] (─────────) synapse-rust::integration api_profile_tests::test_profile_validation_fixes
  stdout ───

    running 1 test
    test api_profile_tests::test_profile_validation_fixes has been running for over 60 seconds

    (test timed out)

  TRY 3 SLOW [> 60.000s] (─────────) synapse-rust::integration api_placeholder_contract_p1p2_tests::test_state_default_contract_rejects_regular_member_topic_write
        SLOW [> 60.000s] (─────────) synapse-rust::integration api_profile_tests::test_user_directory_profile_respects_profile_visibility
  TRY 2 SLOW [> 60.000s] (─────────) synapse-rust::integration api_profile_tests::test_msc4133_extended_profile_fields_support_crud_and_visibility
        SLOW [> 60.000s] (─────────) synapse-rust::integration api_profile_tests::test_user_directory_search_and_list_respect_profile_visibility
        SLOW [> 60.000s] (─────────) synapse-rust::integration api_protocol_alignment_tests::test_admin_delete_server_notice_cleans_room_artifacts
TRY 1 TRMNTG [>120.000s] (─────────) synapse-rust::integration api_profile_tests::test_search_recipients_respects_profile_visibility
   TRY 1 TMT [ 120.008s] (─────────) synapse-rust::integration api_profile_tests::test_search_recipients_respects_profile_visibility
  stdout ───

    running 1 test
    test api_profile_tests::test_search_recipients_respects_profile_visibility has been running for over 60 seconds

    (test timed out)

  TRY 2 SLOW [> 60.000s] (─────────) synapse-rust::integration api_profile_tests::test_private_profile_subfields_follow_profile_visibility
        PASS [  63.768s] ( 229/1396) synapse-rust::integration api_protocol_alignment_tests::test_admin_delete_server_notice_cleans_room_artifacts
  TRY 2 SLOW [> 60.000s] (─────────) synapse-rust::integration api_profile_tests::test_profile_validation_fixes
TRY 3 TRMNTG [>120.000s] (─────────) synapse-rust::integration api_placeholder_contract_p1p2_tests::test_state_default_contract_rejects_regular_member_topic_write
   TRY 3 TMT [ 120.007s] ( 230/1396) synapse-rust::integration api_placeholder_contract_p1p2_tests::test_state_default_contract_rejects_regular_member_topic_write
  stdout ───

    running 1 test
    test api_placeholder_contract_p1p2_tests::test_state_default_contract_rejects_regular_member_topic_write has been running for over 60 seconds

    (test timed out)

TRY 1 TRMNTG [>120.000s] (─────────) synapse-rust::integration api_profile_tests::test_user_directory_profile_respects_profile_visibility
   TRY 1 TMT [ 120.006s] (─────────) synapse-rust::integration api_profile_tests::test_user_directory_profile_respects_profile_visibility
  stdout ───

    running 1 test
    test api_profile_tests::test_user_directory_profile_respects_profile_visibility has been running for over 60 seconds

    (test timed out)

TRY 2 TRMNTG [>120.000s] (─────────) synapse-rust::integration api_profile_tests::test_msc4133_extended_profile_fields_support_crud_and_visibility
   TRY 2 TMT [ 120.007s] (─────────) synapse-rust::integration api_profile_tests::test_msc4133_extended_profile_fields_support_crud_and_visibility
  stdout ───

    running 1 test
    test api_profile_tests::test_msc4133_extended_profile_fields_support_crud_and_visibility has been running for over 60 seconds

    (test timed out)

TRY 1 TRMNTG [>120.000s] (─────────) synapse-rust::integration api_profile_tests::test_user_directory_search_and_list_respect_profile_visibility
   TRY 1 TMT [ 120.007s] (─────────) synapse-rust::integration api_profile_tests::test_user_directory_search_and_list_respect_profile_visibility
  stdout ───

    running 1 test
    test api_profile_tests::test_user_directory_search_and_list_respect_profile_visibility has been running for over 60 seconds

    (test timed out)

  TRY 2 PASS [  91.424s] ( 231/1396) synapse-rust::integration api_profile_tests::test_profile_validation_fixes
           - test configured to fail if flaky
  TRY 2 SLOW [> 60.000s] (─────────) synapse-rust::integration api_profile_tests::test_search_recipients_respects_profile_visibility
TRY 2 TRMNTG [>120.000s] (─────────) synapse-rust::integration api_profile_tests::test_private_profile_subfields_follow_profile_visibility
   TRY 2 TMT [ 120.008s] (─────────) synapse-rust::integration api_profile_tests::test_private_profile_subfields_follow_profile_visibility
  stdout ───

    running 1 test
    test api_profile_tests::test_private_profile_subfields_follow_profile_visibility has been running for over 60 seconds

    (test timed out)

        SLOW [> 60.000s] (─────────) synapse-rust::integration api_protocol_alignment_tests::test_admin_pusher_query_requires_existing_user_and_returns_created_pushers
        SLOW [> 60.000s] (─────────) synapse-rust::integration api_protocol_alignment_tests::test_admin_room_search_enforces_matrix_forbidden_and_handles_special_terms
  TRY 2 SLOW [> 60.000s] (─────────) synapse-rust::integration api_profile_tests::test_user_directory_profile_respects_profile_visibility
  TRY 3 SLOW [> 60.000s] (─────────) synapse-rust::integration api_profile_tests::test_msc4133_extended_profile_fields_support_crud_and_visibility
  TRY 2 SLOW [> 60.000s] (─────────) synapse-rust::integration api_profile_tests::test_user_directory_search_and_list_respect_profile_visibility
        SLOW [> 60.000s] (─────────) synapse-rust::integration api_protocol_alignment_tests::test_admin_send_server_notice_persists_notice_for_target_user
TRY 2 TRMNTG [>120.000s] (─────────) synapse-rust::integration api_profile_tests::test_search_recipients_respects_profile_visibility
   TRY 2 TMT [ 120.007s] (─────────) synapse-rust::integration api_profile_tests::test_search_recipients_respects_profile_visibility
  stdout ───

    running 1 test
    test api_profile_tests::test_search_recipients_respects_profile_visibility has been running for over 60 seconds

    (test timed out)

        PASS [ 117.690s] ( 232/1396) synapse-rust::integration api_protocol_alignment_tests::test_admin_pusher_query_requires_existing_user_and_returns_created_pushers
  TRY 3 SLOW [> 60.000s] (─────────) synapse-rust::integration api_profile_tests::test_private_profile_subfields_follow_profile_visibility
TRY 1 TRMNTG [>120.000s] (─────────) synapse-rust::integration api_protocol_alignment_tests::test_admin_room_search_enforces_matrix_forbidden_and_handles_special_terms
   TRY 1 TMT [ 120.007s] (─────────) synapse-rust::integration api_protocol_alignment_tests::test_admin_room_search_enforces_matrix_forbidden_and_handles_special_terms
  stdout ───

    running 1 test
    test api_protocol_alignment_tests::test_admin_room_search_enforces_matrix_forbidden_and_handles_special_terms has been running for over 60 seconds

    (test timed out)

TRY 2 TRMNTG [>120.000s] (─────────) synapse-rust::integration api_profile_tests::test_user_directory_profile_respects_profile_visibility
   TRY 2 TMT [ 120.007s] (─────────) synapse-rust::integration api_profile_tests::test_user_directory_profile_respects_profile_visibility
  stdout ───

    running 1 test
    test api_profile_tests::test_user_directory_profile_respects_profile_visibility has been running for over 60 seconds

    (test timed out)

TRY 3 TRMNTG [>120.000s] (─────────) synapse-rust::integration api_profile_tests::test_msc4133_extended_profile_fields_support_crud_and_visibility
   TRY 3 TMT [ 120.006s] ( 233/1396) synapse-rust::integration api_profile_tests::test_msc4133_extended_profile_fields_support_crud_and_visibility
  stdout ───

    running 1 test
    test api_profile_tests::test_msc4133_extended_profile_fields_support_crud_and_visibility has been running for over 60 seconds

    (test timed out)

        PASS [ 118.105s] ( 234/1396) synapse-rust::integration api_protocol_alignment_tests::test_admin_send_server_notice_persists_notice_for_target_user
TRY 2 TRMNTG [>120.000s] (─────────) synapse-rust::integration api_profile_tests::test_user_directory_search_and_list_respect_profile_visibility
   TRY 2 TMT [ 120.006s] (─────────) synapse-rust::integration api_profile_tests::test_user_directory_search_and_list_respect_profile_visibility
  stdout ───

    running 1 test
    test api_profile_tests::test_user_directory_search_and_list_respect_profile_visibility has been running for over 60 seconds

    (test timed out)

  TRY 3 SLOW [> 60.000s] (─────────) synapse-rust::integration api_profile_tests::test_search_recipients_respects_profile_visibility
        SLOW [> 60.000s] (─────────) synapse-rust::integration api_protocol_alignment_tests::test_create_dm_is_idempotent_for_same_pair
TRY 3 TRMNTG [>120.000s] (─────────) synapse-rust::integration api_profile_tests::test_private_profile_subfields_follow_profile_visibility
   TRY 3 TMT [ 120.006s] ( 235/1396) synapse-rust::integration api_profile_tests::test_private_profile_subfields_follow_profile_visibility
  stdout ───

    running 1 test
    test api_profile_tests::test_private_profile_subfields_follow_profile_visibility has been running for over 60 seconds

    (test timed out)

  TRY 2 SLOW [> 60.000s] (─────────) synapse-rust::integration api_protocol_alignment_tests::test_admin_room_search_enforces_matrix_forbidden_and_handles_special_terms
  TRY 3 SLOW [> 60.000s] (─────────) synapse-rust::integration api_profile_tests::test_user_directory_profile_respects_profile_visibility
        SLOW [> 60.000s] (─────────) synapse-rust::integration api_protocol_alignment_tests::test_dm_routes_persist_matrix_direct_account_data
        PASS [  91.465s] ( 236/1396) synapse-rust::integration api_protocol_alignment_tests::test_create_dm_is_idempotent_for_same_pair
        SLOW [> 60.000s] (─────────) synapse-rust::integration api_protocol_alignment_tests::test_dm_update_accepts_users_array_and_legacy_content_shorthand
  TRY 3 SLOW [> 60.000s] (─────────) synapse-rust::integration api_profile_tests::test_user_directory_search_and_list_respect_profile_visibility
TRY 3 TRMNTG [>120.000s] (─────────) synapse-rust::integration api_profile_tests::test_search_recipients_respects_profile_visibility
   TRY 3 TMT [ 120.008s] ( 237/1396) synapse-rust::integration api_profile_tests::test_search_recipients_respects_profile_visibility
  stdout ───

    running 1 test
    test api_profile_tests::test_search_recipients_respects_profile_visibility has been running for over 60 seconds

    (test timed out)

        SLOW [> 60.000s] (─────────) synapse-rust::integration api_protocol_alignment_tests::test_room_summary_sync_populates_members_state_and_stats
TRY 2 TRMNTG [>120.000s] (─────────) synapse-rust::integration api_protocol_alignment_tests::test_admin_room_search_enforces_matrix_forbidden_and_handles_special_terms
   TRY 2 TMT [ 120.008s] (─────────) synapse-rust::integration api_protocol_alignment_tests::test_admin_room_search_enforces_matrix_forbidden_and_handles_special_terms
  stdout ───

    running 1 test
    test api_protocol_alignment_tests::test_admin_room_search_enforces_matrix_forbidden_and_handles_special_terms has been running for over 60 seconds

    (test timed out)

TRY 3 TRMNTG [>120.000s] (─────────) synapse-rust::integration api_profile_tests::test_user_directory_profile_respects_profile_visibility
   TRY 3 TMT [ 120.008s] ( 238/1396) synapse-rust::integration api_profile_tests::test_user_directory_profile_respects_profile_visibility
  stdout ───

    running 1 test
    test api_profile_tests::test_user_directory_profile_respects_profile_visibility has been running for over 60 seconds

    (test timed out)

TRY 1 TRMNTG [>120.000s] (─────────) synapse-rust::integration api_protocol_alignment_tests::test_dm_routes_persist_matrix_direct_account_data
   TRY 1 TMT [ 120.007s] (─────────) synapse-rust::integration api_protocol_alignment_tests::test_dm_routes_persist_matrix_direct_account_data
  stdout ───

    running 1 test
    test api_protocol_alignment_tests::test_dm_routes_persist_matrix_direct_account_data has been running for over 60 seconds

    (test timed out)

        SLOW [> 60.000s] (─────────) synapse-rust::integration api_protocol_alignment_tests::test_space_search_accepts_query_and_search_term_alias
        PASS [  32.180s] ( 239/1396) synapse-rust::integration api_protocol_alignment_tests::test_space_state_and_children_form_a_matrix_style_closure
TRY 1 TRMNTG [>120.000s] (─────────) synapse-rust::integration api_protocol_alignment_tests::test_dm_update_accepts_users_array_and_legacy_content_shorthand
   TRY 1 TMT [ 120.007s] (─────────) synapse-rust::integration api_protocol_alignment_tests::test_dm_update_accepts_users_array_and_legacy_content_shorthand
  stdout ───

    running 1 test
    test api_protocol_alignment_tests::test_dm_update_accepts_users_array_and_legacy_content_shorthand has been running for over 60 seconds

    (test timed out)

TRY 3 TRMNTG [>120.000s] (─────────) synapse-rust::integration api_profile_tests::test_user_directory_search_and_list_respect_profile_visibility
   TRY 3 TMT [ 120.006s] ( 240/1396) synapse-rust::integration api_profile_tests::test_user_directory_search_and_list_respect_profile_visibility
  stdout ───

    running 1 test
    test api_profile_tests::test_user_directory_search_and_list_respect_profile_visibility has been running for over 60 seconds

    (test timed out)

TRY 1 TRMNTG [>120.000s] (─────────) synapse-rust::integration api_protocol_alignment_tests::test_room_summary_sync_populates_members_state_and_stats
   TRY 1 TMT [ 120.008s] (─────────) synapse-rust::integration api_protocol_alignment_tests::test_room_summary_sync_populates_members_state_and_stats
  stdout ───

    running 1 test
    test api_protocol_alignment_tests::test_room_summary_sync_populates_members_state_and_stats has been running for over 60 seconds

    (test timed out)

  TRY 3 SLOW [> 60.000s] (─────────) synapse-rust::integration api_protocol_alignment_tests::test_admin_room_search_enforces_matrix_forbidden_and_handles_special_terms
        SLOW [> 60.000s] (─────────) synapse-rust::integration api_rate_limit_contract_tests::test_sliding_sync_rate_limited_returns_retry_after_ms
  TRY 2 SLOW [> 60.000s] (─────────) synapse-rust::integration api_protocol_alignment_tests::test_dm_routes_persist_matrix_direct_account_data
TRY 1 TRMNTG [>120.000s] (─────────) synapse-rust::integration api_protocol_alignment_tests::test_space_search_accepts_query_and_search_term_alias
   TRY 1 TMT [ 120.008s] (─────────) synapse-rust::integration api_protocol_alignment_tests::test_space_search_accepts_query_and_search_term_alias
  stdout ───

    running 1 test
    test api_protocol_alignment_tests::test_space_search_accepts_query_and_search_term_alias has been running for over 60 seconds

    (test timed out)

  TRY 2 PASS [  61.777s] ( 241/1396) synapse-rust::integration api_protocol_alignment_tests::test_dm_routes_persist_matrix_direct_account_data
           - test configured to fail if flaky
        SLOW [> 60.000s] (─────────) synapse-rust::integration api_rate_limit_contract_tests::test_sync_rate_limited_returns_retry_after_ms
  TRY 2 SLOW [> 60.000s] (─────────) synapse-rust::integration api_protocol_alignment_tests::test_dm_update_accepts_users_array_and_legacy_content_shorthand
        SLOW [> 60.000s] (─────────) synapse-rust::integration api_rendezvous_routes_tests::test_rendezvous_bound_user_can_access_without_key_but_other_user_cannot
  TRY 2 SLOW [> 60.000s] (─────────) synapse-rust::integration api_protocol_alignment_tests::test_room_summary_sync_populates_members_state_and_stats
TRY 3 TRMNTG [>120.000s] (─────────) synapse-rust::integration api_protocol_alignment_tests::test_admin_room_search_enforces_matrix_forbidden_and_handles_special_terms
   TRY 3 TMT [ 120.005s] ( 242/1396) synapse-rust::integration api_protocol_alignment_tests::test_admin_room_search_enforces_matrix_forbidden_and_handles_special_terms
  stdout ───

    running 1 test
    test api_protocol_alignment_tests::test_admin_room_search_enforces_matrix_forbidden_and_handles_special_terms has been running for over 60 seconds

    (test timed out)

TRY 1 TRMNTG [>120.000s] (─────────) synapse-rust::integration api_rate_limit_contract_tests::test_sliding_sync_rate_limited_returns_retry_after_ms
   TRY 1 TMT [ 120.008s] (─────────) synapse-rust::integration api_rate_limit_contract_tests::test_sliding_sync_rate_limited_returns_retry_after_ms
  stdout ───

    running 1 test
    test api_rate_limit_contract_tests::test_sliding_sync_rate_limited_returns_retry_after_ms has been running for over 60 seconds

    (test timed out)

  TRY 2 PASS [  58.854s] ( 243/1396) synapse-rust::integration api_protocol_alignment_tests::test_space_search_accepts_query_and_search_term_alias
           - test configured to fail if flaky
        SLOW [> 60.000s] (─────────) synapse-rust::integration api_rendezvous_routes_tests::test_rendezvous_session_requires_session_key_before_binding
TRY 1 TRMNTG [>120.000s] (─────────) synapse-rust::integration api_rate_limit_contract_tests::test_sync_rate_limited_returns_retry_after_ms
   TRY 1 TMT [ 120.009s] (─────────) synapse-rust::integration api_rate_limit_contract_tests::test_sync_rate_limited_returns_retry_after_ms
  stdout ───

    running 1 test
    test api_rate_limit_contract_tests::test_sync_rate_limited_returns_retry_after_ms has been running for over 60 seconds

    (test timed out)

TRY 2 TRMNTG [>120.000s] (─────────) synapse-rust::integration api_protocol_alignment_tests::test_dm_update_accepts_users_array_and_legacy_content_shorthand
   TRY 2 TMT [ 120.009s] (─────────) synapse-rust::integration api_protocol_alignment_tests::test_dm_update_accepts_users_array_and_legacy_content_shorthand
  stdout ───

    running 1 test
    test api_protocol_alignment_tests::test_dm_update_accepts_users_array_and_legacy_content_shorthand has been running for over 60 seconds

    (test timed out)

TRY 1 TRMNTG [>120.000s] (─────────) synapse-rust::integration api_rendezvous_routes_tests::test_rendezvous_bound_user_can_access_without_key_but_other_user_cannot
   TRY 1 TMT [ 120.007s] (─────────) synapse-rust::integration api_rendezvous_routes_tests::test_rendezvous_bound_user_can_access_without_key_but_other_user_cannot
  stdout ───

    running 1 test
    test api_rendezvous_routes_tests::test_rendezvous_bound_user_can_access_without_key_but_other_user_cannot has been running for over 60 seconds

    (test timed out)

TRY 2 TRMNTG [>120.000s] (─────────) synapse-rust::integration api_protocol_alignment_tests::test_room_summary_sync_populates_members_state_and_stats
   TRY 2 TMT [ 120.007s] (─────────) synapse-rust::integration api_protocol_alignment_tests::test_room_summary_sync_populates_members_state_and_stats
  stdout ───

    running 1 test
    test api_protocol_alignment_tests::test_room_summary_sync_populates_members_state_and_stats has been running for over 60 seconds

    (test timed out)

        SLOW [> 60.000s] (─────────) synapse-rust::integration api_room_summary_routes_tests::test_room_summary_create_rejects_joined_non_creator_member
  TRY 2 PASS [  40.509s] ( 244/1396) synapse-rust::integration api_rate_limit_contract_tests::test_sliding_sync_rate_limited_returns_retry_after_ms
           - test configured to fail if flaky
        SLOW [> 60.000s] (─────────) synapse-rust::integration api_room_summary_routes_tests::test_room_summary_create_rejects_non_member
TRY 1 TRMNTG [>120.000s] (─────────) synapse-rust::integration api_rendezvous_routes_tests::test_rendezvous_session_requires_session_key_before_binding
   TRY 1 TMT [ 120.006s] (─────────) synapse-rust::integration api_rendezvous_routes_tests::test_rendezvous_session_requires_session_key_before_binding
  stdout ───

    running 1 test
    test api_rendezvous_routes_tests::test_rendezvous_session_requires_session_key_before_binding has been running for over 60 seconds

    (test timed out)

  TRY 2 SLOW [> 60.000s] (─────────) synapse-rust::integration api_rate_limit_contract_tests::test_sync_rate_limited_returns_retry_after_ms
  TRY 3 SLOW [> 60.000s] (─────────) synapse-rust::integration api_protocol_alignment_tests::test_dm_update_accepts_users_array_and_legacy_content_shorthand
  TRY 2 SLOW [> 60.000s] (─────────) synapse-rust::integration api_rendezvous_routes_tests::test_rendezvous_bound_user_can_access_without_key_but_other_user_cannot
  TRY 3 PASS [  87.786s] ( 245/1396) synapse-rust::integration api_protocol_alignment_tests::test_dm_update_accepts_users_array_and_legacy_content_shorthand
           - test configured to fail if flaky
  TRY 3 SLOW [> 60.000s] (─────────) synapse-rust::integration api_protocol_alignment_tests::test_room_summary_sync_populates_members_state_and_stats
TRY 1 TRMNTG [>120.000s] (─────────) synapse-rust::integration api_room_summary_routes_tests::test_room_summary_create_rejects_joined_non_creator_member
   TRY 1 TMT [ 120.008s] (─────────) synapse-rust::integration api_room_summary_routes_tests::test_room_summary_create_rejects_joined_non_creator_member
  stdout ───

    running 1 test
    test api_room_summary_routes_tests::test_room_summary_create_rejects_joined_non_creator_member has been running for over 60 seconds

    (test timed out)

        SLOW [> 60.000s] (─────────) synapse-rust::integration api_room_summary_routes_tests::test_room_summary_create_rejects_path_body_mismatch
TRY 1 TRMNTG [>120.000s] (─────────) synapse-rust::integration api_room_summary_routes_tests::test_room_summary_create_rejects_non_member
   TRY 1 TMT [ 120.009s] (─────────) synapse-rust::integration api_room_summary_routes_tests::test_room_summary_create_rejects_non_member
  stdout ───

    running 1 test
    test api_room_summary_routes_tests::test_room_summary_create_rejects_non_member has been running for over 60 seconds

    (test timed out)

  TRY 2 SLOW [> 60.000s] (─────────) synapse-rust::integration api_rendezvous_routes_tests::test_rendezvous_session_requires_session_key_before_binding
TRY 2 TRMNTG [>120.000s] (─────────) synapse-rust::integration api_rate_limit_contract_tests::test_sync_rate_limited_returns_retry_after_ms
   TRY 2 TMT [ 120.010s] (─────────) synapse-rust::integration api_rate_limit_contract_tests::test_sync_rate_limited_returns_retry_after_ms
  stdout ───

    running 1 test
    test api_rate_limit_contract_tests::test_sync_rate_limited_returns_retry_after_ms has been running for over 60 seconds

    (test timed out)

TRY 2 TRMNTG [>120.000s] (─────────) synapse-rust::integration api_rendezvous_routes_tests::test_rendezvous_bound_user_can_access_without_key_but_other_user_cannot
   TRY 2 TMT [ 120.008s] (─────────) synapse-rust::integration api_rendezvous_routes_tests::test_rendezvous_bound_user_can_access_without_key_but_other_user_cannot
  stdout ───

    running 1 test
    test api_rendezvous_routes_tests::test_rendezvous_bound_user_can_access_without_key_but_other_user_cannot has been running for over 60 seconds

    (test timed out)

        SLOW [> 60.000s] (─────────) synapse-rust::integration api_room_summary_routes_tests::test_room_summary_internal_summaries_route_returns_list_object
TRY 3 TRMNTG [>120.000s] (─────────) synapse-rust::integration api_protocol_alignment_tests::test_room_summary_sync_populates_members_state_and_stats
   TRY 3 TMT [ 120.010s] ( 246/1396) synapse-rust::integration api_protocol_alignment_tests::test_room_summary_sync_populates_members_state_and_stats
  stdout ───

    running 1 test
    test api_protocol_alignment_tests::test_room_summary_sync_populates_members_state_and_stats has been running for over 60 seconds

    (test timed out)

  TRY 2 SLOW [> 60.000s] (─────────) synapse-rust::integration api_room_summary_routes_tests::test_room_summary_create_rejects_joined_non_creator_member
TRY 1 TRMNTG [>120.000s] (─────────) synapse-rust::integration api_room_summary_routes_tests::test_room_summary_create_rejects_path_body_mismatch
   TRY 1 TMT [ 120.006s] (─────────) synapse-rust::integration api_room_summary_routes_tests::test_room_summary_create_rejects_path_body_mismatch
  stdout ───

    running 1 test
    test api_room_summary_routes_tests::test_room_summary_create_rejects_path_body_mismatch has been running for over 60 seconds

    (test timed out)

  TRY 2 SLOW [> 60.000s] (─────────) synapse-rust::integration api_room_summary_routes_tests::test_room_summary_create_rejects_non_member
TRY 2 TRMNTG [>120.000s] (─────────) synapse-rust::integration api_rendezvous_routes_tests::test_rendezvous_session_requires_session_key_before_binding
   TRY 2 TMT [ 120.008s] (─────────) synapse-rust::integration api_rendezvous_routes_tests::test_rendezvous_session_requires_session_key_before_binding
  stdout ───

    running 1 test
    test api_rendezvous_routes_tests::test_rendezvous_session_requires_session_key_before_binding has been running for over 60 seconds

    (test timed out)

  TRY 3 SLOW [> 60.000s] (─────────) synapse-rust::integration api_rate_limit_contract_tests::test_sync_rate_limited_returns_retry_after_ms
  TRY 3 SLOW [> 60.000s] (─────────) synapse-rust::integration api_rendezvous_routes_tests::test_rendezvous_bound_user_can_access_without_key_but_other_user_cannot
  TRY 2 PASS [  30.252s] ( 247/1396) synapse-rust::integration api_room_summary_routes_tests::test_room_summary_create_rejects_path_body_mismatch
           - test configured to fail if flaky
TRY 1 TRMNTG [>120.000s] (─────────) synapse-rust::integration api_room_summary_routes_tests::test_room_summary_internal_summaries_route_returns_list_object
   TRY 1 TMT [ 120.009s] (─────────) synapse-rust::integration api_room_summary_routes_tests::test_room_summary_internal_summaries_route_returns_list_object
  stdout ───

    running 1 test
    test api_room_summary_routes_tests::test_room_summary_internal_summaries_route_returns_list_object has been running for over 60 seconds

    (test timed out)

        SLOW [> 60.000s] (─────────) synapse-rust::integration api_room_summary_routes_tests::test_room_summary_members_route_rejects_non_member
TRY 2 TRMNTG [>120.000s] (─────────) synapse-rust::integration api_room_summary_routes_tests::test_room_summary_create_rejects_joined_non_creator_member
   TRY 2 TMT [ 120.010s] (─────────) synapse-rust::integration api_room_summary_routes_tests::test_room_summary_create_rejects_joined_non_creator_member
  stdout ───

    running 1 test
    test api_room_summary_routes_tests::test_room_summary_create_rejects_joined_non_creator_member has been running for over 60 seconds

    (test timed out)

TRY 2 TRMNTG [>120.000s] (─────────) synapse-rust::integration api_room_summary_routes_tests::test_room_summary_create_rejects_non_member
   TRY 2 TMT [ 120.007s] (─────────) synapse-rust::integration api_room_summary_routes_tests::test_room_summary_create_rejects_non_member
  stdout ───

    running 1 test
    test api_room_summary_routes_tests::test_room_summary_create_rejects_non_member has been running for over 60 seconds

    (test timed out)

  TRY 3 SLOW [> 60.000s] (─────────) synapse-rust::integration api_rendezvous_routes_tests::test_rendezvous_session_requires_session_key_before_binding
TRY 3 TRMNTG [>120.000s] (─────────) synapse-rust::integration api_rate_limit_contract_tests::test_sync_rate_limited_returns_retry_after_ms
   TRY 3 TMT [ 120.007s] ( 248/1396) synapse-rust::integration api_rate_limit_contract_tests::test_sync_rate_limited_returns_retry_after_ms
  stdout ───

    running 1 test
    test api_rate_limit_contract_tests::test_sync_rate_limited_returns_retry_after_ms has been running for over 60 seconds

    (test timed out)

TRY 3 TRMNTG [>120.000s] (─────────) synapse-rust::integration api_rendezvous_routes_tests::test_rendezvous_bound_user_can_access_without_key_but_other_user_cannot
   TRY 3 TMT [ 120.008s] ( 249/1396) synapse-rust::integration api_rendezvous_routes_tests::test_rendezvous_bound_user_can_access_without_key_but_other_user_cannot
  stdout ───

    running 1 test
    test api_rendezvous_routes_tests::test_rendezvous_bound_user_can_access_without_key_but_other_user_cannot has been running for over 60 seconds

    (test timed out)

        PASS [  94.748s] ( 250/1396) synapse-rust::integration api_room_summary_routes_tests::test_room_summary_members_route_rejects_non_member
        SLOW [> 60.000s] (─────────) synapse-rust::integration api_room_summary_routes_tests::test_room_summary_read_routes_share_across_versions
  TRY 2 SLOW [> 60.000s] (─────────) synapse-rust::integration api_room_summary_routes_tests::test_room_summary_internal_summaries_route_returns_list_object
  TRY 3 SLOW [> 60.000s] (─────────) synapse-rust::integration api_room_summary_routes_tests::test_room_summary_create_rejects_joined_non_creator_member
        PASS [  37.890s] ( 251/1396) synapse-rust::integration api_room_summary_routes_tests::test_room_summary_route_boundaries_are_preserved
  TRY 3 SLOW [> 60.000s] (─────────) synapse-rust::integration api_room_summary_routes_tests::test_room_summary_create_rejects_non_member
TRY 3 TRMNTG [>120.000s] (─────────) synapse-rust::integration api_rendezvous_routes_tests::test_rendezvous_session_requires_session_key_before_binding
   TRY 3 TMT [ 120.011s] ( 252/1396) synapse-rust::integration api_rendezvous_routes_tests::test_rendezvous_session_requires_session_key_before_binding
  stdout ───

    running 1 test
    test api_rendezvous_routes_tests::test_rendezvous_session_requires_session_key_before_binding has been running for over 60 seconds

    (test timed out)

        SLOW [> 60.000s] (─────────) synapse-rust::integration api_room_summary_routes_tests::test_room_summary_route_rejects_non_member
        SLOW [> 60.000s] (─────────) synapse-rust::integration api_room_summary_routes_tests::test_room_summary_snapshot_exposes_members_state_and_stats
TRY 1 TRMNTG [>120.000s] (─────────) synapse-rust::integration api_room_summary_routes_tests::test_room_summary_read_routes_share_across_versions
   TRY 1 TMT [ 120.008s] (─────────) synapse-rust::integration api_room_summary_routes_tests::test_room_summary_read_routes_share_across_versions
  stdout ───

    running 1 test
    test api_room_summary_routes_tests::test_room_summary_read_routes_share_across_versions has been running for over 60 seconds

    (test timed out)

TRY 2 TRMNTG [>120.000s] (─────────) synapse-rust::integration api_room_summary_routes_tests::test_room_summary_internal_summaries_route_returns_list_object
   TRY 2 TMT [ 120.008s] (─────────) synapse-rust::integration api_room_summary_routes_tests::test_room_summary_internal_summaries_route_returns_list_object
  stdout ───

    running 1 test
    test api_room_summary_routes_tests::test_room_summary_internal_summaries_route_returns_list_object has been running for over 60 seconds

    (test timed out)

TRY 3 TRMNTG [>120.000s] (─────────) synapse-rust::integration api_room_summary_routes_tests::test_room_summary_create_rejects_joined_non_creator_member
   TRY 3 TMT [ 120.008s] ( 253/1396) synapse-rust::integration api_room_summary_routes_tests::test_room_summary_create_rejects_joined_non_creator_member
  stdout ───

    running 1 test
    test api_room_summary_routes_tests::test_room_summary_create_rejects_joined_non_creator_member has been running for over 60 seconds

    (test timed out)

        SLOW [> 60.000s] (─────────) synapse-rust::integration api_room_sync_tests::test_room_sync_incremental_omits_state
TRY 3 TRMNTG [>120.000s] (─────────) synapse-rust::integration api_room_summary_routes_tests::test_room_summary_create_rejects_non_member
   TRY 3 TMT [ 120.008s] ( 254/1396) synapse-rust::integration api_room_summary_routes_tests::test_room_summary_create_rejects_non_member
  stdout ───

    running 1 test
    test api_room_summary_routes_tests::test_room_summary_create_rejects_non_member has been running for over 60 seconds

    (test timed out)

        SLOW [> 60.000s] (─────────) synapse-rust::integration api_room_sync_tests::test_room_sync_requires_membership
  TRY 3 PASS [  32.131s] ( 255/1396) synapse-rust::integration api_room_summary_routes_tests::test_room_summary_internal_summaries_route_returns_list_object
           - test configured to fail if flaky
TRY 1 TRMNTG [>120.000s] (─────────) synapse-rust::integration api_room_summary_routes_tests::test_room_summary_route_rejects_non_member
   TRY 1 TMT [ 120.008s] (─────────) synapse-rust::integration api_room_summary_routes_tests::test_room_summary_route_rejects_non_member
  stdout ───

    running 1 test
    test api_room_summary_routes_tests::test_room_summary_route_rejects_non_member has been running for over 60 seconds

    (test timed out)

TRY 1 TRMNTG [>120.000s] (─────────) synapse-rust::integration api_room_summary_routes_tests::test_room_summary_snapshot_exposes_members_state_and_stats
   TRY 1 TMT [ 120.007s] (─────────) synapse-rust::integration api_room_summary_routes_tests::test_room_summary_snapshot_exposes_members_state_and_stats
  stdout ───

    running 1 test
    test api_room_summary_routes_tests::test_room_summary_snapshot_exposes_members_state_and_stats has been running for over 60 seconds

    (test timed out)

  TRY 2 SLOW [> 60.000s] (─────────) synapse-rust::integration api_room_summary_routes_tests::test_room_summary_read_routes_share_across_versions
        SLOW [> 60.000s] (─────────) synapse-rust::integration api_room_sync_tests::test_room_sync_returns_minimal_shape
TRY 1 TRMNTG [>120.000s] (─────────) synapse-rust::integration api_room_sync_tests::test_room_sync_incremental_omits_state
   TRY 1 TMT [ 120.009s] (─────────) synapse-rust::integration api_room_sync_tests::test_room_sync_incremental_omits_state
  stdout ───

    running 1 test
    test api_room_sync_tests::test_room_sync_incremental_omits_state has been running for over 60 seconds

    (test timed out)

        SLOW [> 60.000s] (─────────) synapse-rust::integration api_route_ledger_tests::burn_after_read_routes_are_declared_when_feature_enabled
        PASS [ 119.769s] ( 256/1396) synapse-rust::integration api_room_sync_tests::test_room_sync_requires_membership
        SLOW [> 60.000s] (─────────) synapse-rust::integration api_route_ledger_tests::cas_routes_are_declared_when_feature_enabled
  TRY 2 SLOW [> 60.000s] (─────────) synapse-rust::integration api_room_summary_routes_tests::test_room_summary_route_rejects_non_member
  TRY 2 SLOW [> 60.000s] (─────────) synapse-rust::integration api_room_summary_routes_tests::test_room_summary_snapshot_exposes_members_state_and_stats
TRY 2 TRMNTG [>120.000s] (─────────) synapse-rust::integration api_room_summary_routes_tests::test_room_summary_read_routes_share_across_versions
   TRY 2 TMT [ 120.011s] (─────────) synapse-rust::integration api_room_summary_routes_tests::test_room_summary_read_routes_share_across_versions
  stdout ───

    running 1 test
    test api_room_summary_routes_tests::test_room_summary_read_routes_share_across_versions has been running for over 60 seconds

    (test timed out)

TRY 1 TRMNTG [>120.000s] (─────────) synapse-rust::integration api_room_sync_tests::test_room_sync_returns_minimal_shape
   TRY 1 TMT [ 120.009s] (─────────) synapse-rust::integration api_room_sync_tests::test_room_sync_returns_minimal_shape
  stdout ───

    running 1 test
    test api_room_sync_tests::test_room_sync_returns_minimal_shape has been running for over 60 seconds

    (test timed out)

  TRY 3 PASS [  31.516s] ( 257/1396) synapse-rust::integration api_room_summary_routes_tests::test_room_summary_read_routes_share_across_versions
           - test configured to fail if flaky
  TRY 2 SLOW [> 60.000s] (─────────) synapse-rust::integration api_room_sync_tests::test_room_sync_incremental_omits_state
TRY 1 TRMNTG [>120.000s] (─────────) synapse-rust::integration api_route_ledger_tests::burn_after_read_routes_are_declared_when_feature_enabled
   TRY 1 TMT [ 120.009s] (─────────) synapse-rust::integration api_route_ledger_tests::burn_after_read_routes_are_declared_when_feature_enabled
  stdout ───

    running 1 test
    test api_route_ledger_tests::burn_after_read_routes_are_declared_when_feature_enabled has been running for over 60 seconds

    (test timed out)

        SLOW [> 60.000s] (─────────) synapse-rust::integration api_route_ledger_tests::declared_route_manifest_entries_are_actually_wired
TRY 1 TRMNTG [>120.000s] (─────────) synapse-rust::integration api_route_ledger_tests::cas_routes_are_declared_when_feature_enabled
   TRY 1 TMT [ 120.009s] (─────────) synapse-rust::integration api_route_ledger_tests::cas_routes_are_declared_when_feature_enabled
  stdout ───

    running 1 test
    test api_route_ledger_tests::cas_routes_are_declared_when_feature_enabled has been running for over 60 seconds

    (test timed out)

TRY 2 TRMNTG [>120.000s] (─────────) synapse-rust::integration api_room_summary_routes_tests::test_room_summary_route_rejects_non_member
   TRY 2 TMT [ 120.005s] (─────────) synapse-rust::integration api_room_summary_routes_tests::test_room_summary_route_rejects_non_member
  stdout ───

    running 1 test
    test api_room_summary_routes_tests::test_room_summary_route_rejects_non_member has been running for over 60 seconds

    (test timed out)

TRY 2 TRMNTG [>120.000s] (─────────) synapse-rust::integration api_room_summary_routes_tests::test_room_summary_snapshot_exposes_members_state_and_stats
   TRY 2 TMT [ 120.007s] (─────────) synapse-rust::integration api_room_summary_routes_tests::test_room_summary_snapshot_exposes_members_state_and_stats
  stdout ───

    running 1 test
    test api_room_summary_routes_tests::test_room_summary_snapshot_exposes_members_state_and_stats has been running for over 60 seconds

    (test timed out)

  TRY 2 SLOW [> 60.000s] (─────────) synapse-rust::integration api_room_sync_tests::test_room_sync_returns_minimal_shape
        SLOW [> 60.000s] (─────────) synapse-rust::integration api_route_ledger_tests::declared_route_manifest_full_snapshot_matches_default_state
TRY 2 TRMNTG [>120.000s] (─────────) synapse-rust::integration api_room_sync_tests::test_room_sync_incremental_omits_state
   TRY 2 TMT [ 120.008s] (─────────) synapse-rust::integration api_room_sync_tests::test_room_sync_incremental_omits_state
  stdout ───

    running 1 test
    test api_room_sync_tests::test_room_sync_incremental_omits_state has been running for over 60 seconds

    (test timed out)

  TRY 2 SLOW [> 60.000s] (─────────) synapse-rust::integration api_route_ledger_tests::burn_after_read_routes_are_declared_when_feature_enabled
TRY 1 TRMNTG [>120.000s] (─────────) synapse-rust::integration api_route_ledger_tests::declared_route_manifest_entries_are_actually_wired
   TRY 1 TMT [ 120.008s] (─────────) synapse-rust::integration api_route_ledger_tests::declared_route_manifest_entries_are_actually_wired
  stdout ───

    running 1 test
    test api_route_ledger_tests::declared_route_manifest_entries_are_actually_wired has been running for over 60 seconds

    (test timed out)

  TRY 2 SLOW [> 60.000s] (─────────) synapse-rust::integration api_route_ledger_tests::cas_routes_are_declared_when_feature_enabled
  TRY 3 SLOW [> 60.000s] (─────────) synapse-rust::integration api_room_summary_routes_tests::test_room_summary_route_rejects_non_member
  TRY 3 SLOW [> 60.000s] (─────────) synapse-rust::integration api_room_summary_routes_tests::test_room_summary_snapshot_exposes_members_state_and_stats
  TRY 3 PASS [  60.469s] ( 258/1396) synapse-rust::integration api_room_summary_routes_tests::test_room_summary_snapshot_exposes_members_state_and_stats
           - test configured to fail if flaky
TRY 2 TRMNTG [>120.000s] (─────────) synapse-rust::integration api_room_sync_tests::test_room_sync_returns_minimal_shape
   TRY 2 TMT [ 120.009s] (─────────) synapse-rust::integration api_room_sync_tests::test_room_sync_returns_minimal_shape
  stdout ───

    running 1 test
    test api_room_sync_tests::test_room_sync_returns_minimal_shape has been running for over 60 seconds

    (test timed out)

TRY 1 TRMNTG [>120.000s] (─────────) synapse-rust::integration api_route_ledger_tests::declared_route_manifest_full_snapshot_matches_default_state
   TRY 1 TMT [ 120.008s] (─────────) synapse-rust::integration api_route_ledger_tests::declared_route_manifest_full_snapshot_matches_default_state
  stdout ───

    running 1 test
    test api_route_ledger_tests::declared_route_manifest_full_snapshot_matches_default_state has been running for over 60 seconds

    (test timed out)

  TRY 3 SLOW [> 60.000s] (─────────) synapse-rust::integration api_room_sync_tests::test_room_sync_incremental_omits_state
  TRY 2 PASS [  98.037s] ( 259/1396) synapse-rust::integration api_route_ledger_tests::cas_routes_are_declared_when_feature_enabled
           - test configured to fail if flaky
TRY 2 TRMNTG [>120.000s] (─────────) synapse-rust::integration api_route_ledger_tests::burn_after_read_routes_are_declared_when_feature_enabled
   TRY 2 TMT [ 120.010s] (─────────) synapse-rust::integration api_route_ledger_tests::burn_after_read_routes_are_declared_when_feature_enabled
  stdout ───

    running 1 test
    test api_route_ledger_tests::burn_after_read_routes_are_declared_when_feature_enabled has been running for over 60 seconds

    (test timed out)

  TRY 2 SLOW [> 60.000s] (─────────) synapse-rust::integration api_route_ledger_tests::declared_route_manifest_entries_are_actually_wired
TRY 3 TRMNTG [>120.000s] (─────────) synapse-rust::integration api_room_summary_routes_tests::test_room_summary_route_rejects_non_member
   TRY 3 TMT [ 120.010s] ( 260/1396) synapse-rust::integration api_room_summary_routes_tests::test_room_summary_route_rejects_non_member
  stdout ───

    running 1 test
    test api_room_summary_routes_tests::test_room_summary_route_rejects_non_member has been running for over 60 seconds

    (test timed out)

        SLOW [> 60.000s] (─────────) synapse-rust::integration api_route_ledger_tests::declared_route_manifest_full_snapshot_matches_worker_enabled_state
  TRY 3 SLOW [> 60.000s] (─────────) synapse-rust::integration api_room_sync_tests::test_room_sync_returns_minimal_shape
  TRY 2 SLOW [> 60.000s] (─────────) synapse-rust::integration api_route_ledger_tests::declared_route_manifest_full_snapshot_matches_default_state
  TRY 3 PASS [ 119.981s] ( 261/1396) synapse-rust::integration api_room_sync_tests::test_room_sync_incremental_omits_state
           - test configured to fail if flaky
        SLOW [> 60.000s] (─────────) synapse-rust::integration api_route_ledger_tests::declared_route_manifest_size_stays_under_probe_warning_threshold
  TRY 3 SLOW [> 60.000s] (─────────) synapse-rust::integration api_route_ledger_tests::burn_after_read_routes_are_declared_when_feature_enabled
TRY 2 TRMNTG [>120.000s] (─────────) synapse-rust::integration api_route_ledger_tests::declared_route_manifest_entries_are_actually_wired
   TRY 2 TMT [ 120.007s] (─────────) synapse-rust::integration api_route_ledger_tests::declared_route_manifest_entries_are_actually_wired
  stdout ───

    running 1 test
    test api_route_ledger_tests::declared_route_manifest_entries_are_actually_wired has been running for over 60 seconds

    (test timed out)

        SLOW [> 60.000s] (─────────) synapse-rust::integration api_route_ledger_tests::declared_route_manifest_validates_with_no_duplicates
TRY 1 TRMNTG [>120.000s] (─────────) synapse-rust::integration api_route_ledger_tests::declared_route_manifest_full_snapshot_matches_worker_enabled_state
   TRY 1 TMT [ 120.004s] (─────────) synapse-rust::integration api_route_ledger_tests::declared_route_manifest_full_snapshot_matches_worker_enabled_state
  stdout ───

    running 1 test
    test api_route_ledger_tests::declared_route_manifest_full_snapshot_matches_worker_enabled_state has been running for over 60 seconds

    (test timed out)

        PASS [  92.091s] ( 262/1396) synapse-rust::integration api_route_ledger_tests::declared_route_manifest_size_stays_under_probe_warning_threshold
TRY 3 TRMNTG [>120.000s] (─────────) synapse-rust::integration api_room_sync_tests::test_room_sync_returns_minimal_shape
   TRY 3 TMT [ 120.010s] ( 263/1396) synapse-rust::integration api_room_sync_tests::test_room_sync_returns_minimal_shape
  stdout ───

    running 1 test
    test api_room_sync_tests::test_room_sync_returns_minimal_shape has been running for over 60 seconds

    (test timed out)

TRY 2 TRMNTG [>120.000s] (─────────) synapse-rust::integration api_route_ledger_tests::declared_route_manifest_full_snapshot_matches_default_state
   TRY 2 TMT [ 120.009s] (─────────) synapse-rust::integration api_route_ledger_tests::declared_route_manifest_full_snapshot_matches_default_state
  stdout ───

    running 1 test
    test api_route_ledger_tests::declared_route_manifest_full_snapshot_matches_default_state has been running for over 60 seconds

    (test timed out)

        SLOW [> 60.000s] (─────────) synapse-rust::integration api_route_ledger_tests::external_service_routes_are_declared_when_feature_enabled
TRY 3 TRMNTG [>120.000s] (─────────) synapse-rust::integration api_route_ledger_tests::burn_after_read_routes_are_declared_when_feature_enabled
   TRY 3 TMT [ 120.011s] ( 264/1396) synapse-rust::integration api_route_ledger_tests::burn_after_read_routes_are_declared_when_feature_enabled
  stdout ───

    running 1 test
    test api_route_ledger_tests::burn_after_read_routes_are_declared_when_feature_enabled has been running for over 60 seconds

    (test timed out)

  TRY 3 SLOW [> 60.000s] (─────────) synapse-rust::integration api_route_ledger_tests::declared_route_manifest_entries_are_actually_wired
TRY 1 TRMNTG [>120.000s] (─────────) synapse-rust::integration api_route_ledger_tests::declared_route_manifest_validates_with_no_duplicates
   TRY 1 TMT [ 120.009s] (─────────) synapse-rust::integration api_route_ledger_tests::declared_route_manifest_validates_with_no_duplicates
  stdout ───

    running 1 test
    test api_route_ledger_tests::declared_route_manifest_validates_with_no_duplicates has been running for over 60 seconds

    (test timed out)

  TRY 2 SLOW [> 60.000s] (─────────) synapse-rust::integration api_route_ledger_tests::declared_route_manifest_full_snapshot_matches_worker_enabled_state
        SLOW [> 60.000s] (─────────) synapse-rust::integration api_route_ledger_tests::friend_routes_are_declared_when_feature_enabled
        PASS [  59.996s] ( 265/1396) synapse-rust::integration api_route_ledger_tests::voice_routes_are_declared_when_feature_enabled
  TRY 3 SLOW [> 60.000s] (─────────) synapse-rust::integration api_route_ledger_tests::declared_route_manifest_full_snapshot_matches_default_state
TRY 1 TRMNTG [>120.000s] (─────────) synapse-rust::integration api_route_ledger_tests::external_service_routes_are_declared_when_feature_enabled
   TRY 1 TMT [ 120.007s] (─────────) synapse-rust::integration api_route_ledger_tests::external_service_routes_are_declared_when_feature_enabled
  stdout ───

    running 1 test
    test api_route_ledger_tests::external_service_routes_are_declared_when_feature_enabled has been running for over 60 seconds

    (test timed out)

        SLOW [> 60.000s] (─────────) synapse-rust::integration api_route_ledger_tests::voip_tracking_routes_are_declared_when_feature_enabled
TRY 3 TRMNTG [>120.000s] (─────────) synapse-rust::integration api_route_ledger_tests::declared_route_manifest_entries_are_actually_wired
   TRY 3 TMT [ 120.008s] ( 266/1396) synapse-rust::integration api_route_ledger_tests::declared_route_manifest_entries_are_actually_wired
  stdout ───

    running 1 test
    test api_route_ledger_tests::declared_route_manifest_entries_are_actually_wired has been running for over 60 seconds

    (test timed out)

  TRY 2 SLOW [> 60.000s] (─────────) synapse-rust::integration api_route_ledger_tests::declared_route_manifest_validates_with_no_duplicates
TRY 2 TRMNTG [>120.000s] (─────────) synapse-rust::integration api_route_ledger_tests::declared_route_manifest_full_snapshot_matches_worker_enabled_state
   TRY 2 TMT [ 120.008s] (─────────) synapse-rust::integration api_route_ledger_tests::declared_route_manifest_full_snapshot_matches_worker_enabled_state
  stdout ───

    running 1 test
    test api_route_ledger_tests::declared_route_manifest_full_snapshot_matches_worker_enabled_state has been running for over 60 seconds

    (test timed out)

TRY 1 TRMNTG [>120.000s] (─────────) synapse-rust::integration api_route_ledger_tests::friend_routes_are_declared_when_feature_enabled
   TRY 1 TMT [ 120.008s] (─────────) synapse-rust::integration api_route_ledger_tests::friend_routes_are_declared_when_feature_enabled
  stdout ───

    running 1 test
    test api_route_ledger_tests::friend_routes_are_declared_when_feature_enabled has been running for over 60 seconds

    (test timed out)

        SLOW [> 60.000s] (─────────) synapse-rust::integration api_route_ledger_tests::widget_routes_are_declared_when_feature_enabled
  TRY 2 PASS [  59.278s] ( 267/1396) synapse-rust::integration api_route_ledger_tests::external_service_routes_are_declared_when_feature_enabled
           - test configured to fail if flaky
TRY 3 TRMNTG [>120.000s] (─────────) synapse-rust::integration api_route_ledger_tests::declared_route_manifest_full_snapshot_matches_default_state
   TRY 3 TMT [ 120.010s] ( 268/1396) synapse-rust::integration api_route_ledger_tests::declared_route_manifest_full_snapshot_matches_default_state
  stdout ───

    running 1 test
    test api_route_ledger_tests::declared_route_manifest_full_snapshot_matches_default_state has been running for over 60 seconds

    (test timed out)

TRY 1 TRMNTG [>120.000s] (─────────) synapse-rust::integration api_route_ledger_tests::voip_tracking_routes_are_declared_when_feature_enabled
   TRY 1 TMT [ 120.009s] (─────────) synapse-rust::integration api_route_ledger_tests::voip_tracking_routes_are_declared_when_feature_enabled
  stdout ───

    running 1 test
    test api_route_ledger_tests::voip_tracking_routes_are_declared_when_feature_enabled has been running for over 60 seconds

    (test timed out)

        SLOW [> 60.000s] (─────────) synapse-rust::integration api_route_ledger_tests::worker_body_routes_are_live_when_worker_mode_enabled
TRY 2 TRMNTG [>120.000s] (─────────) synapse-rust::integration api_route_ledger_tests::declared_route_manifest_validates_with_no_duplicates
   TRY 2 TMT [ 120.007s] (─────────) synapse-rust::integration api_route_ledger_tests::declared_route_manifest_validates_with_no_duplicates
  stdout ───

    running 1 test
    test api_route_ledger_tests::declared_route_manifest_validates_with_no_duplicates has been running for over 60 seconds

    (test timed out)

  TRY 3 SLOW [> 60.000s] (─────────) synapse-rust::integration api_route_ledger_tests::declared_route_manifest_full_snapshot_matches_worker_enabled_state
  TRY 2 SLOW [> 60.000s] (─────────) synapse-rust::integration api_route_ledger_tests::friend_routes_are_declared_when_feature_enabled
TRY 1 TRMNTG [>120.000s] (─────────) synapse-rust::integration api_route_ledger_tests::widget_routes_are_declared_when_feature_enabled
   TRY 1 TMT [ 120.010s] (─────────) synapse-rust::integration api_route_ledger_tests::widget_routes_are_declared_when_feature_enabled
  stdout ───

    running 1 test
    test api_route_ledger_tests::widget_routes_are_declared_when_feature_enabled has been running for over 60 seconds

    (test timed out)

        SLOW [> 60.000s] (─────────) synapse-rust::integration api_route_ledger_tests::worker_body_routes_follow_runtime_flag_in_ledger
        SLOW [> 60.000s] (─────────) synapse-rust::integration api_route_snapshots_tests::snapshot_capabilities_v3
  TRY 2 SLOW [> 60.000s] (─────────) synapse-rust::integration api_route_ledger_tests::voip_tracking_routes_are_declared_when_feature_enabled
TRY 1 TRMNTG [>120.000s] (─────────) synapse-rust::integration api_route_ledger_tests::worker_body_routes_are_live_when_worker_mode_enabled
   TRY 1 TMT [ 120.008s] (─────────) synapse-rust::integration api_route_ledger_tests::worker_body_routes_are_live_when_worker_mode_enabled
  stdout ───

    running 1 test
    test api_route_ledger_tests::worker_body_routes_are_live_when_worker_mode_enabled has been running for over 60 seconds

    (test timed out)

  TRY 3 SLOW [> 60.000s] (─────────) synapse-rust::integration api_route_ledger_tests::declared_route_manifest_validates_with_no_duplicates
  TRY 2 PASS [  32.211s] ( 269/1396) synapse-rust::integration api_route_ledger_tests::widget_routes_are_declared_when_feature_enabled
           - test configured to fail if flaky
TRY 3 TRMNTG [>120.000s] (─────────) synapse-rust::integration api_route_ledger_tests::declared_route_manifest_full_snapshot_matches_worker_enabled_state
   TRY 3 TMT [ 120.009s] ( 270/1396) synapse-rust::integration api_route_ledger_tests::declared_route_manifest_full_snapshot_matches_worker_enabled_state
  stdout ───

    running 1 test
    test api_route_ledger_tests::declared_route_manifest_full_snapshot_matches_worker_enabled_state has been running for over 60 seconds

    (test timed out)

TRY 2 TRMNTG [>120.000s] (─────────) synapse-rust::integration api_route_ledger_tests::friend_routes_are_declared_when_feature_enabled
   TRY 2 TMT [ 120.009s] (─────────) synapse-rust::integration api_route_ledger_tests::friend_routes_are_declared_when_feature_enabled
  stdout ───

    running 1 test
    test api_route_ledger_tests::friend_routes_are_declared_when_feature_enabled has been running for over 60 seconds

    (test timed out)

TRY 1 TRMNTG [>120.000s] (─────────) synapse-rust::integration api_route_ledger_tests::worker_body_routes_follow_runtime_flag_in_ledger
   TRY 1 TMT [ 120.006s] (─────────) synapse-rust::integration api_route_ledger_tests::worker_body_routes_follow_runtime_flag_in_ledger
  stdout ───

    running 1 test
    test api_route_ledger_tests::worker_body_routes_follow_runtime_flag_in_ledger has been running for over 60 seconds

    (test timed out)

TRY 1 TRMNTG [>120.000s] (─────────) synapse-rust::integration api_route_snapshots_tests::snapshot_capabilities_v3
   TRY 1 TMT [ 120.008s] (─────────) synapse-rust::integration api_route_snapshots_tests::snapshot_capabilities_v3
  stdout ───

    running 1 test
    test api_route_snapshots_tests::snapshot_capabilities_v3 has been running for over 60 seconds

    (test timed out)

TRY 2 TRMNTG [>120.000s] (─────────) synapse-rust::integration api_route_ledger_tests::voip_tracking_routes_are_declared_when_feature_enabled
   TRY 2 TMT [ 120.008s] (─────────) synapse-rust::integration api_route_ledger_tests::voip_tracking_routes_are_declared_when_feature_enabled
  stdout ───

    running 1 test
    test api_route_ledger_tests::voip_tracking_routes_are_declared_when_feature_enabled has been running for over 60 seconds

    (test timed out)

  TRY 2 SLOW [> 60.000s] (─────────) synapse-rust::integration api_route_ledger_tests::worker_body_routes_are_live_when_worker_mode_enabled
TRY 3 TRMNTG [>120.000s] (─────────) synapse-rust::integration api_route_ledger_tests::declared_route_manifest_validates_with_no_duplicates
   TRY 3 TMT [ 120.006s] ( 271/1396) synapse-rust::integration api_route_ledger_tests::declared_route_manifest_validates_with_no_duplicates
  stdout ───

    running 1 test
    test api_route_ledger_tests::declared_route_manifest_validates_with_no_duplicates has been running for over 60 seconds

    (test timed out)

        SLOW [> 60.000s] (─────────) synapse-rust::integration api_route_snapshots_tests::snapshot_extended_profile_unauthorized_without_token
        SLOW [> 60.000s] (─────────) synapse-rust::integration api_route_snapshots_tests::snapshot_join_unauthorized_without_token
  TRY 3 SLOW [> 60.000s] (─────────) synapse-rust::integration api_route_ledger_tests::friend_routes_are_declared_when_feature_enabled
        PASS [  34.118s] ( 272/1396) synapse-rust::integration api_route_snapshots_tests::snapshot_login_flows_v3
  TRY 2 SLOW [> 60.000s] (─────────) synapse-rust::integration api_route_ledger_tests::worker_body_routes_follow_runtime_flag_in_ledger
  TRY 2 SLOW [> 60.000s] (─────────) synapse-rust::integration api_route_snapshots_tests::snapshot_capabilities_v3
  TRY 3 SLOW [> 60.000s] (─────────) synapse-rust::integration api_route_ledger_tests::voip_tracking_routes_are_declared_when_feature_enabled
TRY 2 TRMNTG [>120.000s] (─────────) synapse-rust::integration api_route_ledger_tests::worker_body_routes_are_live_when_worker_mode_enabled
   TRY 2 TMT [ 120.007s] (─────────) synapse-rust::integration api_route_ledger_tests::worker_body_routes_are_live_when_worker_mode_enabled
  stdout ───

    running 1 test
    test api_route_ledger_tests::worker_body_routes_are_live_when_worker_mode_enabled has been running for over 60 seconds

    (test timed out)

TRY 1 TRMNTG [>120.000s] (─────────) synapse-rust::integration api_route_snapshots_tests::snapshot_extended_profile_unauthorized_without_token
   TRY 1 TMT [ 120.009s] (─────────) synapse-rust::integration api_route_snapshots_tests::snapshot_extended_profile_unauthorized_without_token
  stdout ───

    running 1 test
    test api_route_snapshots_tests::snapshot_extended_profile_unauthorized_without_token has been running for over 60 seconds

    (test timed out)

TRY 1 TRMNTG [>120.000s] (─────────) synapse-rust::integration api_route_snapshots_tests::snapshot_join_unauthorized_without_token
   TRY 1 TMT [ 120.006s] (─────────) synapse-rust::integration api_route_snapshots_tests::snapshot_join_unauthorized_without_token
  stdout ───

    running 1 test
    test api_route_snapshots_tests::snapshot_join_unauthorized_without_token has been running for over 60 seconds

    (test timed out)

TRY 3 TRMNTG [>120.000s] (─────────) synapse-rust::integration api_route_ledger_tests::friend_routes_are_declared_when_feature_enabled
   TRY 3 TMT [ 120.008s] ( 273/1396) synapse-rust::integration api_route_ledger_tests::friend_routes_are_declared_when_feature_enabled
  stdout ───

    running 1 test
    test api_route_ledger_tests::friend_routes_are_declared_when_feature_enabled has been running for over 60 seconds

    (test timed out)

  TRY 2 PASS [ 114.698s] ( 274/1396) synapse-rust::integration api_route_ledger_tests::worker_body_routes_follow_runtime_flag_in_ledger
           - test configured to fail if flaky
        SLOW [> 60.000s] (─────────) synapse-rust::integration api_route_snapshots_tests::snapshot_login_invalid_credentials_error_shape
TRY 2 TRMNTG [>120.000s] (─────────) synapse-rust::integration api_route_snapshots_tests::snapshot_capabilities_v3
   TRY 2 TMT [ 120.009s] (─────────) synapse-rust::integration api_route_snapshots_tests::snapshot_capabilities_v3
  stdout ───

    running 1 test
    test api_route_snapshots_tests::snapshot_capabilities_v3 has been running for over 60 seconds

    (test timed out)

TRY 3 TRMNTG [>120.000s] (─────────) synapse-rust::integration api_route_ledger_tests::voip_tracking_routes_are_declared_when_feature_enabled
   TRY 3 TMT [ 120.010s] ( 275/1396) synapse-rust::integration api_route_ledger_tests::voip_tracking_routes_are_declared_when_feature_enabled
  stdout ───

    running 1 test
    test api_route_ledger_tests::voip_tracking_routes_are_declared_when_feature_enabled has been running for over 60 seconds

    (test timed out)

  TRY 3 SLOW [> 60.000s] (─────────) synapse-rust::integration api_route_ledger_tests::worker_body_routes_are_live_when_worker_mode_enabled
  TRY 3 PASS [  63.483s] ( 276/1396) synapse-rust::integration api_route_ledger_tests::worker_body_routes_are_live_when_worker_mode_enabled
           - test configured to fail if flaky
  TRY 2 SLOW [> 60.000s] (─────────) synapse-rust::integration api_route_snapshots_tests::snapshot_extended_profile_unauthorized_without_token
  TRY 2 SLOW [> 60.000s] (─────────) synapse-rust::integration api_route_snapshots_tests::snapshot_join_unauthorized_without_token
        SLOW [> 60.000s] (─────────) synapse-rust::integration api_route_snapshots_tests::snapshot_login_success_redacted_response_shape
        SLOW [> 60.000s] (─────────) synapse-rust::integration api_route_snapshots_tests::snapshot_register_flows_v3
TRY 1 TRMNTG [>120.000s] (─────────) synapse-rust::integration api_route_snapshots_tests::snapshot_login_invalid_credentials_error_shape
   TRY 1 TMT [ 120.010s] (─────────) synapse-rust::integration api_route_snapshots_tests::snapshot_login_invalid_credentials_error_shape
  stdout ───

    running 1 test
    test api_route_snapshots_tests::snapshot_login_invalid_credentials_error_shape has been running for over 60 seconds

    (test timed out)

  TRY 3 SLOW [> 60.000s] (─────────) synapse-rust::integration api_route_snapshots_tests::snapshot_capabilities_v3
        SLOW [> 60.000s] (─────────) synapse-rust::integration api_route_snapshots_tests::snapshot_register_uia_401_challenge
        PASS [ 111.865s] ( 277/1396) synapse-rust::integration api_route_snapshots_tests::snapshot_login_success_redacted_response_shape
        SLOW [> 60.000s] (─────────) synapse-rust::integration api_route_snapshots_tests::snapshot_sync_authenticated_initial_response_shape
TRY 2 TRMNTG [>120.000s] (─────────) synapse-rust::integration api_route_snapshots_tests::snapshot_extended_profile_unauthorized_without_token
   TRY 2 TMT [ 120.008s] (─────────) synapse-rust::integration api_route_snapshots_tests::snapshot_extended_profile_unauthorized_without_token
  stdout ───

    running 1 test
    test api_route_snapshots_tests::snapshot_extended_profile_unauthorized_without_token has been running for over 60 seconds

    (test timed out)

TRY 2 TRMNTG [>120.000s] (─────────) synapse-rust::integration api_route_snapshots_tests::snapshot_join_unauthorized_without_token
   TRY 2 TMT [ 120.007s] (─────────) synapse-rust::integration api_route_snapshots_tests::snapshot_join_unauthorized_without_token
  stdout ───

    running 1 test
    test api_route_snapshots_tests::snapshot_join_unauthorized_without_token has been running for over 60 seconds

    (test timed out)

TRY 1 TRMNTG [>120.000s] (─────────) synapse-rust::integration api_route_snapshots_tests::snapshot_register_flows_v3
   TRY 1 TMT [ 120.007s] (─────────) synapse-rust::integration api_route_snapshots_tests::snapshot_register_flows_v3
  stdout ───

    running 1 test
    test api_route_snapshots_tests::snapshot_register_flows_v3 has been running for over 60 seconds

    (test timed out)

  TRY 2 SLOW [> 60.000s] (─────────) synapse-rust::integration api_route_snapshots_tests::snapshot_login_invalid_credentials_error_shape
        PASS [  98.009s] ( 278/1396) synapse-rust::integration api_route_snapshots_tests::snapshot_register_uia_401_challenge
TRY 3 TRMNTG [>120.000s] (─────────) synapse-rust::integration api_route_snapshots_tests::snapshot_capabilities_v3
   TRY 3 TMT [ 120.008s] ( 279/1396) synapse-rust::integration api_route_snapshots_tests::snapshot_capabilities_v3
  stdout ───

    running 1 test
    test api_route_snapshots_tests::snapshot_capabilities_v3 has been running for over 60 seconds

    (test timed out)

        SLOW [> 60.000s] (─────────) synapse-rust::integration api_route_snapshots_tests::snapshot_sync_unauthorized_without_token
TRY 1 TRMNTG [>120.000s] (─────────) synapse-rust::integration api_route_snapshots_tests::snapshot_sync_authenticated_initial_response_shape
   TRY 1 TMT [ 120.007s] (─────────) synapse-rust::integration api_route_snapshots_tests::snapshot_sync_authenticated_initial_response_shape
  stdout ───

    running 1 test
    test api_route_snapshots_tests::snapshot_sync_authenticated_initial_response_shape has been running for over 60 seconds

    (test timed out)

  TRY 3 SLOW [> 60.000s] (─────────) synapse-rust::integration api_route_snapshots_tests::snapshot_extended_profile_unauthorized_without_token
  TRY 3 SLOW [> 60.000s] (─────────) synapse-rust::integration api_route_snapshots_tests::snapshot_join_unauthorized_without_token
  TRY 2 SLOW [> 60.000s] (─────────) synapse-rust::integration api_route_snapshots_tests::snapshot_register_flows_v3
  TRY 2 PASS [  62.030s] ( 280/1396) synapse-rust::integration api_route_snapshots_tests::snapshot_register_flows_v3
           - test configured to fail if flaky
TRY 2 TRMNTG [>120.000s] (─────────) synapse-rust::integration api_route_snapshots_tests::snapshot_login_invalid_credentials_error_shape
   TRY 2 TMT [ 120.009s] (─────────) synapse-rust::integration api_route_snapshots_tests::snapshot_login_invalid_credentials_error_shape
  stdout ───

    running 1 test
    test api_route_snapshots_tests::snapshot_login_invalid_credentials_error_shape has been running for over 60 seconds

    (test timed out)

        SLOW [> 60.000s] (─────────) synapse-rust::integration api_route_snapshots_tests::snapshot_versions_endpoint
        SLOW [> 60.000s] (─────────) synapse-rust::integration api_search_thread_tests::test_get_thread_forbids_non_members
TRY 1 TRMNTG [>120.000s] (─────────) synapse-rust::integration api_route_snapshots_tests::snapshot_sync_unauthorized_without_token
   TRY 1 TMT [ 120.009s] (─────────) synapse-rust::integration api_route_snapshots_tests::snapshot_sync_unauthorized_without_token
  stdout ───

    running 1 test
    test api_route_snapshots_tests::snapshot_sync_unauthorized_without_token has been running for over 60 seconds

    (test timed out)

  TRY 2 SLOW [> 60.000s] (─────────) synapse-rust::integration api_route_snapshots_tests::snapshot_sync_authenticated_initial_response_shape
TRY 3 TRMNTG [>120.000s] (─────────) synapse-rust::integration api_route_snapshots_tests::snapshot_extended_profile_unauthorized_without_token
   TRY 3 TMT [ 120.008s] ( 281/1396) synapse-rust::integration api_route_snapshots_tests::snapshot_extended_profile_unauthorized_without_token
  stdout ───

    running 1 test
    test api_route_snapshots_tests::snapshot_extended_profile_unauthorized_without_token has been running for over 60 seconds

    (test timed out)

TRY 3 TRMNTG [>120.000s] (─────────) synapse-rust::integration api_route_snapshots_tests::snapshot_join_unauthorized_without_token
   TRY 3 TMT [ 120.008s] ( 282/1396) synapse-rust::integration api_route_snapshots_tests::snapshot_join_unauthorized_without_token
  stdout ───

    running 1 test
    test api_route_snapshots_tests::snapshot_join_unauthorized_without_token has been running for over 60 seconds

    (test timed out)

        SLOW [> 60.000s] (─────────) synapse-rust::integration api_search_thread_tests::test_get_thread_returns_real_thread_details
  TRY 3 SLOW [> 60.000s] (─────────) synapse-rust::integration api_route_snapshots_tests::snapshot_login_invalid_credentials_error_shape
  TRY 2 PASS [  92.772s] ( 283/1396) synapse-rust::integration api_route_snapshots_tests::snapshot_sync_authenticated_initial_response_shape
           - test configured to fail if flaky
TRY 1 TRMNTG [>120.000s] (─────────) synapse-rust::integration api_route_snapshots_tests::snapshot_versions_endpoint
   TRY 1 TMT [ 120.010s] (─────────) synapse-rust::integration api_route_snapshots_tests::snapshot_versions_endpoint
  stdout ───

    running 1 test
    test api_route_snapshots_tests::snapshot_versions_endpoint has been running for over 60 seconds

    (test timed out)

TRY 1 TRMNTG [>120.000s] (─────────) synapse-rust::integration api_search_thread_tests::test_get_thread_forbids_non_members
   TRY 1 TMT [ 120.009s] (─────────) synapse-rust::integration api_search_thread_tests::test_get_thread_forbids_non_members
  stdout ───

    running 1 test
    test api_search_thread_tests::test_get_thread_forbids_non_members has been running for over 60 seconds

    (test timed out)

  TRY 2 SLOW [> 60.000s] (─────────) synapse-rust::integration api_route_snapshots_tests::snapshot_sync_unauthorized_without_token
        SLOW [> 60.000s] (─────────) synapse-rust::integration api_search_thread_tests::test_global_thread_routes_return_real_data
        SLOW [> 60.000s] (─────────) synapse-rust::integration api_search_thread_tests::test_global_threads_only_include_joined_rooms
  TRY 2 PASS [  90.745s] ( 284/1396) synapse-rust::integration api_route_snapshots_tests::snapshot_sync_unauthorized_without_token
           - test configured to fail if flaky
TRY 1 TRMNTG [>120.000s] (─────────) synapse-rust::integration api_search_thread_tests::test_get_thread_returns_real_thread_details
   TRY 1 TMT [ 120.010s] (─────────) synapse-rust::integration api_search_thread_tests::test_get_thread_returns_real_thread_details
  stdout ───

    running 1 test
    test api_search_thread_tests::test_get_thread_returns_real_thread_details has been running for over 60 seconds

    (test timed out)

TRY 3 TRMNTG [>120.000s] (─────────) synapse-rust::integration api_route_snapshots_tests::snapshot_login_invalid_credentials_error_shape
   TRY 3 TMT [ 120.007s] ( 285/1396) synapse-rust::integration api_route_snapshots_tests::snapshot_login_invalid_credentials_error_shape
  stdout ───

    running 1 test
    test api_route_snapshots_tests::snapshot_login_invalid_credentials_error_shape has been running for over 60 seconds

    (test timed out)

        SLOW [> 60.000s] (─────────) synapse-rust::integration api_search_thread_tests::test_r0_search_recipients_route_still_works_after_nesting
  TRY 2 SLOW [> 60.000s] (─────────) synapse-rust::integration api_route_snapshots_tests::snapshot_versions_endpoint
  TRY 2 SLOW [> 60.000s] (─────────) synapse-rust::integration api_search_thread_tests::test_get_thread_forbids_non_members
TRY 1 TRMNTG [>120.000s] (─────────) synapse-rust::integration api_search_thread_tests::test_global_thread_routes_return_real_data
   TRY 1 TMT [ 120.007s] (─────────) synapse-rust::integration api_search_thread_tests::test_global_thread_routes_return_real_data
  stdout ───

    running 1 test
    test api_search_thread_tests::test_global_thread_routes_return_real_data has been running for over 60 seconds

    (test timed out)

        PASS [  88.030s] ( 286/1396) synapse-rust::integration api_search_thread_tests::test_r0_search_recipients_route_still_works_after_nesting
TRY 1 TRMNTG [>120.000s] (─────────) synapse-rust::integration api_search_thread_tests::test_global_threads_only_include_joined_rooms
   TRY 1 TMT [ 120.010s] (─────────) synapse-rust::integration api_search_thread_tests::test_global_threads_only_include_joined_rooms
  stdout ───

    running 1 test
    test api_search_thread_tests::test_global_threads_only_include_joined_rooms has been running for over 60 seconds

    (test timed out)

        SLOW [> 60.000s] (─────────) synapse-rust::integration api_search_thread_tests::test_room_context_rejects_non_member_and_admin_override
  TRY 2 SLOW [> 60.000s] (─────────) synapse-rust::integration api_search_thread_tests::test_get_thread_returns_real_thread_details
        SLOW [> 60.000s] (─────────) synapse-rust::integration api_search_thread_tests::test_thread_compat_route_is_available_from_thread_module
TRY 2 TRMNTG [>120.000s] (─────────) synapse-rust::integration api_route_snapshots_tests::snapshot_versions_endpoint
   TRY 2 TMT [ 120.007s] (─────────) synapse-rust::integration api_route_snapshots_tests::snapshot_versions_endpoint
  stdout ───

    running 1 test
    test api_route_snapshots_tests::snapshot_versions_endpoint has been running for over 60 seconds

    (test timed out)

TRY 2 TRMNTG [>120.000s] (─────────) synapse-rust::integration api_search_thread_tests::test_get_thread_forbids_non_members
   TRY 2 TMT [ 120.006s] (─────────) synapse-rust::integration api_search_thread_tests::test_get_thread_forbids_non_members
  stdout ───

    running 1 test
    test api_search_thread_tests::test_get_thread_forbids_non_members has been running for over 60 seconds

    (test timed out)

  TRY 2 PASS [  59.664s] ( 287/1396) synapse-rust::integration api_search_thread_tests::test_global_thread_routes_return_real_data
           - test configured to fail if flaky
        SLOW [> 60.000s] (─────────) synapse-rust::integration api_search_thread_tests::test_thread_management_requires_room_creator
  TRY 2 SLOW [> 60.000s] (─────────) synapse-rust::integration api_search_thread_tests::test_global_threads_only_include_joined_rooms
TRY 1 TRMNTG [>120.000s] (─────────) synapse-rust::integration api_search_thread_tests::test_room_context_rejects_non_member_and_admin_override
   TRY 1 TMT [ 120.010s] (─────────) synapse-rust::integration api_search_thread_tests::test_room_context_rejects_non_member_and_admin_override
  stdout ───

    running 1 test
    test api_search_thread_tests::test_room_context_rejects_non_member_and_admin_override has been running for over 60 seconds

    (test timed out)

TRY 2 TRMNTG [>120.000s] (─────────) synapse-rust::integration api_search_thread_tests::test_get_thread_returns_real_thread_details
   TRY 2 TMT [ 120.008s] (─────────) synapse-rust::integration api_search_thread_tests::test_get_thread_returns_real_thread_details
  stdout ───

    running 1 test
    test api_search_thread_tests::test_get_thread_returns_real_thread_details has been running for over 60 seconds

    (test timed out)

TRY 1 TRMNTG [>120.000s] (─────────) synapse-rust::integration api_search_thread_tests::test_thread_compat_route_is_available_from_thread_module
   TRY 1 TMT [ 120.006s] (─────────) synapse-rust::integration api_search_thread_tests::test_thread_compat_route_is_available_from_thread_module
  stdout ───

    running 1 test
    test api_search_thread_tests::test_thread_compat_route_is_available_from_thread_module has been running for over 60 seconds

    (test timed out)

  TRY 3 SLOW [> 60.000s] (─────────) synapse-rust::integration api_route_snapshots_tests::snapshot_versions_endpoint
  TRY 3 SLOW [> 60.000s] (─────────) synapse-rust::integration api_search_thread_tests::test_get_thread_forbids_non_members
  TRY 2 PASS [  92.794s] ( 288/1396) synapse-rust::integration api_search_thread_tests::test_global_threads_only_include_joined_rooms
           - test configured to fail if flaky
        SLOW [> 60.000s] (─────────) synapse-rust::integration api_search_thread_tests::test_v3_search_validation_is_preserved_after_router_refactor
TRY 1 TRMNTG [>120.000s] (─────────) synapse-rust::integration api_search_thread_tests::test_thread_management_requires_room_creator
   TRY 1 TMT [ 120.007s] (─────────) synapse-rust::integration api_search_thread_tests::test_thread_management_requires_room_creator
  stdout ───

    running 1 test
    test api_search_thread_tests::test_thread_management_requires_room_creator has been running for over 60 seconds

    (test timed out)

  TRY 2 SLOW [> 60.000s] (─────────) synapse-rust::integration api_search_thread_tests::test_room_context_rejects_non_member_and_admin_override
  TRY 3 SLOW [> 60.000s] (─────────) synapse-rust::integration api_search_thread_tests::test_get_thread_returns_real_thread_details
  TRY 2 SLOW [> 60.000s] (─────────) synapse-rust::integration api_search_thread_tests::test_thread_compat_route_is_available_from_thread_module
        PASS [  92.138s] ( 289/1396) synapse-rust::integration api_search_thread_tests::test_v3_search_validation_is_preserved_after_router_refactor
TRY 3 TRMNTG [>120.000s] (─────────) synapse-rust::integration api_route_snapshots_tests::snapshot_versions_endpoint
   TRY 3 TMT [ 120.010s] ( 290/1396) synapse-rust::integration api_route_snapshots_tests::snapshot_versions_endpoint
  stdout ───

    running 1 test
    test api_route_snapshots_tests::snapshot_versions_endpoint has been running for over 60 seconds

    (test timed out)

TRY 3 TRMNTG [>120.000s] (─────────) synapse-rust::integration api_search_thread_tests::test_get_thread_forbids_non_members
   TRY 3 TMT [ 120.008s] ( 291/1396) synapse-rust::integration api_search_thread_tests::test_get_thread_forbids_non_members
  stdout ───

    running 1 test
    test api_search_thread_tests::test_get_thread_forbids_non_members has been running for over 60 seconds

    (test timed out)

        SLOW [> 60.000s] (─────────) synapse-rust::integration api_security_headers_tests::test_security_header_full_set
  TRY 2 SLOW [> 60.000s] (─────────) synapse-rust::integration api_search_thread_tests::test_thread_management_requires_room_creator
  TRY 1 FAIL [  88.631s] (─────────) synapse-rust::integration api_security_headers_tests::test_security_header_full_set
  stdout ───

    running 1 test
    test api_security_headers_tests::test_security_header_full_set has been running for over 60 seconds
    test api_security_headers_tests::test_security_header_full_set ... FAILED

    failures:

    failures:
        api_security_headers_tests::test_security_header_full_set

    test result: FAILED. 0 passed; 1 failed; 0 ignored; 0 measured; 1395 filtered out; finished in 88.61s

  stderr ───

    thread 'api_security_headers_tests::test_security_header_full_set' (65734909) panicked at tests/integration/api_security_headers_tests.rs:50:38:
    test app should start
    note: run with `RUST_BACKTRACE=1` environment variable to display a backtrace

TRY 2 TRMNTG [>120.000s] (─────────) synapse-rust::integration api_search_thread_tests::test_room_context_rejects_non_member_and_admin_override
   TRY 2 TMT [ 120.008s] (─────────) synapse-rust::integration api_search_thread_tests::test_room_context_rejects_non_member_and_admin_override
  stdout ───

    running 1 test
    test api_search_thread_tests::test_room_context_rejects_non_member_and_admin_override has been running for over 60 seconds

    (test timed out)

TRY 3 TRMNTG [>120.000s] (─────────) synapse-rust::integration api_search_thread_tests::test_get_thread_returns_real_thread_details
   TRY 3 TMT [ 120.007s] ( 292/1396) synapse-rust::integration api_search_thread_tests::test_get_thread_returns_real_thread_details
  stdout ───

    running 1 test
    test api_search_thread_tests::test_get_thread_returns_real_thread_details has been running for over 60 seconds

    (test timed out)

TRY 2 TRMNTG [>120.000s] (─────────) synapse-rust::integration api_search_thread_tests::test_thread_compat_route_is_available_from_thread_module
   TRY 2 TMT [ 120.007s] (─────────) synapse-rust::integration api_search_thread_tests::test_thread_compat_route_is_available_from_thread_module
  stdout ───

    running 1 test
    test api_search_thread_tests::test_thread_compat_route_is_available_from_thread_module has been running for over 60 seconds

    (test timed out)

        SLOW [> 60.000s] (─────────) synapse-rust::integration api_security_headers_tests::test_security_header_referrer_policy
        SLOW [> 60.000s] (─────────) synapse-rust::integration api_security_headers_tests::test_security_header_x_content_type_options_nosniff
        SLOW [> 60.000s] (─────────) synapse-rust::integration api_security_vuln_fix_tests::regression_protected_route_still_requires_auth
TRY 2 TRMNTG [>120.000s] (─────────) synapse-rust::integration api_search_thread_tests::test_thread_management_requires_room_creator
   TRY 2 TMT [ 120.006s] (─────────) synapse-rust::integration api_search_thread_tests::test_thread_management_requires_room_creator
  stdout ───

    running 1 test
    test api_search_thread_tests::test_thread_management_requires_room_creator has been running for over 60 seconds

    (test timed out)

  TRY 1 FAIL [  89.209s] (─────────) synapse-rust::integration api_security_headers_tests::test_security_header_x_content_type_options_nosniff
  stdout ───

    running 1 test
    test api_security_headers_tests::test_security_header_x_content_type_options_nosniff has been running for over 60 seconds
    test api_security_headers_tests::test_security_header_x_content_type_options_nosniff ... FAILED

    failures:

    failures:
        api_security_headers_tests::test_security_header_x_content_type_options_nosniff

    test result: FAILED. 0 passed; 1 failed; 0 ignored; 0 measured; 1395 filtered out; finished in 89.19s

  stderr ───

    thread 'api_security_headers_tests::test_security_header_x_content_type_options_nosniff' (65736371) panicked at tests/integration/api_security_headers_tests.rs:14:38:
    test app should start
    note: run with `RUST_BACKTRACE=1` environment variable to display a backtrace

  TRY 3 PASS [   1.820s] ( 293/1396) synapse-rust::integration api_search_thread_tests::test_thread_management_requires_room_creator
           - test configured to fail if flaky
  TRY 2 SLOW [> 60.000s] (─────────) synapse-rust::integration api_security_headers_tests::test_security_header_full_set
  TRY 3 SLOW [> 60.000s] (─────────) synapse-rust::integration api_search_thread_tests::test_room_context_rejects_non_member_and_admin_override
        SLOW [> 60.000s] (─────────) synapse-rust::integration api_security_vuln_fix_tests::regression_public_route_still_accessible
  TRY 3 SLOW [> 60.000s] (─────────) synapse-rust::integration api_search_thread_tests::test_thread_compat_route_is_available_from_thread_module
TRY 1 TRMNTG [>120.000s] (─────────) synapse-rust::integration api_security_headers_tests::test_security_header_referrer_policy
   TRY 1 TMT [ 120.007s] (─────────) synapse-rust::integration api_security_headers_tests::test_security_header_referrer_policy
  stdout ───

    running 1 test
    test api_security_headers_tests::test_security_header_referrer_policy has been running for over 60 seconds

    (test timed out)

TRY 1 TRMNTG [>120.000s] (─────────) synapse-rust::integration api_security_vuln_fix_tests::regression_protected_route_still_requires_auth
   TRY 1 TMT [ 120.009s] (─────────) synapse-rust::integration api_security_vuln_fix_tests::regression_protected_route_still_requires_auth
  stdout ───

    running 1 test
    test api_security_vuln_fix_tests::regression_protected_route_still_requires_auth has been running for over 60 seconds

    (test timed out)

        PASS [  64.213s] ( 294/1396) synapse-rust::integration api_security_vuln_fix_tests::regression_public_route_still_accessible
  TRY 2 SLOW [> 60.000s] (─────────) synapse-rust::integration api_security_headers_tests::test_security_header_x_content_type_options_nosniff
        SLOW [> 60.000s] (─────────) synapse-rust::integration api_security_vuln_fix_tests::vuln_01_media_r1_download_with_auth_still_works
TRY 2 TRMNTG [>120.000s] (─────────) synapse-rust::integration api_security_headers_tests::test_security_header_full_set
   TRY 2 TMT [ 120.008s] (─────────) synapse-rust::integration api_security_headers_tests::test_security_header_full_set
  stdout ───

    running 1 test
    test api_security_headers_tests::test_security_header_full_set has been running for over 60 seconds

    (test timed out)

TRY 3 TRMNTG [>120.000s] (─────────) synapse-rust::integration api_search_thread_tests::test_room_context_rejects_non_member_and_admin_override
   TRY 3 TMT [ 120.007s] ( 295/1396) synapse-rust::integration api_search_thread_tests::test_room_context_rejects_non_member_and_admin_override
  stdout ───

    running 1 test
    test api_search_thread_tests::test_room_context_rejects_non_member_and_admin_override has been running for over 60 seconds

    (test timed out)

TRY 3 TRMNTG [>120.000s] (─────────) synapse-rust::integration api_search_thread_tests::test_thread_compat_route_is_available_from_thread_module
   TRY 3 TMT [ 120.010s] ( 296/1396) synapse-rust::integration api_search_thread_tests::test_thread_compat_route_is_available_from_thread_module
  stdout ───

    running 1 test
    test api_search_thread_tests::test_thread_compat_route_is_available_from_thread_module has been running for over 60 seconds

    (test timed out)

  TRY 2 FAIL [  89.646s] (─────────) synapse-rust::integration api_security_headers_tests::test_security_header_x_content_type_options_nosniff
  stdout ───

    running 1 test
    test api_security_headers_tests::test_security_header_x_content_type_options_nosniff has been running for over 60 seconds
    test api_security_headers_tests::test_security_header_x_content_type_options_nosniff ... FAILED

    failures:

    failures:
        api_security_headers_tests::test_security_header_x_content_type_options_nosniff

    test result: FAILED. 0 passed; 1 failed; 0 ignored; 0 measured; 1395 filtered out; finished in 89.63s

  stderr ───

    thread 'api_security_headers_tests::test_security_header_x_content_type_options_nosniff' (65738601) panicked at tests/integration/api_security_headers_tests.rs:14:38:
    test app should start
    note: run with `RUST_BACKTRACE=1` environment variable to display a backtrace

  TRY 2 SLOW [> 60.000s] (─────────) synapse-rust::integration api_security_headers_tests::test_security_header_referrer_policy
  TRY 2 SLOW [> 60.000s] (─────────) synapse-rust::integration api_security_vuln_fix_tests::regression_protected_route_still_requires_auth
        SLOW [> 60.000s] (─────────) synapse-rust::integration api_security_vuln_fix_tests::vuln_01_media_r1_download_without_auth_returns_401
TRY 1 TRMNTG [>120.000s] (─────────) synapse-rust::integration api_security_vuln_fix_tests::vuln_01_media_r1_download_with_auth_still_works
   TRY 1 TMT [ 120.006s] (─────────) synapse-rust::integration api_security_vuln_fix_tests::vuln_01_media_r1_download_with_auth_still_works
  stdout ───

    running 1 test
    test api_security_vuln_fix_tests::vuln_01_media_r1_download_with_auth_still_works has been running for over 60 seconds

    (test timed out)

  TRY 3 SLOW [> 60.000s] (─────────) synapse-rust::integration api_security_headers_tests::test_security_header_full_set
  TRY 2 FAIL [  91.507s] (─────────) synapse-rust::integration api_security_headers_tests::test_security_header_referrer_policy
  stdout ───

    running 1 test
    test api_security_headers_tests::test_security_header_referrer_policy has been running for over 60 seconds
    test api_security_headers_tests::test_security_header_referrer_policy ... FAILED

    failures:

    failures:
        api_security_headers_tests::test_security_header_referrer_policy

    test result: FAILED. 0 passed; 1 failed; 0 ignored; 0 measured; 1395 filtered out; finished in 91.48s

  stderr ───

    thread 'api_security_headers_tests::test_security_header_referrer_policy' (65739361) panicked at tests/integration/api_security_headers_tests.rs:32:38:
    test app should start
    note: run with `RUST_BACKTRACE=1` environment variable to display a backtrace

  TRY 2 PASS [   1.510s] ( 297/1396) synapse-rust::integration api_security_vuln_fix_tests::vuln_01_media_r1_download_with_auth_still_works
           - test configured to fail if flaky
        SLOW [> 60.000s] (─────────) synapse-rust::integration api_security_vuln_fix_tests::vuln_02_media_r1_download_with_filename_without_auth_returns_401
        SLOW [> 60.000s] (─────────) synapse-rust::integration api_security_vuln_fix_tests::vuln_04_05_webhook_with_auth_not_blocked_by_401
  TRY 3 SLOW [> 60.000s] (─────────) synapse-rust::integration api_security_headers_tests::test_security_header_x_content_type_options_nosniff
TRY 2 TRMNTG [>120.000s] (─────────) synapse-rust::integration api_security_vuln_fix_tests::regression_protected_route_still_requires_auth
   TRY 2 TMT [ 120.008s] (─────────) synapse-rust::integration api_security_vuln_fix_tests::regression_protected_route_still_requires_auth
  stdout ───

    running 1 test
    test api_security_vuln_fix_tests::regression_protected_route_still_requires_auth has been running for over 60 seconds

    (test timed out)

TRY 1 TRMNTG [>120.000s] (─────────) synapse-rust::integration api_security_vuln_fix_tests::vuln_01_media_r1_download_without_auth_returns_401
   TRY 1 TMT [ 120.008s] (─────────) synapse-rust::integration api_security_vuln_fix_tests::vuln_01_media_r1_download_without_auth_returns_401
  stdout ───

    running 1 test
    test api_security_vuln_fix_tests::vuln_01_media_r1_download_without_auth_returns_401 has been running for over 60 seconds

    (test timed out)

  TRY 3 FAIL [ 118.191s] ( 298/1396) synapse-rust::integration api_security_headers_tests::test_security_header_full_set
  stdout ───

    running 1 test
    test api_security_headers_tests::test_security_header_full_set has been running for over 60 seconds
    test api_security_headers_tests::test_security_header_full_set ... FAILED

    failures:

    failures:
        api_security_headers_tests::test_security_header_full_set

    test result: FAILED. 0 passed; 1 failed; 0 ignored; 0 measured; 1395 filtered out; finished in 118.17s

  stderr ───

    thread 'api_security_headers_tests::test_security_header_full_set' (65740138) panicked at tests/integration/api_security_headers_tests.rs:50:38:
    test app should start
    note: run with `RUST_BACKTRACE=1` environment variable to display a backtrace

  TRY 3 SLOW [> 60.000s] (─────────) synapse-rust::integration api_security_headers_tests::test_security_header_referrer_policy
        SLOW [> 60.000s] (─────────) synapse-rust::integration api_security_vuln_fix_tests::vuln_04_trendradar_webhook_without_auth_returns_401
TRY 1 TRMNTG [>120.000s] (─────────) synapse-rust::integration api_security_vuln_fix_tests::vuln_02_media_r1_download_with_filename_without_auth_returns_401
   TRY 1 TMT [ 120.007s] (─────────) synapse-rust::integration api_security_vuln_fix_tests::vuln_02_media_r1_download_with_filename_without_auth_returns_401
  stdout ───

    running 1 test
    test api_security_vuln_fix_tests::vuln_02_media_r1_download_with_filename_without_auth_returns_401 has been running for over 60 seconds

    (test timed out)

TRY 1 TRMNTG [>120.000s] (─────────) synapse-rust::integration api_security_vuln_fix_tests::vuln_04_05_webhook_with_auth_not_blocked_by_401
   TRY 1 TMT [ 120.007s] (─────────) synapse-rust::integration api_security_vuln_fix_tests::vuln_04_05_webhook_with_auth_not_blocked_by_401
  stdout ───

    running 1 test
    test api_security_vuln_fix_tests::vuln_04_05_webhook_with_auth_not_blocked_by_401 has been running for over 60 seconds

    (test timed out)

TRY 3 TRMNTG [>120.000s] (─────────) synapse-rust::integration api_security_headers_tests::test_security_header_x_content_type_options_nosniff
   TRY 3 TMT [ 120.008s] ( 299/1396) synapse-rust::integration api_security_headers_tests::test_security_header_x_content_type_options_nosniff
  stdout ───

    running 1 test
    test api_security_headers_tests::test_security_header_x_content_type_options_nosniff has been running for over 60 seconds

    (test timed out)

        PASS [  89.604s] ( 300/1396) synapse-rust::integration api_security_vuln_fix_tests::vuln_04_trendradar_webhook_without_auth_returns_401
  TRY 3 SLOW [> 60.000s] (─────────) synapse-rust::integration api_security_vuln_fix_tests::regression_protected_route_still_requires_auth
  TRY 2 SLOW [> 60.000s] (─────────) synapse-rust::integration api_security_vuln_fix_tests::vuln_01_media_r1_download_without_auth_returns_401
        SLOW [> 60.000s] (─────────) synapse-rust::integration api_security_vuln_fix_tests::vuln_05_generic_webhook_without_auth_returns_401
TRY 3 TRMNTG [>120.000s] (─────────) synapse-rust::integration api_security_headers_tests::test_security_header_referrer_policy
   TRY 3 TMT [ 120.007s] ( 301/1396) synapse-rust::integration api_security_headers_tests::test_security_header_referrer_policy
  stdout ───

    running 1 test
    test api_security_headers_tests::test_security_header_referrer_policy has been running for over 60 seconds

    (test timed out)

  TRY 2 SLOW [> 60.000s] (─────────) synapse-rust::integration api_security_vuln_fix_tests::vuln_02_media_r1_download_with_filename_without_auth_returns_401
  TRY 2 SLOW [> 60.000s] (─────────) synapse-rust::integration api_security_vuln_fix_tests::vuln_04_05_webhook_with_auth_not_blocked_by_401
        SLOW [> 60.000s] (─────────) synapse-rust::integration api_space_routes_tests::test_create_space_route_rejects_non_creator_for_foreign_room
        SLOW [> 60.000s] (─────────) synapse-rust::integration api_space_routes_tests::test_private_space_read_routes_reject_anonymous_and_non_members
TRY 3 TRMNTG [>120.000s] (─────────) synapse-rust::integration api_security_vuln_fix_tests::regression_protected_route_still_requires_auth
   TRY 3 TMT [ 120.006s] ( 302/1396) synapse-rust::integration api_security_vuln_fix_tests::regression_protected_route_still_requires_auth
  stdout ───

    running 1 test
    test api_security_vuln_fix_tests::regression_protected_route_still_requires_auth has been running for over 60 seconds

    (test timed out)

TRY 2 TRMNTG [>120.000s] (─────────) synapse-rust::integration api_security_vuln_fix_tests::vuln_01_media_r1_download_without_auth_returns_401
   TRY 2 TMT [ 120.007s] (─────────) synapse-rust::integration api_security_vuln_fix_tests::vuln_01_media_r1_download_without_auth_returns_401
  stdout ───

    running 1 test
    test api_security_vuln_fix_tests::vuln_01_media_r1_download_without_auth_returns_401 has been running for over 60 seconds

    (test timed out)

        PASS [  31.970s] ( 303/1396) synapse-rust::integration api_space_routes_tests::test_space_children_hierarchy_suite_keeps_nested_chain_verified
TRY 1 TRMNTG [>120.000s] (─────────) synapse-rust::integration api_security_vuln_fix_tests::vuln_05_generic_webhook_without_auth_returns_401
   TRY 1 TMT [ 120.006s] (─────────) synapse-rust::integration api_security_vuln_fix_tests::vuln_05_generic_webhook_without_auth_returns_401
  stdout ───

    running 1 test
    test api_security_vuln_fix_tests::vuln_05_generic_webhook_without_auth_returns_401 has been running for over 60 seconds

    (test timed out)

TRY 2 TRMNTG [>120.000s] (─────────) synapse-rust::integration api_security_vuln_fix_tests::vuln_02_media_r1_download_with_filename_without_auth_returns_401
   TRY 2 TMT [ 120.009s] (─────────) synapse-rust::integration api_security_vuln_fix_tests::vuln_02_media_r1_download_with_filename_without_auth_returns_401
  stdout ───

    running 1 test
    test api_security_vuln_fix_tests::vuln_02_media_r1_download_with_filename_without_auth_returns_401 has been running for over 60 seconds

    (test timed out)

TRY 2 TRMNTG [>120.000s] (─────────) synapse-rust::integration api_security_vuln_fix_tests::vuln_04_05_webhook_with_auth_not_blocked_by_401
   TRY 2 TMT [ 120.007s] (─────────) synapse-rust::integration api_security_vuln_fix_tests::vuln_04_05_webhook_with_auth_not_blocked_by_401
  stdout ───

    running 1 test
    test api_security_vuln_fix_tests::vuln_04_05_webhook_with_auth_not_blocked_by_401 has been running for over 60 seconds

    (test timed out)

TRY 1 TRMNTG [>120.000s] (─────────) synapse-rust::integration api_space_routes_tests::test_create_space_route_rejects_non_creator_for_foreign_room
   TRY 1 TMT [ 120.009s] (─────────) synapse-rust::integration api_space_routes_tests::test_create_space_route_rejects_non_creator_for_foreign_room
  stdout ───

    running 1 test
    test api_space_routes_tests::test_create_space_route_rejects_non_creator_for_foreign_room has been running for over 60 seconds

    (test timed out)

TRY 1 TRMNTG [>120.000s] (─────────) synapse-rust::integration api_space_routes_tests::test_private_space_read_routes_reject_anonymous_and_non_members
   TRY 1 TMT [ 120.008s] (─────────) synapse-rust::integration api_space_routes_tests::test_private_space_read_routes_reject_anonymous_and_non_members
  stdout ───

    running 1 test
    test api_space_routes_tests::test_private_space_read_routes_reject_anonymous_and_non_members has been running for over 60 seconds

    (test timed out)

        SLOW [> 60.000s] (─────────) synapse-rust::integration api_space_routes_tests::test_space_lifecycle_query_suite_keeps_create_update_lookup_and_delete_verified
  TRY 3 SLOW [> 60.000s] (─────────) synapse-rust::integration api_security_vuln_fix_tests::vuln_01_media_r1_download_without_auth_returns_401
        SLOW [> 60.000s] (─────────) synapse-rust::integration api_space_routes_tests::test_space_membership_state_suite_keeps_invite_join_leave_closure_verified
  TRY 2 SLOW [> 60.000s] (─────────) synapse-rust::integration api_security_vuln_fix_tests::vuln_05_generic_webhook_without_auth_returns_401
  TRY 2 PASS [  60.559s] ( 304/1396) synapse-rust::integration api_security_vuln_fix_tests::vuln_05_generic_webhook_without_auth_returns_401
           - test configured to fail if flaky
  TRY 3 SLOW [> 60.000s] (─────────) synapse-rust::integration api_security_vuln_fix_tests::vuln_02_media_r1_download_with_filename_without_auth_returns_401
  TRY 3 SLOW [> 60.000s] (─────────) synapse-rust::integration api_security_vuln_fix_tests::vuln_04_05_webhook_with_auth_not_blocked_by_401
  TRY 2 SLOW [> 60.000s] (─────────) synapse-rust::integration api_space_routes_tests::test_create_space_route_rejects_non_creator_for_foreign_room
  TRY 2 SLOW [> 60.000s] (─────────) synapse-rust::integration api_space_routes_tests::test_private_space_read_routes_reject_anonymous_and_non_members
TRY 1 TRMNTG [>120.000s] (─────────) synapse-rust::integration api_space_routes_tests::test_space_lifecycle_query_suite_keeps_create_update_lookup_and_delete_verified
   TRY 1 TMT [ 120.007s] (─────────) synapse-rust::integration api_space_routes_tests::test_space_lifecycle_query_suite_keeps_create_update_lookup_and_delete_verified
  stdout ───

    running 1 test
    test api_space_routes_tests::test_space_lifecycle_query_suite_keeps_create_update_lookup_and_delete_verified has been running for over 60 seconds

    (test timed out)

TRY 3 TRMNTG [>120.000s] (─────────) synapse-rust::integration api_security_vuln_fix_tests::vuln_01_media_r1_download_without_auth_returns_401
   TRY 3 TMT [ 120.008s] ( 305/1396) synapse-rust::integration api_security_vuln_fix_tests::vuln_01_media_r1_download_without_auth_returns_401
  stdout ───

    running 1 test
    test api_security_vuln_fix_tests::vuln_01_media_r1_download_without_auth_returns_401 has been running for over 60 seconds

    (test timed out)

  TRY 2 PASS [  62.046s] ( 306/1396) synapse-rust::integration api_space_routes_tests::test_private_space_read_routes_reject_anonymous_and_non_members
           - test configured to fail if flaky
  TRY 2 PASS [   1.639s] ( 307/1396) synapse-rust::integration api_space_routes_tests::test_space_lifecycle_query_suite_keeps_create_update_lookup_and_delete_verified
           - test configured to fail if flaky
        PASS [   0.016s] ( 308/1396) synapse-rust::integration api_sticky_event_tests::sticky_event_integration_suite::test_event_type_validation
TRY 1 TRMNTG [>120.000s] (─────────) synapse-rust::integration api_space_routes_tests::test_space_membership_state_suite_keeps_invite_join_leave_closure_verified
   TRY 1 TMT [ 120.007s] (─────────) synapse-rust::integration api_space_routes_tests::test_space_membership_state_suite_keeps_invite_join_leave_closure_verified
  stdout ───

    running 1 test
    test api_space_routes_tests::test_space_membership_state_suite_keeps_invite_join_leave_closure_verified has been running for over 60 seconds

    (test timed out)

        SLOW [> 60.000s] (─────────) synapse-rust::integration api_space_routes_tests::test_space_shared_write_routes_reject_joined_non_creator
TRY 3 TRMNTG [>120.000s] (─────────) synapse-rust::integration api_security_vuln_fix_tests::vuln_02_media_r1_download_with_filename_without_auth_returns_401
   TRY 3 TMT [ 120.007s] ( 309/1396) synapse-rust::integration api_security_vuln_fix_tests::vuln_02_media_r1_download_with_filename_without_auth_returns_401
  stdout ───

    running 1 test
    test api_security_vuln_fix_tests::vuln_02_media_r1_download_with_filename_without_auth_returns_401 has been running for over 60 seconds

    (test timed out)

TRY 3 TRMNTG [>120.000s] (─────────) synapse-rust::integration api_security_vuln_fix_tests::vuln_04_05_webhook_with_auth_not_blocked_by_401
   TRY 3 TMT [ 120.007s] ( 310/1396) synapse-rust::integration api_security_vuln_fix_tests::vuln_04_05_webhook_with_auth_not_blocked_by_401
  stdout ───

    running 1 test
    test api_security_vuln_fix_tests::vuln_04_05_webhook_with_auth_not_blocked_by_401 has been running for over 60 seconds

    (test timed out)

TRY 2 TRMNTG [>120.000s] (─────────) synapse-rust::integration api_space_routes_tests::test_create_space_route_rejects_non_creator_for_foreign_room
   TRY 2 TMT [ 120.009s] (─────────) synapse-rust::integration api_space_routes_tests::test_create_space_route_rejects_non_creator_for_foreign_room
  stdout ───

    running 1 test
    test api_space_routes_tests::test_create_space_route_rejects_non_creator_for_foreign_room has been running for over 60 seconds

    (test timed out)

        PASS [  92.299s] ( 311/1396) synapse-rust::integration api_space_routes_tests::test_space_shared_write_routes_reject_joined_non_creator
        PASS [   0.017s] ( 312/1396) synapse-rust::integration api_sticky_event_tests::sticky_event_integration_suite::test_sticky_event_struct
        SLOW [> 60.000s] (─────────) synapse-rust::integration api_space_routes_tests::test_space_statistics_only_returns_visible_spaces
        SLOW [> 60.000s] (─────────) synapse-rust::integration api_space_routes_tests::test_space_summary_suite_keeps_summary_counts_and_child_projection_verified
        SLOW [> 60.000s] (─────────) synapse-rust::integration api_sticky_event_tests::sticky_event_integration_suite::test_get_rooms_with_sticky_events
  TRY 2 SLOW [> 60.000s] (─────────) synapse-rust::integration api_space_routes_tests::test_space_membership_state_suite_keeps_invite_join_leave_closure_verified
        PASS [  90.033s] ( 313/1396) synapse-rust::integration api_space_routes_tests::test_space_summary_suite_keeps_summary_counts_and_child_projection_verified
        SLOW [> 60.000s] (─────────) synapse-rust::integration api_sticky_event_tests::sticky_event_integration_suite::test_multiple_sticky_events
        SLOW [> 60.000s] (─────────) synapse-rust::integration api_sticky_event_tests::sticky_event_integration_suite::test_sticky_event_operations
  TRY 3 SLOW [> 60.000s] (─────────) synapse-rust::integration api_space_routes_tests::test_create_space_route_rejects_non_creator_for_foreign_room
        SLOW [> 60.000s] (─────────) synapse-rust::integration api_sticky_event_tests::sticky_event_integration_suite::test_update_sticky_event
TRY 1 TRMNTG [>120.000s] (─────────) synapse-rust::integration api_space_routes_tests::test_space_statistics_only_returns_visible_spaces
   TRY 1 TMT [ 120.010s] (─────────) synapse-rust::integration api_space_routes_tests::test_space_statistics_only_returns_visible_spaces
  stdout ───

    running 1 test
    test api_space_routes_tests::test_space_statistics_only_returns_visible_spaces has been running for over 60 seconds

    (test timed out)

TRY 1 TRMNTG [>120.000s] (─────────) synapse-rust::integration api_sticky_event_tests::sticky_event_integration_suite::test_get_rooms_with_sticky_events
   TRY 1 TMT [ 120.007s] (─────────) synapse-rust::integration api_sticky_event_tests::sticky_event_integration_suite::test_get_rooms_with_sticky_events
  stdout ───

    running 1 test
    test api_sticky_event_tests::sticky_event_integration_suite::test_get_rooms_with_sticky_events has been running for over 60 seconds

    (test timed out)

TRY 2 TRMNTG [>120.000s] (─────────) synapse-rust::integration api_space_routes_tests::test_space_membership_state_suite_keeps_invite_join_leave_closure_verified
   TRY 2 TMT [ 120.008s] (─────────) synapse-rust::integration api_space_routes_tests::test_space_membership_state_suite_keeps_invite_join_leave_closure_verified
  stdout ───

    running 1 test
    test api_space_routes_tests::test_space_membership_state_suite_keeps_invite_join_leave_closure_verified has been running for over 60 seconds

    (test timed out)

  TRY 1 FAIL [  95.622s] (─────────) synapse-rust::integration api_sticky_event_tests::sticky_event_integration_suite::test_multiple_sticky_events
  stdout ───

    running 1 test
    test api_sticky_event_tests::sticky_event_integration_suite::test_multiple_sticky_events has been running for over 60 seconds
    test api_sticky_event_tests::sticky_event_integration_suite::test_multiple_sticky_events ... FAILED

    failures:

    failures:
        api_sticky_event_tests::sticky_event_integration_suite::test_multiple_sticky_events

    test result: FAILED. 0 passed; 1 failed; 0 ignored; 0 measured; 1395 filtered out; finished in 95.59s

  stderr ───

    thread 'api_sticky_event_tests::sticky_event_integration_suite::test_multiple_sticky_events' (65750287) panicked at tests/integration/mod.rs:268:9:
    Integration test requires database setup. For local runs, start PostgreSQL and apply migrations first; in CI this must already succeed. Error: failed to clone template to test_68316_1_1788325314444951000: error returned from database: schema "test_template_v2_aa57a852f2913233" does not exist
    note: run with `RUST_BACKTRACE=1` environment variable to display a backtrace

        SLOW [> 60.000s] (─────────) synapse-rust::integration api_sync_filter_tests::test_sync_empty_since_token_treated_as_initial_sync
TRY 1 TRMNTG [>120.000s] (─────────) synapse-rust::integration api_sticky_event_tests::sticky_event_integration_suite::test_sticky_event_operations
   TRY 1 TMT [ 120.007s] (─────────) synapse-rust::integration api_sticky_event_tests::sticky_event_integration_suite::test_sticky_event_operations
  stdout ───

    running 1 test
    test api_sticky_event_tests::sticky_event_integration_suite::test_sticky_event_operations has been running for over 60 seconds

    (test timed out)

TRY 3 TRMNTG [>120.000s] (─────────) synapse-rust::integration api_space_routes_tests::test_create_space_route_rejects_non_creator_for_foreign_room
   TRY 3 TMT [ 120.008s] ( 314/1396) synapse-rust::integration api_space_routes_tests::test_create_space_route_rejects_non_creator_for_foreign_room
  stdout ───

    running 1 test
    test api_space_routes_tests::test_create_space_route_rejects_non_creator_for_foreign_room has been running for over 60 seconds

    (test timed out)

TRY 1 TRMNTG [>120.000s] (─────────) synapse-rust::integration api_sticky_event_tests::sticky_event_integration_suite::test_update_sticky_event
   TRY 1 TMT [ 120.007s] (─────────) synapse-rust::integration api_sticky_event_tests::sticky_event_integration_suite::test_update_sticky_event
  stdout ───

    running 1 test
    test api_sticky_event_tests::sticky_event_integration_suite::test_update_sticky_event has been running for over 60 seconds

    (test timed out)

  TRY 2 SLOW [> 60.000s] (─────────) synapse-rust::integration api_space_routes_tests::test_space_statistics_only_returns_visible_spaces
  TRY 2 SLOW [> 60.000s] (─────────) synapse-rust::integration api_sticky_event_tests::sticky_event_integration_suite::test_get_rooms_with_sticky_events
  TRY 3 SLOW [> 60.000s] (─────────) synapse-rust::integration api_space_routes_tests::test_space_membership_state_suite_keeps_invite_join_leave_closure_verified
  TRY 2 SLOW [> 60.000s] (─────────) synapse-rust::integration api_sticky_event_tests::sticky_event_integration_suite::test_multiple_sticky_events
TRY 1 TRMNTG [>120.000s] (─────────) synapse-rust::integration api_sync_filter_tests::test_sync_empty_since_token_treated_as_initial_sync
   TRY 1 TMT [ 120.008s] (─────────) synapse-rust::integration api_sync_filter_tests::test_sync_empty_since_token_treated_as_initial_sync
  stdout ───

    running 1 test
    test api_sync_filter_tests::test_sync_empty_since_token_treated_as_initial_sync has been running for over 60 seconds

    (test timed out)

  TRY 2 FAIL [  32.691s] (─────────) synapse-rust::integration api_sticky_event_tests::sticky_event_integration_suite::test_update_sticky_event
  stdout ───

    running 1 test
    test api_sticky_event_tests::sticky_event_integration_suite::test_update_sticky_event ... FAILED

    failures:

    failures:
        api_sticky_event_tests::sticky_event_integration_suite::test_update_sticky_event

    test result: FAILED. 0 passed; 1 failed; 0 ignored; 0 measured; 1395 filtered out; finished in 32.67s

  stderr ───

    thread 'api_sticky_event_tests::sticky_event_integration_suite::test_update_sticky_event' (65753509) panicked at tests/integration/mod.rs:268:9:
    Integration test requires database setup. For local runs, start PostgreSQL and apply migrations first; in CI this must already succeed. Error: failed to clone template to test_69105_1_1788325375947967000: error returned from database: schema "test_template_v2_aa57a852f2913233" does not exist
    note: run with `RUST_BACKTRACE=1` environment variable to display a backtrace

  TRY 2 SLOW [> 60.000s] (─────────) synapse-rust::integration api_sticky_event_tests::sticky_event_integration_suite::test_sticky_event_operations
        SLOW [> 60.000s] (─────────) synapse-rust::integration api_sync_filter_tests::test_sync_filter_applies_room_timeline_matchers_before_limit
TRY 2 TRMNTG [>120.000s] (─────────) synapse-rust::integration api_space_routes_tests::test_space_statistics_only_returns_visible_spaces
   TRY 2 TMT [ 120.005s] (─────────) synapse-rust::integration api_space_routes_tests::test_space_statistics_only_returns_visible_spaces
  stdout ───

    running 1 test
    test api_space_routes_tests::test_space_statistics_only_returns_visible_spaces has been running for over 60 seconds

    (test timed out)

TRY 2 TRMNTG [>120.000s] (─────────) synapse-rust::integration api_sticky_event_tests::sticky_event_integration_suite::test_get_rooms_with_sticky_events
   TRY 2 TMT [ 120.008s] (─────────) synapse-rust::integration api_sticky_event_tests::sticky_event_integration_suite::test_get_rooms_with_sticky_events
  stdout ───

    running 1 test
    test api_sticky_event_tests::sticky_event_integration_suite::test_get_rooms_with_sticky_events has been running for over 60 seconds

    (test timed out)

TRY 3 TRMNTG [>120.000s] (─────────) synapse-rust::integration api_space_routes_tests::test_space_membership_state_suite_keeps_invite_join_leave_closure_verified
   TRY 3 TMT [ 120.009s] ( 315/1396) synapse-rust::integration api_space_routes_tests::test_space_membership_state_suite_keeps_invite_join_leave_closure_verified
  stdout ───

    running 1 test
    test api_space_routes_tests::test_space_membership_state_suite_keeps_invite_join_leave_closure_verified has been running for over 60 seconds

    (test timed out)

TRY 2 TRMNTG [>120.000s] (─────────) synapse-rust::integration api_sticky_event_tests::sticky_event_integration_suite::test_multiple_sticky_events
   TRY 2 TMT [ 120.006s] (─────────) synapse-rust::integration api_sticky_event_tests::sticky_event_integration_suite::test_multiple_sticky_events
  stdout ───

    running 1 test
    test api_sticky_event_tests::sticky_event_integration_suite::test_multiple_sticky_events has been running for over 60 seconds

    (test timed out)

  TRY 2 SLOW [> 60.000s] (─────────) synapse-rust::integration api_sync_filter_tests::test_sync_empty_since_token_treated_as_initial_sync
  TRY 3 SLOW [> 60.000s] (─────────) synapse-rust::integration api_sticky_event_tests::sticky_event_integration_suite::test_update_sticky_event
TRY 2 TRMNTG [>120.000s] (─────────) synapse-rust::integration api_sticky_event_tests::sticky_event_integration_suite::test_sticky_event_operations
   TRY 2 TMT [ 120.008s] (─────────) synapse-rust::integration api_sticky_event_tests::sticky_event_integration_suite::test_sticky_event_operations
  stdout ───

    running 1 test
    test api_sticky_event_tests::sticky_event_integration_suite::test_sticky_event_operations has been running for over 60 seconds

    (test timed out)

TRY 1 TRMNTG [>120.000s] (─────────) synapse-rust::integration api_sync_filter_tests::test_sync_filter_applies_room_timeline_matchers_before_limit
   TRY 1 TMT [ 120.008s] (─────────) synapse-rust::integration api_sync_filter_tests::test_sync_filter_applies_room_timeline_matchers_before_limit
  stdout ───

    running 1 test
    test api_sync_filter_tests::test_sync_filter_applies_room_timeline_matchers_before_limit has been running for over 60 seconds

    (test timed out)

  TRY 3 SLOW [> 60.000s] (─────────) synapse-rust::integration api_space_routes_tests::test_space_statistics_only_returns_visible_spaces
  TRY 3 FAIL [  59.422s] ( 316/1396) synapse-rust::integration api_sticky_event_tests::sticky_event_integration_suite::test_get_rooms_with_sticky_events
  stdout ───

    running 1 test
    test api_sticky_event_tests::sticky_event_integration_suite::test_get_rooms_with_sticky_events ... FAILED

    failures:

    failures:
        api_sticky_event_tests::sticky_event_integration_suite::test_get_rooms_with_sticky_events

    test result: FAILED. 0 passed; 1 failed; 0 ignored; 0 measured; 1395 filtered out; finished in 59.40s

  stderr ───

    thread 'api_sticky_event_tests::sticky_event_integration_suite::test_get_rooms_with_sticky_events' (65755118) panicked at tests/integration/mod.rs:268:9:
    Integration test requires database setup. For local runs, start PostgreSQL and apply migrations first; in CI this must already succeed. Error: failed to clone template to test_69490_1_1788325464458220000: error returned from database: schema "test_template_v2_aa57a852f2913233" does not exist
    note: run with `RUST_BACKTRACE=1` environment variable to display a backtrace

        SLOW [> 60.000s] (─────────) synapse-rust::integration api_sync_filter_tests::test_sync_malformed_since_token_returns_bad_pagination
  TRY 3 SLOW [> 60.000s] (─────────) synapse-rust::integration api_sticky_event_tests::sticky_event_integration_suite::test_multiple_sticky_events
TRY 2 TRMNTG [>120.000s] (─────────) synapse-rust::integration api_sync_filter_tests::test_sync_empty_since_token_treated_as_initial_sync
   TRY 2 TMT [ 120.007s] (─────────) synapse-rust::integration api_sync_filter_tests::test_sync_empty_since_token_treated_as_initial_sync
  stdout ───

    running 1 test
    test api_sync_filter_tests::test_sync_empty_since_token_treated_as_initial_sync has been running for over 60 seconds

    (test timed out)

  TRY 3 FAIL [  62.259s] ( 317/1396) synapse-rust::integration api_sticky_event_tests::sticky_event_integration_suite::test_multiple_sticky_events
  stdout ───

    running 1 test
    test api_sticky_event_tests::sticky_event_integration_suite::test_multiple_sticky_events has been running for over 60 seconds
    test api_sticky_event_tests::sticky_event_integration_suite::test_multiple_sticky_events ... FAILED

    failures:

    failures:
        api_sticky_event_tests::sticky_event_integration_suite::test_multiple_sticky_events

    test result: FAILED. 0 passed; 1 failed; 0 ignored; 0 measured; 1395 filtered out; finished in 62.23s

  stderr ───

    thread 'api_sticky_event_tests::sticky_event_integration_suite::test_multiple_sticky_events' (65755805) panicked at tests/integration/mod.rs:268:9:
    Integration test requires database setup. For local runs, start PostgreSQL and apply migrations first; in CI this must already succeed. Error: failed to clone template to test_69660_1_1788325495924347000: error returned from database: schema "test_template_v2_aa57a852f2913233" does not exist
    note: run with `RUST_BACKTRACE=1` environment variable to display a backtrace

TRY 3 TRMNTG [>120.000s] (─────────) synapse-rust::integration api_sticky_event_tests::sticky_event_integration_suite::test_update_sticky_event
   TRY 3 TMT [ 120.007s] ( 318/1396) synapse-rust::integration api_sticky_event_tests::sticky_event_integration_suite::test_update_sticky_event
  stdout ───

    running 1 test
    test api_sticky_event_tests::sticky_event_integration_suite::test_update_sticky_event has been running for over 60 seconds

    (test timed out)

  TRY 3 SLOW [> 60.000s] (─────────) synapse-rust::integration api_sticky_event_tests::sticky_event_integration_suite::test_sticky_event_operations
  TRY 2 SLOW [> 60.000s] (─────────) synapse-rust::integration api_sync_filter_tests::test_sync_filter_applies_room_timeline_matchers_before_limit
TRY 3 TRMNTG [>120.000s] (─────────) synapse-rust::integration api_space_routes_tests::test_space_statistics_only_returns_visible_spaces
   TRY 3 TMT [ 120.007s] ( 319/1396) synapse-rust::integration api_space_routes_tests::test_space_statistics_only_returns_visible_spaces
  stdout ───

    running 1 test
    test api_space_routes_tests::test_space_statistics_only_returns_visible_spaces has been running for over 60 seconds

    (test timed out)

        SLOW [> 60.000s] (─────────) synapse-rust::integration api_sync_isolation_rate_limit_tests::test_sync_initial_vs_incremental_rate_limit_isolated
TRY 1 TRMNTG [>120.000s] (─────────) synapse-rust::integration api_sync_filter_tests::test_sync_malformed_since_token_returns_bad_pagination
   TRY 1 TMT [ 120.008s] (─────────) synapse-rust::integration api_sync_filter_tests::test_sync_malformed_since_token_returns_bad_pagination
  stdout ───

    running 1 test
    test api_sync_filter_tests::test_sync_malformed_since_token_returns_bad_pagination has been running for over 60 seconds

    (test timed out)

  TRY 3 FAIL [  93.883s] ( 320/1396) synapse-rust::integration api_sticky_event_tests::sticky_event_integration_suite::test_sticky_event_operations
  stdout ───

    running 1 test
    test api_sticky_event_tests::sticky_event_integration_suite::test_sticky_event_operations has been running for over 60 seconds
    test api_sticky_event_tests::sticky_event_integration_suite::test_sticky_event_operations ... FAILED

    failures:

    failures:
        api_sticky_event_tests::sticky_event_integration_suite::test_sticky_event_operations

    test result: FAILED. 0 passed; 1 failed; 0 ignored; 0 measured; 1395 filtered out; finished in 93.86s

  stderr ───

    thread 'api_sticky_event_tests::sticky_event_integration_suite::test_sticky_event_operations' (65756479) panicked at tests/integration/mod.rs:268:9:
    Integration test requires database setup. For local runs, start PostgreSQL and apply migrations first; in CI this must already succeed. Error: failed to clone template to test_69818_1_1788325553889646000: error returned from database: schema "test_template_v2_aa57a852f2913233" does not exist
    note: run with `RUST_BACKTRACE=1` environment variable to display a backtrace

  TRY 3 SLOW [> 60.000s] (─────────) synapse-rust::integration api_sync_filter_tests::test_sync_empty_since_token_treated_as_initial_sync
        SLOW [> 60.000s] (─────────) synapse-rust::integration api_sync_isolation_rate_limit_tests::test_sync_rate_limit_backend_errors_fail_open
        SLOW [> 60.000s] (─────────) synapse-rust::integration api_telemetry_alerts_tests::test_telemetry_metrics_alerts_and_ack
TRY 2 TRMNTG [>120.000s] (─────────) synapse-rust::integration api_sync_filter_tests::test_sync_filter_applies_room_timeline_matchers_before_limit
   TRY 2 TMT [ 120.009s] (─────────) synapse-rust::integration api_sync_filter_tests::test_sync_filter_applies_room_timeline_matchers_before_limit
  stdout ───

    running 1 test
    test api_sync_filter_tests::test_sync_filter_applies_room_timeline_matchers_before_limit has been running for over 60 seconds

    (test timed out)

        SLOW [> 60.000s] (─────────) synapse-rust::integration api_telemetry_alerts_tests::test_telemetry_metrics_preserve_explainable_mixed_contention_counts
TRY 1 TRMNTG [>120.000s] (─────────) synapse-rust::integration api_sync_isolation_rate_limit_tests::test_sync_initial_vs_incremental_rate_limit_isolated
   TRY 1 TMT [ 120.010s] (─────────) synapse-rust::integration api_sync_isolation_rate_limit_tests::test_sync_initial_vs_incremental_rate_limit_isolated
  stdout ───

    running 1 test
    test api_sync_isolation_rate_limit_tests::test_sync_initial_vs_incremental_rate_limit_isolated has been running for over 60 seconds

    (test timed out)

  TRY 2 SLOW [> 60.000s] (─────────) synapse-rust::integration api_sync_filter_tests::test_sync_malformed_since_token_returns_bad_pagination
        SLOW [> 60.000s] (─────────) synapse-rust::integration api_telemetry_alerts_tests::test_telemetry_metrics_reflect_real_scheduler_recovery_flow
TRY 3 TRMNTG [>120.000s] (─────────) synapse-rust::integration api_sync_filter_tests::test_sync_empty_since_token_treated_as_initial_sync
   TRY 3 TMT [ 120.009s] ( 321/1396) synapse-rust::integration api_sync_filter_tests::test_sync_empty_since_token_treated_as_initial_sync
  stdout ───

    running 1 test
    test api_sync_filter_tests::test_sync_empty_since_token_treated_as_initial_sync has been running for over 60 seconds

    (test timed out)

TRY 1 TRMNTG [>120.000s] (─────────) synapse-rust::integration api_sync_isolation_rate_limit_tests::test_sync_rate_limit_backend_errors_fail_open
   TRY 1 TMT [ 120.006s] (─────────) synapse-rust::integration api_sync_isolation_rate_limit_tests::test_sync_rate_limit_backend_errors_fail_open
  stdout ───

    running 1 test
    test api_sync_isolation_rate_limit_tests::test_sync_rate_limit_backend_errors_fail_open has been running for over 60 seconds

    (test timed out)

TRY 1 TRMNTG [>120.000s] (─────────) synapse-rust::integration api_telemetry_alerts_tests::test_telemetry_metrics_alerts_and_ack
   TRY 1 TMT [ 120.007s] (─────────) synapse-rust::integration api_telemetry_alerts_tests::test_telemetry_metrics_alerts_and_ack
  stdout ───

    running 1 test
    test api_telemetry_alerts_tests::test_telemetry_metrics_alerts_and_ack has been running for over 60 seconds

    (test timed out)

  TRY 3 SLOW [> 60.000s] (─────────) synapse-rust::integration api_sync_filter_tests::test_sync_filter_applies_room_timeline_matchers_before_limit
TRY 1 TRMNTG [>120.000s] (─────────) synapse-rust::integration api_telemetry_alerts_tests::test_telemetry_metrics_preserve_explainable_mixed_contention_counts
   TRY 1 TMT [ 120.007s] (─────────) synapse-rust::integration api_telemetry_alerts_tests::test_telemetry_metrics_preserve_explainable_mixed_contention_counts
  stdout ───

    running 1 test
    test api_telemetry_alerts_tests::test_telemetry_metrics_preserve_explainable_mixed_contention_counts has been running for over 60 seconds

    (test timed out)

  TRY 2 SLOW [> 60.000s] (─────────) synapse-rust::integration api_sync_isolation_rate_limit_tests::test_sync_initial_vs_incremental_rate_limit_isolated
TRY 2 TRMNTG [>120.000s] (─────────) synapse-rust::integration api_sync_filter_tests::test_sync_malformed_since_token_returns_bad_pagination
   TRY 2 TMT [ 120.008s] (─────────) synapse-rust::integration api_sync_filter_tests::test_sync_malformed_since_token_returns_bad_pagination
  stdout ───

    running 1 test
    test api_sync_filter_tests::test_sync_malformed_since_token_returns_bad_pagination has been running for over 60 seconds

    (test timed out)

  TRY 3 PASS [  64.836s] ( 322/1396) synapse-rust::integration api_sync_filter_tests::test_sync_filter_applies_room_timeline_matchers_before_limit
           - test configured to fail if flaky
  TRY 2 FAIL [   2.326s] (─────────) synapse-rust::integration api_telemetry_alerts_tests::test_telemetry_metrics_preserve_explainable_mixed_contention_counts
  stdout ───

    running 1 test
    test api_telemetry_alerts_tests::test_telemetry_metrics_preserve_explainable_mixed_contention_counts ... FAILED

    failures:

    failures:
        api_telemetry_alerts_tests::test_telemetry_metrics_preserve_explainable_mixed_contention_counts

    test result: FAILED. 0 passed; 1 failed; 0 ignored; 0 measured; 1395 filtered out; finished in 2.31s

  stderr ───

    thread 'api_telemetry_alerts_tests::test_telemetry_metrics_preserve_explainable_mixed_contention_counts' (65761483) panicked at tests/integration/mod.rs:268:9:
    Integration test requires database setup. For local runs, start PostgreSQL and apply migrations first; in CI this must already succeed. Error: failed to clone template to test_70969_1_1788325645588351000: error returned from database: schema "test_template_v2_aa57a852f2913233" does not exist
    note: run with `RUST_BACKTRACE=1` environment variable to display a backtrace

TRY 1 TRMNTG [>120.000s] (─────────) synapse-rust::integration api_telemetry_alerts_tests::test_telemetry_metrics_reflect_real_scheduler_recovery_flow
   TRY 1 TMT [ 120.007s] (─────────) synapse-rust::integration api_telemetry_alerts_tests::test_telemetry_metrics_reflect_real_scheduler_recovery_flow
  stdout ───

    running 1 test
    test api_telemetry_alerts_tests::test_telemetry_metrics_reflect_real_scheduler_recovery_flow has been running for over 60 seconds

    (test timed out)

        SLOW [> 60.000s] (─────────) synapse-rust::integration api_typing_routes_tests::test_typing_read_routes_reject_non_members
  TRY 2 SLOW [> 60.000s] (─────────) synapse-rust::integration api_sync_isolation_rate_limit_tests::test_sync_rate_limit_backend_errors_fail_open
  TRY 2 SLOW [> 60.000s] (─────────) synapse-rust::integration api_telemetry_alerts_tests::test_telemetry_metrics_alerts_and_ack
        PASS [  63.629s] ( 323/1396) synapse-rust::integration api_typing_routes_tests::test_typing_read_routes_reject_non_members
TRY 2 TRMNTG [>120.000s] (─────────) synapse-rust::integration api_sync_isolation_rate_limit_tests::test_sync_initial_vs_incremental_rate_limit_isolated
   TRY 2 TMT [ 120.005s] (─────────) synapse-rust::integration api_sync_isolation_rate_limit_tests::test_sync_initial_vs_incremental_rate_limit_isolated
  stdout ───

    running 1 test
    test api_sync_isolation_rate_limit_tests::test_sync_initial_vs_incremental_rate_limit_isolated has been running for over 60 seconds

    (test timed out)

  TRY 3 SLOW [> 60.000s] (─────────) synapse-rust::integration api_sync_filter_tests::test_sync_malformed_since_token_returns_bad_pagination
        SLOW [> 60.000s] (─────────) synapse-rust::integration api_typing_routes_tests::test_typing_write_and_bulk_routes_require_room_access
  TRY 3 SLOW [> 60.000s] (─────────) synapse-rust::integration api_telemetry_alerts_tests::test_telemetry_metrics_preserve_explainable_mixed_contention_counts
  TRY 2 SLOW [> 60.000s] (─────────) synapse-rust::integration api_telemetry_alerts_tests::test_telemetry_metrics_reflect_real_scheduler_recovery_flow
TRY 2 TRMNTG [>120.000s] (─────────) synapse-rust::integration api_sync_isolation_rate_limit_tests::test_sync_rate_limit_backend_errors_fail_open
   TRY 2 TMT [ 120.008s] (─────────) synapse-rust::integration api_sync_isolation_rate_limit_tests::test_sync_rate_limit_backend_errors_fail_open
  stdout ───

    running 1 test
    test api_sync_isolation_rate_limit_tests::test_sync_rate_limit_backend_errors_fail_open has been running for over 60 seconds

    (test timed out)

TRY 2 TRMNTG [>120.000s] (─────────) synapse-rust::integration api_telemetry_alerts_tests::test_telemetry_metrics_alerts_and_ack
   TRY 2 TMT [ 120.009s] (─────────) synapse-rust::integration api_telemetry_alerts_tests::test_telemetry_metrics_alerts_and_ack
  stdout ───

    running 1 test
    test api_telemetry_alerts_tests::test_telemetry_metrics_alerts_and_ack has been running for over 60 seconds

    (test timed out)

        SLOW [> 60.000s] (─────────) synapse-rust::integration api_widget_tests::test_create_widget_allows_joined_room_moderator
  TRY 3 PASS [  96.603s] ( 324/1396) synapse-rust::integration api_sync_filter_tests::test_sync_malformed_since_token_returns_bad_pagination
           - test configured to fail if flaky
  TRY 3 SLOW [> 60.000s] (─────────) synapse-rust::integration api_sync_isolation_rate_limit_tests::test_sync_initial_vs_incremental_rate_limit_isolated
TRY 1 TRMNTG [>120.000s] (─────────) synapse-rust::integration api_typing_routes_tests::test_typing_write_and_bulk_routes_require_room_access
   TRY 1 TMT [ 120.005s] (─────────) synapse-rust::integration api_typing_routes_tests::test_typing_write_and_bulk_routes_require_room_access
  stdout ───

    running 1 test
    test api_typing_routes_tests::test_typing_write_and_bulk_routes_require_room_access has been running for over 60 seconds

    (test timed out)

TRY 3 TRMNTG [>120.000s] (─────────) synapse-rust::integration api_telemetry_alerts_tests::test_telemetry_metrics_preserve_explainable_mixed_contention_counts
   TRY 3 TMT [ 120.008s] ( 325/1396) synapse-rust::integration api_telemetry_alerts_tests::test_telemetry_metrics_preserve_explainable_mixed_contention_counts
  stdout ───

    running 1 test
    test api_telemetry_alerts_tests::test_telemetry_metrics_preserve_explainable_mixed_contention_counts has been running for over 60 seconds

    (test timed out)

TRY 2 TRMNTG [>120.000s] (─────────) synapse-rust::integration api_telemetry_alerts_tests::test_telemetry_metrics_reflect_real_scheduler_recovery_flow
   TRY 2 TMT [ 120.007s] (─────────) synapse-rust::integration api_telemetry_alerts_tests::test_telemetry_metrics_reflect_real_scheduler_recovery_flow
  stdout ───

    running 1 test
    test api_telemetry_alerts_tests::test_telemetry_metrics_reflect_real_scheduler_recovery_flow has been running for over 60 seconds

    (test timed out)

  TRY 3 SLOW [> 60.000s] (─────────) synapse-rust::integration api_sync_isolation_rate_limit_tests::test_sync_rate_limit_backend_errors_fail_open
  TRY 3 SLOW [> 60.000s] (─────────) synapse-rust::integration api_telemetry_alerts_tests::test_telemetry_metrics_alerts_and_ack
TRY 1 TRMNTG [>120.000s] (─────────) synapse-rust::integration api_widget_tests::test_create_widget_allows_joined_room_moderator
   TRY 1 TMT [ 120.006s] (─────────) synapse-rust::integration api_widget_tests::test_create_widget_allows_joined_room_moderator
  stdout ───

    running 1 test
    test api_widget_tests::test_create_widget_allows_joined_room_moderator has been running for over 60 seconds

    (test timed out)

  TRY 3 FAIL [  94.157s] ( 326/1396) synapse-rust::integration api_sync_isolation_rate_limit_tests::test_sync_initial_vs_incremental_rate_limit_isolated
  stdout ───

    running 1 test
    test api_sync_isolation_rate_limit_tests::test_sync_initial_vs_incremental_rate_limit_isolated has been running for over 60 seconds
    test api_sync_isolation_rate_limit_tests::test_sync_initial_vs_incremental_rate_limit_isolated ... FAILED

    failures:

    failures:
        api_sync_isolation_rate_limit_tests::test_sync_initial_vs_incremental_rate_limit_isolated

    test result: FAILED. 0 passed; 1 failed; 0 ignored; 0 measured; 1395 filtered out; finished in 94.14s

  stderr ───

    thread 'api_sync_isolation_rate_limit_tests::test_sync_initial_vs_incremental_rate_limit_isolated' (65763166) panicked at tests/integration/mod.rs:268:9:
    Integration test requires database setup. For local runs, start PostgreSQL and apply migrations first; in CI this must already succeed. Error: failed to clone template to test_71369_1_1788325798719264000: error returned from database: schema "test_template_v2_aa57a852f2913233" does not exist
    note: run with `RUST_BACKTRACE=1` environment variable to display a backtrace

        SLOW [> 60.000s] (─────────) synapse-rust::integration api_widget_tests::test_create_widget_forbidden_for_non_member
  TRY 2 SLOW [> 60.000s] (─────────) synapse-rust::integration api_typing_routes_tests::test_typing_write_and_bulk_routes_require_room_access
        SLOW [> 60.000s] (─────────) synapse-rust::integration api_widget_tests::test_create_widget_rejects_joined_non_creator
  TRY 3 SLOW [> 60.000s] (─────────) synapse-rust::integration api_telemetry_alerts_tests::test_telemetry_metrics_reflect_real_scheduler_recovery_flow
TRY 3 TRMNTG [>120.000s] (─────────) synapse-rust::integration api_sync_isolation_rate_limit_tests::test_sync_rate_limit_backend_errors_fail_open
   TRY 3 TMT [ 120.007s] ( 327/1396) synapse-rust::integration api_sync_isolation_rate_limit_tests::test_sync_rate_limit_backend_errors_fail_open
  stdout ───

    running 1 test
    test api_sync_isolation_rate_limit_tests::test_sync_rate_limit_backend_errors_fail_open has been running for over 60 seconds

    (test timed out)

TRY 3 TRMNTG [>120.000s] (─────────) synapse-rust::integration api_telemetry_alerts_tests::test_telemetry_metrics_alerts_and_ack
   TRY 3 TMT [ 120.005s] ( 328/1396) synapse-rust::integration api_telemetry_alerts_tests::test_telemetry_metrics_alerts_and_ack
  stdout ───

    running 1 test
    test api_telemetry_alerts_tests::test_telemetry_metrics_alerts_and_ack has been running for over 60 seconds

    (test timed out)

  TRY 2 SLOW [> 60.000s] (─────────) synapse-rust::integration api_widget_tests::test_create_widget_allows_joined_room_moderator
        SLOW [> 60.000s] (─────────) synapse-rust::integration api_widget_tests::test_create_widget_returns_not_found_for_missing_room
TRY 1 TRMNTG [>120.000s] (─────────) synapse-rust::integration api_widget_tests::test_create_widget_forbidden_for_non_member
   TRY 1 TMT [ 120.006s] (─────────) synapse-rust::integration api_widget_tests::test_create_widget_forbidden_for_non_member
  stdout ───

    running 1 test
    test api_widget_tests::test_create_widget_forbidden_for_non_member has been running for over 60 seconds

    (test timed out)

TRY 2 TRMNTG [>120.000s] (─────────) synapse-rust::integration api_typing_routes_tests::test_typing_write_and_bulk_routes_require_room_access
   TRY 2 TMT [ 120.006s] (─────────) synapse-rust::integration api_typing_routes_tests::test_typing_write_and_bulk_routes_require_room_access
  stdout ───

    running 1 test
    test api_typing_routes_tests::test_typing_write_and_bulk_routes_require_room_access has been running for over 60 seconds

    (test timed out)

TRY 1 TRMNTG [>120.000s] (─────────) synapse-rust::integration api_widget_tests::test_create_widget_rejects_joined_non_creator
   TRY 1 TMT [ 120.008s] (─────────) synapse-rust::integration api_widget_tests::test_create_widget_rejects_joined_non_creator
  stdout ───

    running 1 test
    test api_widget_tests::test_create_widget_rejects_joined_non_creator has been running for over 60 seconds

    (test timed out)

TRY 3 TRMNTG [>120.000s] (─────────) synapse-rust::integration api_telemetry_alerts_tests::test_telemetry_metrics_reflect_real_scheduler_recovery_flow
   TRY 3 TMT [ 120.008s] ( 329/1396) synapse-rust::integration api_telemetry_alerts_tests::test_telemetry_metrics_reflect_real_scheduler_recovery_flow
  stdout ───

    running 1 test
    test api_telemetry_alerts_tests::test_telemetry_metrics_reflect_real_scheduler_recovery_flow has been running for over 60 seconds

    (test timed out)

        SLOW [> 60.000s] (─────────) synapse-rust::integration api_widget_tests::test_create_widget_session_rejects_mismatched_body_widget_id
        SLOW [> 60.000s] (─────────) synapse-rust::integration api_widget_tests::test_create_widget_session_uses_path_widget_id
TRY 2 TRMNTG [>120.000s] (─────────) synapse-rust::integration api_widget_tests::test_create_widget_allows_joined_room_moderator
   TRY 2 TMT [ 120.007s] (─────────) synapse-rust::integration api_widget_tests::test_create_widget_allows_joined_room_moderator
  stdout ───

    running 1 test
    test api_widget_tests::test_create_widget_allows_joined_room_moderator has been running for over 60 seconds

    (test timed out)

TRY 1 TRMNTG [>120.000s] (─────────) synapse-rust::integration api_widget_tests::test_create_widget_returns_not_found_for_missing_room
   TRY 1 TMT [ 120.005s] (─────────) synapse-rust::integration api_widget_tests::test_create_widget_returns_not_found_for_missing_room
  stdout ───

    running 1 test
    test api_widget_tests::test_create_widget_returns_not_found_for_missing_room has been running for over 60 seconds

    (test timed out)

  TRY 2 SLOW [> 60.000s] (─────────) synapse-rust::integration api_widget_tests::test_create_widget_forbidden_for_non_member
  TRY 2 PASS [  58.755s] ( 330/1396) synapse-rust::integration api_widget_tests::test_create_widget_rejects_joined_non_creator
           - test configured to fail if flaky
  TRY 3 SLOW [> 60.000s] (─────────) synapse-rust::integration api_typing_routes_tests::test_typing_write_and_bulk_routes_require_room_access
        SLOW [> 60.000s] (─────────) synapse-rust::integration api_widget_tests::test_create_widget_succeeds_for_existing_room
TRY 1 TRMNTG [>120.000s] (─────────) synapse-rust::integration api_widget_tests::test_create_widget_session_rejects_mismatched_body_widget_id
   TRY 1 TMT [ 120.007s] (─────────) synapse-rust::integration api_widget_tests::test_create_widget_session_rejects_mismatched_body_widget_id
  stdout ───

    running 1 test
    test api_widget_tests::test_create_widget_session_rejects_mismatched_body_widget_id has been running for over 60 seconds

    (test timed out)

TRY 1 TRMNTG [>120.000s] (─────────) synapse-rust::integration api_widget_tests::test_create_widget_session_uses_path_widget_id
   TRY 1 TMT [ 120.005s] (─────────) synapse-rust::integration api_widget_tests::test_create_widget_session_uses_path_widget_id
  stdout ───

    running 1 test
    test api_widget_tests::test_create_widget_session_uses_path_widget_id has been running for over 60 seconds

    (test timed out)

  TRY 3 PASS [  91.073s] ( 331/1396) synapse-rust::integration api_typing_routes_tests::test_typing_write_and_bulk_routes_require_room_access
           - test configured to fail if flaky
  TRY 3 SLOW [> 60.000s] (─────────) synapse-rust::integration api_widget_tests::test_create_widget_allows_joined_room_moderator
  TRY 2 SLOW [> 60.000s] (─────────) synapse-rust::integration api_widget_tests::test_create_widget_returns_not_found_for_missing_room
TRY 2 TRMNTG [>120.000s] (─────────) synapse-rust::integration api_widget_tests::test_create_widget_forbidden_for_non_member
   TRY 2 TMT [ 120.008s] (─────────) synapse-rust::integration api_widget_tests::test_create_widget_forbidden_for_non_member
  stdout ───

    running 1 test
    test api_widget_tests::test_create_widget_forbidden_for_non_member has been running for over 60 seconds

    (test timed out)

        SLOW [> 60.000s] (─────────) synapse-rust::integration api_widget_tests::test_get_jitsi_config_forbidden_for_non_member
        PASS [  88.818s] ( 332/1396) synapse-rust::integration api_widget_tests::test_get_jitsi_config_forbidden_for_non_member
TRY 1 TRMNTG [>120.000s] (─────────) synapse-rust::integration api_widget_tests::test_create_widget_succeeds_for_existing_room
   TRY 1 TMT [ 120.006s] (─────────) synapse-rust::integration api_widget_tests::test_create_widget_succeeds_for_existing_room
  stdout ───

    running 1 test
    test api_widget_tests::test_create_widget_succeeds_for_existing_room has been running for over 60 seconds

    (test timed out)

  TRY 2 SLOW [> 60.000s] (─────────) synapse-rust::integration api_widget_tests::test_create_widget_session_rejects_mismatched_body_widget_id
  TRY 2 SLOW [> 60.000s] (─────────) synapse-rust::integration api_widget_tests::test_create_widget_session_uses_path_widget_id
        SLOW [> 60.000s] (─────────) synapse-rust::integration api_widget_tests::test_get_room_widget_capabilities_forbidden_for_non_member
TRY 3 TRMNTG [>120.000s] (─────────) synapse-rust::integration api_widget_tests::test_create_widget_allows_joined_room_moderator
   TRY 3 TMT [ 120.005s] ( 333/1396) synapse-rust::integration api_widget_tests::test_create_widget_allows_joined_room_moderator
  stdout ───

    running 1 test
    test api_widget_tests::test_create_widget_allows_joined_room_moderator has been running for over 60 seconds

    (test timed out)

TRY 2 TRMNTG [>120.000s] (─────────) synapse-rust::integration api_widget_tests::test_create_widget_returns_not_found_for_missing_room
   TRY 2 TMT [ 120.005s] (─────────) synapse-rust::integration api_widget_tests::test_create_widget_returns_not_found_for_missing_room
  stdout ───

    running 1 test
    test api_widget_tests::test_create_widget_returns_not_found_for_missing_room has been running for over 60 seconds

    (test timed out)

  TRY 3 SLOW [> 60.000s] (─────────) synapse-rust::integration api_widget_tests::test_create_widget_forbidden_for_non_member
  TRY 2 PASS [  89.105s] ( 334/1396) synapse-rust::integration api_widget_tests::test_create_widget_session_rejects_mismatched_body_widget_id
           - test configured to fail if flaky
        SLOW [> 60.000s] (─────────) synapse-rust::integration api_widget_tests::test_get_room_widget_capabilities_rejects_widget_room_mismatch
  TRY 2 SLOW [> 60.000s] (─────────) synapse-rust::integration api_widget_tests::test_create_widget_succeeds_for_existing_room
TRY 2 TRMNTG [>120.000s] (─────────) synapse-rust::integration api_widget_tests::test_create_widget_session_uses_path_widget_id
   TRY 2 TMT [ 120.006s] (─────────) synapse-rust::integration api_widget_tests::test_create_widget_session_uses_path_widget_id
  stdout ───

    running 1 test
    test api_widget_tests::test_create_widget_session_uses_path_widget_id has been running for over 60 seconds

    (test timed out)

TRY 1 TRMNTG [>120.000s] (─────────) synapse-rust::integration api_widget_tests::test_get_room_widget_capabilities_forbidden_for_non_member
   TRY 1 TMT [ 120.008s] (─────────) synapse-rust::integration api_widget_tests::test_get_room_widget_capabilities_forbidden_for_non_member
  stdout ───

    running 1 test
    test api_widget_tests::test_get_room_widget_capabilities_forbidden_for_non_member has been running for over 60 seconds

    (test timed out)

        SLOW [> 60.000s] (─────────) synapse-rust::integration api_widget_tests::test_get_widget_forbidden_for_admin_without_room_access
  TRY 3 SLOW [> 60.000s] (─────────) synapse-rust::integration api_widget_tests::test_create_widget_returns_not_found_for_missing_room
TRY 3 TRMNTG [>120.000s] (─────────) synapse-rust::integration api_widget_tests::test_create_widget_forbidden_for_non_member
   TRY 3 TMT [ 120.008s] ( 335/1396) synapse-rust::integration api_widget_tests::test_create_widget_forbidden_for_non_member
  stdout ───

    running 1 test
    test api_widget_tests::test_create_widget_forbidden_for_non_member has been running for over 60 seconds

    (test timed out)

        SLOW [> 60.000s] (─────────) synapse-rust::integration api_widget_tests::test_get_widget_forbidden_for_non_member
  TRY 3 PASS [  33.007s] ( 336/1396) synapse-rust::integration api_widget_tests::test_create_widget_session_uses_path_widget_id
           - test configured to fail if flaky
TRY 1 TRMNTG [>120.000s] (─────────) synapse-rust::integration api_widget_tests::test_get_room_widget_capabilities_rejects_widget_room_mismatch
   TRY 1 TMT [ 120.009s] (─────────) synapse-rust::integration api_widget_tests::test_get_room_widget_capabilities_rejects_widget_room_mismatch
  stdout ───

    running 1 test
    test api_widget_tests::test_get_room_widget_capabilities_rejects_widget_room_mismatch has been running for over 60 seconds

    (test timed out)

TRY 2 TRMNTG [>120.000s] (─────────) synapse-rust::integration api_widget_tests::test_create_widget_succeeds_for_existing_room
   TRY 2 TMT [ 120.009s] (─────────) synapse-rust::integration api_widget_tests::test_create_widget_succeeds_for_existing_room
  stdout ───

    running 1 test
    test api_widget_tests::test_create_widget_succeeds_for_existing_room has been running for over 60 seconds

    (test timed out)

  TRY 2 SLOW [> 60.000s] (─────────) synapse-rust::integration api_widget_tests::test_get_room_widget_capabilities_forbidden_for_non_member
TRY 1 TRMNTG [>120.000s] (─────────) synapse-rust::integration api_widget_tests::test_get_widget_forbidden_for_admin_without_room_access
   TRY 1 TMT [ 120.007s] (─────────) synapse-rust::integration api_widget_tests::test_get_widget_forbidden_for_admin_without_room_access
  stdout ───

    running 1 test
    test api_widget_tests::test_get_widget_forbidden_for_admin_without_room_access has been running for over 60 seconds

    (test timed out)

TRY 3 TRMNTG [>120.000s] (─────────) synapse-rust::integration api_widget_tests::test_create_widget_returns_not_found_for_missing_room
   TRY 3 TMT [ 120.004s] ( 337/1396) synapse-rust::integration api_widget_tests::test_create_widget_returns_not_found_for_missing_room
  stdout ───

    running 1 test
    test api_widget_tests::test_create_widget_returns_not_found_for_missing_room has been running for over 60 seconds

    (test timed out)

        SLOW [> 60.000s] (─────────) synapse-rust::integration api_widget_tests::test_get_widget_requires_authentication
TRY 1 TRMNTG [>120.000s] (─────────) synapse-rust::integration api_widget_tests::test_get_widget_forbidden_for_non_member
   TRY 1 TMT [ 120.007s] (─────────) synapse-rust::integration api_widget_tests::test_get_widget_forbidden_for_non_member
  stdout ───

    running 1 test
    test api_widget_tests::test_get_widget_forbidden_for_non_member has been running for over 60 seconds

    (test timed out)

        SLOW [> 60.000s] (─────────) synapse-rust::integration api_widget_tests::test_get_widget_session_forbidden_for_admin_without_room_access
        PASS [  90.126s] ( 338/1396) synapse-rust::integration api_widget_tests::test_get_widget_requires_authentication
  TRY 2 SLOW [> 60.000s] (─────────) synapse-rust::integration api_widget_tests::test_get_room_widget_capabilities_rejects_widget_room_mismatch
  TRY 3 SLOW [> 60.000s] (─────────) synapse-rust::integration api_widget_tests::test_create_widget_succeeds_for_existing_room
TRY 2 TRMNTG [>120.000s] (─────────) synapse-rust::integration api_widget_tests::test_get_room_widget_capabilities_forbidden_for_non_member
   TRY 2 TMT [ 120.009s] (─────────) synapse-rust::integration api_widget_tests::test_get_room_widget_capabilities_forbidden_for_non_member
  stdout ───

    running 1 test
    test api_widget_tests::test_get_room_widget_capabilities_forbidden_for_non_member has been running for over 60 seconds

    (test timed out)

  TRY 2 SLOW [> 60.000s] (─────────) synapse-rust::integration api_widget_tests::test_get_widget_forbidden_for_admin_without_room_access
        SLOW [> 60.000s] (─────────) synapse-rust::integration api_widget_tests::test_get_widget_session_forbidden_for_unrelated_user
  TRY 2 PASS [  71.745s] ( 339/1396) synapse-rust::integration api_widget_tests::test_get_room_widget_capabilities_rejects_widget_room_mismatch
           - test configured to fail if flaky
  TRY 2 SLOW [> 60.000s] (─────────) synapse-rust::integration api_widget_tests::test_get_widget_forbidden_for_non_member
TRY 1 TRMNTG [>120.000s] (─────────) synapse-rust::integration api_widget_tests::test_get_widget_session_forbidden_for_admin_without_room_access
   TRY 1 TMT [ 120.009s] (─────────) synapse-rust::integration api_widget_tests::test_get_widget_session_forbidden_for_admin_without_room_access
  stdout ───

    running 1 test
    test api_widget_tests::test_get_widget_session_forbidden_for_admin_without_room_access has been running for over 60 seconds

    (test timed out)

        SLOW [> 60.000s] (─────────) synapse-rust::integration api_widget_tests::test_joined_room_member_can_read_and_create_session_but_cannot_modify_widget
TRY 3 TRMNTG [>120.000s] (─────────) synapse-rust::integration api_widget_tests::test_create_widget_succeeds_for_existing_room
   TRY 3 TMT [ 120.009s] ( 340/1396) synapse-rust::integration api_widget_tests::test_create_widget_succeeds_for_existing_room
  stdout ───

    running 1 test
    test api_widget_tests::test_create_widget_succeeds_for_existing_room has been running for over 60 seconds

    (test timed out)

  TRY 3 SLOW [> 60.000s] (─────────) synapse-rust::integration api_widget_tests::test_get_room_widget_capabilities_forbidden_for_non_member
TRY 2 TRMNTG [>120.000s] (─────────) synapse-rust::integration api_widget_tests::test_get_widget_forbidden_for_admin_without_room_access
   TRY 2 TMT [ 120.007s] (─────────) synapse-rust::integration api_widget_tests::test_get_widget_forbidden_for_admin_without_room_access
  stdout ───

    running 1 test
    test api_widget_tests::test_get_widget_forbidden_for_admin_without_room_access has been running for over 60 seconds

    (test timed out)

TRY 1 TRMNTG [>120.000s] (─────────) synapse-rust::integration api_widget_tests::test_get_widget_session_forbidden_for_unrelated_user
   TRY 1 TMT [ 120.005s] (─────────) synapse-rust::integration api_widget_tests::test_get_widget_session_forbidden_for_unrelated_user
  stdout ───

    running 1 test
    test api_widget_tests::test_get_widget_session_forbidden_for_unrelated_user has been running for over 60 seconds

    (test timed out)

  TRY 3 PASS [  65.755s] ( 341/1396) synapse-rust::integration api_widget_tests::test_get_room_widget_capabilities_forbidden_for_non_member
           - test configured to fail if flaky
        SLOW [> 60.000s] (─────────) synapse-rust::integration api_widget_tests::test_room_widget_routes_forbidden_for_admin_without_room_access
TRY 2 TRMNTG [>120.000s] (─────────) synapse-rust::integration api_widget_tests::test_get_widget_forbidden_for_non_member
   TRY 2 TMT [ 120.009s] (─────────) synapse-rust::integration api_widget_tests::test_get_widget_forbidden_for_non_member
  stdout ───

    running 1 test
    test api_widget_tests::test_get_widget_forbidden_for_non_member has been running for over 60 seconds

    (test timed out)

  TRY 2 SLOW [> 60.000s] (─────────) synapse-rust::integration api_widget_tests::test_get_widget_session_forbidden_for_admin_without_room_access
TRY 1 TRMNTG [>120.000s] (─────────) synapse-rust::integration api_widget_tests::test_joined_room_member_can_read_and_create_session_but_cannot_modify_widget
   TRY 1 TMT [ 120.008s] (─────────) synapse-rust::integration api_widget_tests::test_joined_room_member_can_read_and_create_session_but_cannot_modify_widget
  stdout ───

    running 1 test
    test api_widget_tests::test_joined_room_member_can_read_and_create_session_but_cannot_modify_widget has been running for over 60 seconds

    (test timed out)

        PASS [  40.095s] ( 342/1396) synapse-rust::integration api_widget_tests::test_set_room_widget_capabilities_rejects_joined_non_creator
  TRY 3 SLOW [> 60.000s] (─────────) synapse-rust::integration api_widget_tests::test_get_widget_forbidden_for_admin_without_room_access
  TRY 2 SLOW [> 60.000s] (─────────) synapse-rust::integration api_widget_tests::test_get_widget_session_forbidden_for_unrelated_user
        SLOW [> 60.000s] (─────────) synapse-rust::integration api_worker_replication_auth_tests::test_admin_worker_endpoints_still_require_admin_jwt
TRY 1 TRMNTG [>120.000s] (─────────) synapse-rust::integration api_widget_tests::test_room_widget_routes_forbidden_for_admin_without_room_access
   TRY 1 TMT [ 120.006s] (─────────) synapse-rust::integration api_widget_tests::test_room_widget_routes_forbidden_for_admin_without_room_access
  stdout ───

    running 1 test
    test api_widget_tests::test_room_widget_routes_forbidden_for_admin_without_room_access has been running for over 60 seconds

    (test timed out)

  TRY 3 SLOW [> 60.000s] (─────────) synapse-rust::integration api_widget_tests::test_get_widget_forbidden_for_non_member
TRY 2 TRMNTG [>120.000s] (─────────) synapse-rust::integration api_widget_tests::test_get_widget_session_forbidden_for_admin_without_room_access
   TRY 2 TMT [ 120.009s] (─────────) synapse-rust::integration api_widget_tests::test_get_widget_session_forbidden_for_admin_without_room_access
  stdout ───

    running 1 test
    test api_widget_tests::test_get_widget_session_forbidden_for_admin_without_room_access has been running for over 60 seconds

    (test timed out)

  TRY 2 SLOW [> 60.000s] (─────────) synapse-rust::integration api_widget_tests::test_joined_room_member_can_read_and_create_session_but_cannot_modify_widget
        SLOW [> 60.000s] (─────────) synapse-rust::integration api_worker_replication_auth_tests::test_worker_endpoints_do_not_require_replication_secret_when_disabled
TRY 3 TRMNTG [>120.000s] (─────────) synapse-rust::integration api_widget_tests::test_get_widget_forbidden_for_admin_without_room_access
   TRY 3 TMT [ 120.008s] ( 343/1396) synapse-rust::integration api_widget_tests::test_get_widget_forbidden_for_admin_without_room_access
  stdout ───

    running 1 test
    test api_widget_tests::test_get_widget_forbidden_for_admin_without_room_access has been running for over 60 seconds

    (test timed out)

TRY 2 TRMNTG [>120.000s] (─────────) synapse-rust::integration api_widget_tests::test_get_widget_session_forbidden_for_unrelated_user
   TRY 2 TMT [ 120.006s] (─────────) synapse-rust::integration api_widget_tests::test_get_widget_session_forbidden_for_unrelated_user
  stdout ───

    running 1 test
    test api_widget_tests::test_get_widget_session_forbidden_for_unrelated_user has been running for over 60 seconds

    (test timed out)

  TRY 3 PASS [  33.106s] ( 344/1396) synapse-rust::integration api_widget_tests::test_get_widget_session_forbidden_for_admin_without_room_access
           - test configured to fail if flaky
TRY 1 TRMNTG [>120.000s] (─────────) synapse-rust::integration api_worker_replication_auth_tests::test_admin_worker_endpoints_still_require_admin_jwt
   TRY 1 TMT [ 120.006s] (─────────) synapse-rust::integration api_worker_replication_auth_tests::test_admin_worker_endpoints_still_require_admin_jwt
  stdout ───

    running 1 test
    test api_worker_replication_auth_tests::test_admin_worker_endpoints_still_require_admin_jwt has been running for over 60 seconds

    (test timed out)

  TRY 2 SLOW [> 60.000s] (─────────) synapse-rust::integration api_widget_tests::test_room_widget_routes_forbidden_for_admin_without_room_access
TRY 3 TRMNTG [>120.000s] (─────────) synapse-rust::integration api_widget_tests::test_get_widget_forbidden_for_non_member
   TRY 3 TMT [ 120.008s] ( 345/1396) synapse-rust::integration api_widget_tests::test_get_widget_forbidden_for_non_member
  stdout ───

    running 1 test
    test api_widget_tests::test_get_widget_forbidden_for_non_member has been running for over 60 seconds

    (test timed out)

TRY 2 TRMNTG [>120.000s] (─────────) synapse-rust::integration api_widget_tests::test_joined_room_member_can_read_and_create_session_but_cannot_modify_widget
   TRY 2 TMT [ 120.007s] (─────────) synapse-rust::integration api_widget_tests::test_joined_room_member_can_read_and_create_session_but_cannot_modify_widget
  stdout ───

    running 1 test
    test api_widget_tests::test_joined_room_member_can_read_and_create_session_but_cannot_modify_widget has been running for over 60 seconds

    (test timed out)

TRY 1 TRMNTG [>120.000s] (─────────) synapse-rust::integration api_worker_replication_auth_tests::test_worker_endpoints_do_not_require_replication_secret_when_disabled
   TRY 1 TMT [ 120.007s] (─────────) synapse-rust::integration api_worker_replication_auth_tests::test_worker_endpoints_do_not_require_replication_secret_when_disabled
  stdout ───

    running 1 test
    test api_worker_replication_auth_tests::test_worker_endpoints_do_not_require_replication_secret_when_disabled has been running for over 60 seconds

    (test timed out)

        SLOW [> 60.000s] (─────────) synapse-rust::integration api_worker_replication_auth_tests::test_worker_endpoints_require_replication_secret_when_enabled
  TRY 3 SLOW [> 60.000s] (─────────) synapse-rust::integration api_widget_tests::test_get_widget_session_forbidden_for_unrelated_user
        SLOW [> 60.000s] (─────────) synapse-rust::integration auth_service_coverage_tests::test_login_clears_logout_marker_on_success
  TRY 2 SLOW [> 60.000s] (─────────) synapse-rust::integration api_worker_replication_auth_tests::test_admin_worker_endpoints_still_require_admin_jwt
  TRY 2 PASS [ 118.014s] ( 346/1396) synapse-rust::integration api_widget_tests::test_room_widget_routes_forbidden_for_admin_without_room_access
           - test configured to fail if flaky
        SLOW [> 60.000s] (─────────) synapse-rust::integration auth_service_coverage_tests::test_login_deactivated_user_returns_401_unauthorized
  TRY 3 SLOW [> 60.000s] (─────────) synapse-rust::integration api_widget_tests::test_joined_room_member_can_read_and_create_session_but_cannot_modify_widget
  TRY 2 FAIL [  59.954s] (─────────) synapse-rust::integration api_worker_replication_auth_tests::test_worker_endpoints_do_not_require_replication_secret_when_disabled
  stdout ───

    running 1 test
    test api_worker_replication_auth_tests::test_worker_endpoints_do_not_require_replication_secret_when_disabled ... FAILED

    failures:

    failures:
        api_worker_replication_auth_tests::test_worker_endpoints_do_not_require_replication_secret_when_disabled

    test result: FAILED. 0 passed; 1 failed; 0 ignored; 0 measured; 1395 filtered out; finished in 59.93s

  stderr ───

    thread 'api_worker_replication_auth_tests::test_worker_endpoints_do_not_require_replication_secret_when_disabled' (65779777) panicked at tests/integration/mod.rs:268:9:
    Integration test requires database setup. For local runs, start PostgreSQL and apply migrations first; in CI this must already succeed. Error: failed to clone template to test_75954_1_1788326494356046000: error returned from database: schema "test_template_v2_aa57a852f2913233" does not exist
    note: run with `RUST_BACKTRACE=1` environment variable to display a backtrace

TRY 1 TRMNTG [>120.000s] (─────────) synapse-rust::integration api_worker_replication_auth_tests::test_worker_endpoints_require_replication_secret_when_enabled
   TRY 1 TMT [ 120.008s] (─────────) synapse-rust::integration api_worker_replication_auth_tests::test_worker_endpoints_require_replication_secret_when_enabled
  stdout ───

    running 1 test
    test api_worker_replication_auth_tests::test_worker_endpoints_require_replication_secret_when_enabled has been running for over 60 seconds

    (test timed out)

TRY 3 TRMNTG [>120.000s] (─────────) synapse-rust::integration api_widget_tests::test_get_widget_session_forbidden_for_unrelated_user
   TRY 3 TMT [ 120.005s] ( 347/1396) synapse-rust::integration api_widget_tests::test_get_widget_session_forbidden_for_unrelated_user
  stdout ───

    running 1 test
    test api_widget_tests::test_get_widget_session_forbidden_for_unrelated_user has been running for over 60 seconds

    (test timed out)

TRY 1 TRMNTG [>120.000s] (─────────) synapse-rust::integration auth_service_coverage_tests::test_login_clears_logout_marker_on_success
   TRY 1 TMT [ 120.007s] (─────────) synapse-rust::integration auth_service_coverage_tests::test_login_clears_logout_marker_on_success
  stdout ───

    running 1 test
    test auth_service_coverage_tests::test_login_clears_logout_marker_on_success has been running for over 60 seconds

    (test timed out)

TRY 2 TRMNTG [>120.000s] (─────────) synapse-rust::integration api_worker_replication_auth_tests::test_admin_worker_endpoints_still_require_admin_jwt
   TRY 2 TMT [ 120.009s] (─────────) synapse-rust::integration api_worker_replication_auth_tests::test_admin_worker_endpoints_still_require_admin_jwt
  stdout ───

    running 1 test
    test api_worker_replication_auth_tests::test_admin_worker_endpoints_still_require_admin_jwt has been running for over 60 seconds

    (test timed out)

        SLOW [> 60.000s] (─────────) synapse-rust::integration auth_service_coverage_tests::test_login_failure_lockout_after_threshold
TRY 1 TRMNTG [>120.000s] (─────────) synapse-rust::integration auth_service_coverage_tests::test_login_deactivated_user_returns_401_unauthorized
   TRY 1 TMT [ 120.006s] (─────────) synapse-rust::integration auth_service_coverage_tests::test_login_deactivated_user_returns_401_unauthorized
  stdout ───

    running 1 test
    test auth_service_coverage_tests::test_login_deactivated_user_returns_401_unauthorized has been running for over 60 seconds

    (test timed out)

TRY 3 TRMNTG [>120.000s] (─────────) synapse-rust::integration api_widget_tests::test_joined_room_member_can_read_and_create_session_but_cannot_modify_widget
   TRY 3 TMT [ 120.007s] ( 348/1396) synapse-rust::integration api_widget_tests::test_joined_room_member_can_read_and_create_session_but_cannot_modify_widget
  stdout ───

    running 1 test
    test api_widget_tests::test_joined_room_member_can_read_and_create_session_but_cannot_modify_widget has been running for over 60 seconds

    (test timed out)

  TRY 1 FAIL [  88.758s] (─────────) synapse-rust::integration auth_service_coverage_tests::test_login_failure_lockout_after_threshold
  stdout ───

    running 1 test
    test auth_service_coverage_tests::test_login_failure_lockout_after_threshold has been running for over 60 seconds
    test auth_service_coverage_tests::test_login_failure_lockout_after_threshold ... FAILED

    failures:

    failures:
        auth_service_coverage_tests::test_login_failure_lockout_after_threshold

    test result: FAILED. 0 passed; 1 failed; 0 ignored; 0 measured; 1395 filtered out; finished in 88.74s

  stderr ───

    thread 'auth_service_coverage_tests::test_login_failure_lockout_after_threshold' (65780398) panicked at tests/integration/mod.rs:268:9:
    Integration test requires database setup. For local runs, start PostgreSQL and apply migrations first; in CI this must already succeed. Error: failed to clone template to test_76134_1_1788326552330687000: error returned from database: schema "test_template_v2_aa57a852f2913233" does not exist
    note: run with `RUST_BACKTRACE=1` environment variable to display a backtrace

  TRY 3 SLOW [> 60.000s] (─────────) synapse-rust::integration api_worker_replication_auth_tests::test_worker_endpoints_do_not_require_replication_secret_when_disabled
  TRY 2 SLOW [> 60.000s] (─────────) synapse-rust::integration api_worker_replication_auth_tests::test_worker_endpoints_require_replication_secret_when_enabled
        SLOW [> 60.000s] (─────────) synapse-rust::integration auth_service_coverage_tests::test_login_locked_account_returns_rate_limited
  TRY 2 SLOW [> 60.000s] (─────────) synapse-rust::integration auth_service_coverage_tests::test_login_clears_logout_marker_on_success
  TRY 3 SLOW [> 60.000s] (─────────) synapse-rust::integration api_worker_replication_auth_tests::test_admin_worker_endpoints_still_require_admin_jwt
  TRY 2 FAIL [  61.514s] (─────────) synapse-rust::integration auth_service_coverage_tests::test_login_clears_logout_marker_on_success
  stdout ───

    running 1 test
    test auth_service_coverage_tests::test_login_clears_logout_marker_on_success has been running for over 60 seconds
    test auth_service_coverage_tests::test_login_clears_logout_marker_on_success ... FAILED

    failures:

    failures:
        auth_service_coverage_tests::test_login_clears_logout_marker_on_success

    test result: FAILED. 0 passed; 1 failed; 0 ignored; 0 measured; 1395 filtered out; finished in 61.49s

  stderr ───

    thread 'auth_service_coverage_tests::test_login_clears_logout_marker_on_success' (65781666) panicked at tests/integration/mod.rs:268:9:
    Integration test requires database setup. For local runs, start PostgreSQL and apply migrations first; in CI this must already succeed. Error: failed to clone template to test_76507_1_1788326584495461000: error returned from database: schema "test_template_v2_aa57a852f2913233" does not exist
    note: run with `RUST_BACKTRACE=1` environment variable to display a backtrace

  TRY 2 SLOW [> 60.000s] (─────────) synapse-rust::integration auth_service_coverage_tests::test_login_deactivated_user_returns_401_unauthorized
        SLOW [> 60.000s] (─────────) synapse-rust::integration auth_service_coverage_tests::test_login_success_after_register
  TRY 2 SLOW [> 60.000s] (─────────) synapse-rust::integration auth_service_coverage_tests::test_login_failure_lockout_after_threshold
TRY 3 TRMNTG [>120.000s] (─────────) synapse-rust::integration api_worker_replication_auth_tests::test_worker_endpoints_do_not_require_replication_secret_when_disabled
   TRY 3 TMT [ 120.008s] ( 349/1396) synapse-rust::integration api_worker_replication_auth_tests::test_worker_endpoints_do_not_require_replication_secret_when_disabled
  stdout ───

    running 1 test
    test api_worker_replication_auth_tests::test_worker_endpoints_do_not_require_replication_secret_when_disabled has been running for over 60 seconds

    (test timed out)

TRY 2 TRMNTG [>120.000s] (─────────) synapse-rust::integration api_worker_replication_auth_tests::test_worker_endpoints_require_replication_secret_when_enabled
   TRY 2 TMT [ 120.009s] (─────────) synapse-rust::integration api_worker_replication_auth_tests::test_worker_endpoints_require_replication_secret_when_enabled
  stdout ───

    running 1 test
    test api_worker_replication_auth_tests::test_worker_endpoints_require_replication_secret_when_enabled has been running for over 60 seconds

    (test timed out)

TRY 1 TRMNTG [>120.000s] (─────────) synapse-rust::integration auth_service_coverage_tests::test_login_locked_account_returns_rate_limited
   TRY 1 TMT [ 120.007s] (─────────) synapse-rust::integration auth_service_coverage_tests::test_login_locked_account_returns_rate_limited
  stdout ───

    running 1 test
    test auth_service_coverage_tests::test_login_locked_account_returns_rate_limited has been running for over 60 seconds

    (test timed out)

TRY 3 TRMNTG [>120.000s] (─────────) synapse-rust::integration api_worker_replication_auth_tests::test_admin_worker_endpoints_still_require_admin_jwt
   TRY 3 TMT [ 120.008s] ( 350/1396) synapse-rust::integration api_worker_replication_auth_tests::test_admin_worker_endpoints_still_require_admin_jwt
  stdout ───

    running 1 test
    test api_worker_replication_auth_tests::test_admin_worker_endpoints_still_require_admin_jwt has been running for over 60 seconds

    (test timed out)

  TRY 3 SLOW [> 60.000s] (─────────) synapse-rust::integration auth_service_coverage_tests::test_login_clears_logout_marker_on_success
  TRY 2 FAIL [  92.588s] (─────────) synapse-rust::integration auth_service_coverage_tests::test_login_failure_lockout_after_threshold
  stdout ───

    running 1 test
    test auth_service_coverage_tests::test_login_failure_lockout_after_threshold has been running for over 60 seconds
    test auth_service_coverage_tests::test_login_failure_lockout_after_threshold ... FAILED

    failures:

    failures:
        auth_service_coverage_tests::test_login_failure_lockout_after_threshold

    test result: FAILED. 0 passed; 1 failed; 0 ignored; 0 measured; 1395 filtered out; finished in 92.57s

  stderr ───

    thread 'auth_service_coverage_tests::test_login_failure_lockout_after_threshold' (65782326) panicked at tests/integration/mod.rs:268:9:
    Integration test requires database setup. For local runs, start PostgreSQL and apply migrations first; in CI this must already succeed. Error: failed to clone template to test_76692_1_1788326644733634000: error returned from database: schema "test_template_v2_aa57a852f2913233" does not exist
    note: run with `RUST_BACKTRACE=1` environment variable to display a backtrace

TRY 2 TRMNTG [>120.000s] (─────────) synapse-rust::integration auth_service_coverage_tests::test_login_deactivated_user_returns_401_unauthorized
   TRY 2 TMT [ 120.010s] (─────────) synapse-rust::integration auth_service_coverage_tests::test_login_deactivated_user_returns_401_unauthorized
  stdout ───

    running 1 test
    test auth_service_coverage_tests::test_login_deactivated_user_returns_401_unauthorized has been running for over 60 seconds

    (test timed out)

TRY 1 TRMNTG [>120.000s] (─────────) synapse-rust::integration auth_service_coverage_tests::test_login_success_after_register
   TRY 1 TMT [ 120.011s] (─────────) synapse-rust::integration auth_service_coverage_tests::test_login_success_after_register
  stdout ───

    running 1 test
    test auth_service_coverage_tests::test_login_success_after_register has been running for over 60 seconds

    (test timed out)

        SLOW [> 60.000s] (─────────) synapse-rust::integration auth_service_coverage_tests::test_login_with_explicit_device_id_creates_new_device
  TRY 3 SLOW [> 60.000s] (─────────) synapse-rust::integration api_worker_replication_auth_tests::test_worker_endpoints_require_replication_secret_when_enabled
  TRY 2 SLOW [> 60.000s] (─────────) synapse-rust::integration auth_service_coverage_tests::test_login_locked_account_returns_rate_limited
  TRY 1 FAIL [  55.629s] (─────────) synapse-rust::integration auth_service_coverage_tests::test_login_with_initial_display_name_too_long_returns_bad_request
  stdout ───

    running 1 test
    test auth_service_coverage_tests::test_login_with_initial_display_name_too_long_returns_bad_request ... FAILED

    failures:

    failures:
        auth_service_coverage_tests::test_login_with_initial_display_name_too_long_returns_bad_request

    test result: FAILED. 0 passed; 1 failed; 0 ignored; 0 measured; 1395 filtered out; finished in 55.61s

  stderr ───

    thread 'auth_service_coverage_tests::test_login_with_initial_display_name_too_long_returns_bad_request' (65784276) panicked at tests/integration/mod.rs:268:9:
    Integration test requires database setup. For local runs, start PostgreSQL and apply migrations first; in CI this must already succeed. Error: failed to clone template to test_77251_1_1788326698763188000: error returned from database: schema "test_template_v2_aa57a852f2913233" does not exist
    note: run with `RUST_BACKTRACE=1` environment variable to display a backtrace

TRY 3 TRMNTG [>120.000s] (─────────) synapse-rust::integration auth_service_coverage_tests::test_login_clears_logout_marker_on_success
   TRY 3 TMT [ 120.011s] ( 351/1396) synapse-rust::integration auth_service_coverage_tests::test_login_clears_logout_marker_on_success
  stdout ───

    running 1 test
    test auth_service_coverage_tests::test_login_clears_logout_marker_on_success has been running for over 60 seconds

    (test timed out)

  TRY 3 SLOW [> 60.000s] (─────────) synapse-rust::integration auth_service_coverage_tests::test_login_failure_lockout_after_threshold
  TRY 3 SLOW [> 60.000s] (─────────) synapse-rust::integration auth_service_coverage_tests::test_login_deactivated_user_returns_401_unauthorized
  TRY 2 SLOW [> 60.000s] (─────────) synapse-rust::integration auth_service_coverage_tests::test_login_success_after_register
TRY 1 TRMNTG [>120.000s] (─────────) synapse-rust::integration auth_service_coverage_tests::test_login_with_explicit_device_id_creates_new_device
   TRY 1 TMT [ 120.008s] (─────────) synapse-rust::integration auth_service_coverage_tests::test_login_with_explicit_device_id_creates_new_device
  stdout ───

    running 1 test
    test auth_service_coverage_tests::test_login_with_explicit_device_id_creates_new_device has been running for over 60 seconds

    (test timed out)

  TRY 3 FAIL [ 112.157s] ( 352/1396) synapse-rust::integration auth_service_coverage_tests::test_login_failure_lockout_after_threshold
  stdout ───

    running 1 test
    test auth_service_coverage_tests::test_login_failure_lockout_after_threshold has been running for over 60 seconds
    test auth_service_coverage_tests::test_login_failure_lockout_after_threshold ... FAILED

    failures:

    failures:
        auth_service_coverage_tests::test_login_failure_lockout_after_threshold

    test result: FAILED. 0 passed; 1 failed; 0 ignored; 0 measured; 1395 filtered out; finished in 112.14s

  stderr ───

    thread 'auth_service_coverage_tests::test_login_failure_lockout_after_threshold' (65784317) panicked at tests/integration/mod.rs:268:9:
    Integration test requires database setup. For local runs, start PostgreSQL and apply migrations first; in CI this must already succeed. Error: failed to clone template to test_77265_1_1788326756920061000: error returned from database: schema "test_template_v2_aa57a852f2913233" does not exist
    note: run with `RUST_BACKTRACE=1` environment variable to display a backtrace

TRY 3 TRMNTG [>120.000s] (─────────) synapse-rust::integration api_worker_replication_auth_tests::test_worker_endpoints_require_replication_secret_when_enabled
   TRY 3 TMT [ 120.008s] ( 353/1396) synapse-rust::integration api_worker_replication_auth_tests::test_worker_endpoints_require_replication_secret_when_enabled
  stdout ───

    running 1 test
    test api_worker_replication_auth_tests::test_worker_endpoints_require_replication_secret_when_enabled has been running for over 60 seconds

    (test timed out)

TRY 2 TRMNTG [>120.000s] (─────────) synapse-rust::integration auth_service_coverage_tests::test_login_locked_account_returns_rate_limited
   TRY 2 TMT [ 120.009s] (─────────) synapse-rust::integration auth_service_coverage_tests::test_login_locked_account_returns_rate_limited
  stdout ───

    running 1 test
    test auth_service_coverage_tests::test_login_locked_account_returns_rate_limited has been running for over 60 seconds

    (test timed out)

  TRY 2 SLOW [> 60.000s] (─────────) synapse-rust::integration auth_service_coverage_tests::test_login_with_initial_display_name_too_long_returns_bad_request
        SLOW [> 60.000s] (─────────) synapse-rust::integration auth_service_coverage_tests::test_login_with_wrong_password_returns_401_unauthorized
TRY 3 TRMNTG [>120.000s] (─────────) synapse-rust::integration auth_service_coverage_tests::test_login_deactivated_user_returns_401_unauthorized
   TRY 3 TMT [ 120.008s] ( 354/1396) synapse-rust::integration auth_service_coverage_tests::test_login_deactivated_user_returns_401_unauthorized
  stdout ───

    running 1 test
    test auth_service_coverage_tests::test_login_deactivated_user_returns_401_unauthorized has been running for over 60 seconds

    (test timed out)

  TRY 2 FAIL [  90.064s] (─────────) synapse-rust::integration auth_service_coverage_tests::test_login_with_initial_display_name_too_long_returns_bad_request
  stdout ───

    running 1 test
    test auth_service_coverage_tests::test_login_with_initial_display_name_too_long_returns_bad_request has been running for over 60 seconds
    test auth_service_coverage_tests::test_login_with_initial_display_name_too_long_returns_bad_request ... FAILED

    failures:

    failures:
        auth_service_coverage_tests::test_login_with_initial_display_name_too_long_returns_bad_request

    test result: FAILED. 0 passed; 1 failed; 0 ignored; 0 measured; 1395 filtered out; finished in 90.02s

  stderr ───

    thread 'auth_service_coverage_tests::test_login_with_initial_display_name_too_long_returns_bad_request' (65785445) panicked at tests/integration/mod.rs:268:9:
    Integration test requires database setup. For local runs, start PostgreSQL and apply migrations first; in CI this must already succeed. Error: failed to clone template to test_77598_1_1788326788869042000: error returned from database: schema "test_template_v2_aa57a852f2913233" does not exist
    note: run with `RUST_BACKTRACE=1` environment variable to display a backtrace

TRY 2 TRMNTG [>120.000s] (─────────) synapse-rust::integration auth_service_coverage_tests::test_login_success_after_register
   TRY 2 TMT [ 120.009s] (─────────) synapse-rust::integration auth_service_coverage_tests::test_login_success_after_register
  stdout ───

    running 1 test
    test auth_service_coverage_tests::test_login_success_after_register has been running for over 60 seconds

    (test timed out)

  TRY 2 SLOW [> 60.000s] (─────────) synapse-rust::integration auth_service_coverage_tests::test_login_with_explicit_device_id_creates_new_device
        SLOW [> 60.000s] (─────────) synapse-rust::integration auth_service_coverage_tests::test_p2_12_refresh_token_invalidates_old_access_token_cache
        SLOW [> 60.000s] (─────────) synapse-rust::integration auth_service_coverage_tests::test_register_admin_user
  TRY 3 SLOW [> 60.000s] (─────────) synapse-rust::integration auth_service_coverage_tests::test_login_locked_account_returns_rate_limited
TRY 1 TRMNTG [>120.000s] (─────────) synapse-rust::integration auth_service_coverage_tests::test_login_with_wrong_password_returns_401_unauthorized
   TRY 1 TMT [ 120.009s] (─────────) synapse-rust::integration auth_service_coverage_tests::test_login_with_wrong_password_returns_401_unauthorized
  stdout ───

    running 1 test
    test auth_service_coverage_tests::test_login_with_wrong_password_returns_401_unauthorized has been running for over 60 seconds

    (test timed out)

        SLOW [> 60.000s] (─────────) synapse-rust::integration auth_service_coverage_tests::test_register_duplicate_username_returns_user_in_use
  TRY 1 FAIL [  91.520s] (─────────) synapse-rust::integration auth_service_coverage_tests::test_p2_12_refresh_token_invalidates_old_access_token_cache
  stdout ───

    running 1 test
    test auth_service_coverage_tests::test_p2_12_refresh_token_invalidates_old_access_token_cache has been running for over 60 seconds
    test auth_service_coverage_tests::test_p2_12_refresh_token_invalidates_old_access_token_cache ... FAILED

    failures:

    failures:
        auth_service_coverage_tests::test_p2_12_refresh_token_invalidates_old_access_token_cache

    test result: FAILED. 0 passed; 1 failed; 0 ignored; 0 measured; 1395 filtered out; finished in 91.49s

  stderr ───

    thread 'auth_service_coverage_tests::test_p2_12_refresh_token_invalidates_old_access_token_cache' (65786679) panicked at tests/integration/mod.rs:268:9:
    Integration test requires database setup. For local runs, start PostgreSQL and apply migrations first; in CI this must already succeed. Error: failed to clone template to test_77950_1_1788326848393715000: error returned from database: schema "test_template_v2_aa57a852f2913233" does not exist
    note: run with `RUST_BACKTRACE=1` environment variable to display a backtrace

  TRY 3 SLOW [> 60.000s] (─────────) synapse-rust::integration auth_service_coverage_tests::test_login_with_initial_display_name_too_long_returns_bad_request
  TRY 3 SLOW [> 60.000s] (─────────) synapse-rust::integration auth_service_coverage_tests::test_login_success_after_register
TRY 2 TRMNTG [>120.000s] (─────────) synapse-rust::integration auth_service_coverage_tests::test_login_with_explicit_device_id_creates_new_device
   TRY 2 TMT [ 120.010s] (─────────) synapse-rust::integration auth_service_coverage_tests::test_login_with_explicit_device_id_creates_new_device
  stdout ───

    running 1 test
    test auth_service_coverage_tests::test_login_with_explicit_device_id_creates_new_device has been running for over 60 seconds

    (test timed out)

TRY 1 TRMNTG [>120.000s] (─────────) synapse-rust::integration auth_service_coverage_tests::test_register_admin_user
   TRY 1 TMT [ 120.009s] (─────────) synapse-rust::integration auth_service_coverage_tests::test_register_admin_user
  stdout ───

    running 1 test
    test auth_service_coverage_tests::test_register_admin_user has been running for over 60 seconds

    (test timed out)

TRY 3 TRMNTG [>120.000s] (─────────) synapse-rust::integration auth_service_coverage_tests::test_login_locked_account_returns_rate_limited
   TRY 3 TMT [ 120.006s] ( 355/1396) synapse-rust::integration auth_service_coverage_tests::test_login_locked_account_returns_rate_limited
  stdout ───

    running 1 test
    test auth_service_coverage_tests::test_login_locked_account_returns_rate_limited has been running for over 60 seconds

    (test timed out)

  TRY 2 FAIL [  57.918s] (─────────) synapse-rust::integration auth_service_coverage_tests::test_login_with_wrong_password_returns_401_unauthorized
  stdout ───

    running 1 test
    test auth_service_coverage_tests::test_login_with_wrong_password_returns_401_unauthorized ... FAILED

    failures:

    failures:
        auth_service_coverage_tests::test_login_with_wrong_password_returns_401_unauthorized

    test result: FAILED. 0 passed; 1 failed; 0 ignored; 0 measured; 1395 filtered out; finished in 57.89s

  stderr ───

    thread 'auth_service_coverage_tests::test_login_with_wrong_password_returns_401_unauthorized' (65788312) panicked at tests/integration/mod.rs:268:9:
    Integration test requires database setup. For local runs, start PostgreSQL and apply migrations first; in CI this must already succeed. Error: failed to clone template to test_78386_1_1788326882424236000: error returned from database: schema "test_template_v2_aa57a852f2913233" does not exist
    note: run with `RUST_BACKTRACE=1` environment variable to display a backtrace

TRY 1 TRMNTG [>120.000s] (─────────) synapse-rust::integration auth_service_coverage_tests::test_register_duplicate_username_returns_user_in_use
   TRY 1 TMT [ 120.009s] (─────────) synapse-rust::integration auth_service_coverage_tests::test_register_duplicate_username_returns_user_in_use
  stdout ───

    running 1 test
    test auth_service_coverage_tests::test_register_duplicate_username_returns_user_in_use has been running for over 60 seconds

    (test timed out)

  TRY 2 SLOW [> 60.000s] (─────────) synapse-rust::integration auth_service_coverage_tests::test_p2_12_refresh_token_invalidates_old_access_token_cache
TRY 3 TRMNTG [>120.000s] (─────────) synapse-rust::integration auth_service_coverage_tests::test_login_with_initial_display_name_too_long_returns_bad_request
   TRY 3 TMT [ 120.005s] ( 356/1396) synapse-rust::integration auth_service_coverage_tests::test_login_with_initial_display_name_too_long_returns_bad_request
  stdout ───

    running 1 test
    test auth_service_coverage_tests::test_login_with_initial_display_name_too_long_returns_bad_request has been running for over 60 seconds

    (test timed out)

TRY 3 TRMNTG [>120.000s] (─────────) synapse-rust::integration auth_service_coverage_tests::test_login_success_after_register
   TRY 3 TMT [ 120.009s] ( 357/1396) synapse-rust::integration auth_service_coverage_tests::test_login_success_after_register
  stdout ───

    running 1 test
    test auth_service_coverage_tests::test_login_success_after_register has been running for over 60 seconds

    (test timed out)

  TRY 3 SLOW [> 60.000s] (─────────) synapse-rust::integration auth_service_coverage_tests::test_login_with_explicit_device_id_creates_new_device
  TRY 2 SLOW [> 60.000s] (─────────) synapse-rust::integration auth_service_coverage_tests::test_register_admin_user
        SLOW [> 60.000s] (─────────) synapse-rust::integration auth_service_coverage_tests::test_register_empty_password_returns_missing_param
  TRY 3 SLOW [> 60.000s] (─────────) synapse-rust::integration auth_service_coverage_tests::test_login_with_wrong_password_returns_401_unauthorized
  TRY 2 FAIL [  94.742s] (─────────) synapse-rust::integration auth_service_coverage_tests::test_p2_12_refresh_token_invalidates_old_access_token_cache
  stdout ───

    running 1 test
    test auth_service_coverage_tests::test_p2_12_refresh_token_invalidates_old_access_token_cache has been running for over 60 seconds
    test auth_service_coverage_tests::test_p2_12_refresh_token_invalidates_old_access_token_cache ... FAILED

    failures:

    failures:
        auth_service_coverage_tests::test_p2_12_refresh_token_invalidates_old_access_token_cache

    test result: FAILED. 0 passed; 1 failed; 0 ignored; 0 measured; 1395 filtered out; finished in 94.72s

  stderr ───

    thread 'auth_service_coverage_tests::test_p2_12_refresh_token_invalidates_old_access_token_cache' (65788857) panicked at tests/integration/mod.rs:268:9:
    Integration test requires database setup. For local runs, start PostgreSQL and apply migrations first; in CI this must already succeed. Error: failed to clone template to test_78531_1_1788326942860825000: error returned from database: schema "test_template_v2_aa57a852f2913233" does not exist
    note: run with `RUST_BACKTRACE=1` environment variable to display a backtrace

  TRY 2 SLOW [> 60.000s] (─────────) synapse-rust::integration auth_service_coverage_tests::test_register_duplicate_username_returns_user_in_use
        SLOW [> 60.000s] (─────────) synapse-rust::integration auth_service_coverage_tests::test_register_success_returns_user_and_tokens
        SLOW [> 60.000s] (─────────) synapse-rust::integration auth_service_coverage_tests::test_register_weak_password_returns_invalid_param
  TRY 2 FAIL [  67.793s] (─────────) synapse-rust::integration auth_service_coverage_tests::test_register_duplicate_username_returns_user_in_use
  stdout ───

    running 1 test
    test auth_service_coverage_tests::test_register_duplicate_username_returns_user_in_use has been running for over 60 seconds
    test auth_service_coverage_tests::test_register_duplicate_username_returns_user_in_use ... FAILED

    failures:

    failures:
        auth_service_coverage_tests::test_register_duplicate_username_returns_user_in_use

    test result: FAILED. 0 passed; 1 failed; 0 ignored; 0 measured; 1395 filtered out; finished in 67.77s

  stderr ───

    thread 'auth_service_coverage_tests::test_register_duplicate_username_returns_user_in_use' (65790230) panicked at tests/integration/mod.rs:268:9:
    Integration test requires database setup. For local runs, start PostgreSQL and apply migrations first; in CI this must already succeed. Error: failed to clone template to test_78895_1_1788326973698308000: error returned from database: schema "test_template_v2_aa57a852f2913233" does not exist
    note: run with `RUST_BACKTRACE=1` environment variable to display a backtrace

TRY 3 TRMNTG [>120.000s] (─────────) synapse-rust::integration auth_service_coverage_tests::test_login_with_explicit_device_id_creates_new_device
   TRY 3 TMT [ 120.009s] ( 358/1396) synapse-rust::integration auth_service_coverage_tests::test_login_with_explicit_device_id_creates_new_device
  stdout ───

    running 1 test
    test auth_service_coverage_tests::test_login_with_explicit_device_id_creates_new_device has been running for over 60 seconds

    (test timed out)

TRY 2 TRMNTG [>120.000s] (─────────) synapse-rust::integration auth_service_coverage_tests::test_register_admin_user
   TRY 2 TMT [ 120.009s] (─────────) synapse-rust::integration auth_service_coverage_tests::test_register_admin_user
  stdout ───

    running 1 test
    test auth_service_coverage_tests::test_register_admin_user has been running for over 60 seconds

    (test timed out)

TRY 1 TRMNTG [>120.000s] (─────────) synapse-rust::integration auth_service_coverage_tests::test_register_empty_password_returns_missing_param
   TRY 1 TMT [ 120.005s] (─────────) synapse-rust::integration auth_service_coverage_tests::test_register_empty_password_returns_missing_param
  stdout ───

    running 1 test
    test auth_service_coverage_tests::test_register_empty_password_returns_missing_param has been running for over 60 seconds

    (test timed out)

TRY 3 TRMNTG [>120.000s] (─────────) synapse-rust::integration auth_service_coverage_tests::test_login_with_wrong_password_returns_401_unauthorized
   TRY 3 TMT [ 120.006s] ( 359/1396) synapse-rust::integration auth_service_coverage_tests::test_login_with_wrong_password_returns_401_unauthorized
  stdout ───

    running 1 test
    test auth_service_coverage_tests::test_login_with_wrong_password_returns_401_unauthorized has been running for over 60 seconds

    (test timed out)

  TRY 3 SLOW [> 60.000s] (─────────) synapse-rust::integration auth_service_coverage_tests::test_p2_12_refresh_token_invalidates_old_access_token_cache
TRY 1 TRMNTG [>120.000s] (─────────) synapse-rust::integration auth_service_coverage_tests::test_register_success_returns_user_and_tokens
   TRY 1 TMT [ 120.009s] (─────────) synapse-rust::integration auth_service_coverage_tests::test_register_success_returns_user_and_tokens
  stdout ───

    running 1 test
    test auth_service_coverage_tests::test_register_success_returns_user_and_tokens has been running for over 60 seconds

    (test timed out)

TRY 1 TRMNTG [>120.000s] (─────────) synapse-rust::integration auth_service_coverage_tests::test_register_weak_password_returns_invalid_param
   TRY 1 TMT [ 120.010s] (─────────) synapse-rust::integration auth_service_coverage_tests::test_register_weak_password_returns_invalid_param
  stdout ───

    running 1 test
    test auth_service_coverage_tests::test_register_weak_password_returns_invalid_param has been running for over 60 seconds

    (test timed out)

  TRY 3 SLOW [> 60.000s] (─────────) synapse-rust::integration auth_service_coverage_tests::test_register_duplicate_username_returns_user_in_use
        SLOW [> 60.000s] (─────────) synapse-rust::integration auth_service_coverage_tests::test_register_with_device_name_returns_device_id
  TRY 3 SLOW [> 60.000s] (─────────) synapse-rust::integration auth_service_coverage_tests::test_register_admin_user
  TRY 2 SLOW [> 60.000s] (─────────) synapse-rust::integration auth_service_coverage_tests::test_register_empty_password_returns_missing_param
        SLOW [> 60.000s] (─────────) synapse-rust::integration auth_service_coverage_tests::test_register_with_displayname_sets_displayname
TRY 3 TRMNTG [>120.000s] (─────────) synapse-rust::integration auth_service_coverage_tests::test_p2_12_refresh_token_invalidates_old_access_token_cache
  TRY 1 FAIL [  61.234s] (─────────) synapse-rust::integration auth_service_coverage_tests::test_register_with_displayname_sets_displayname
  stdout ───

    running 1 test
    test auth_service_coverage_tests::test_register_with_displayname_sets_displayname has been running for over 60 seconds
    test auth_service_coverage_tests::test_register_with_displayname_sets_displayname ... FAILED

    failures:

    failures:
        auth_service_coverage_tests::test_register_with_displayname_sets_displayname

    test result: FAILED. 0 passed; 1 failed; 0 ignored; 0 measured; 1395 filtered out; finished in 61.21s

  stderr ───

    thread 'auth_service_coverage_tests::test_register_with_displayname_sets_displayname' (65792307) panicked at tests/integration/mod.rs:268:9:
    Integration test requires database setup. For local runs, start PostgreSQL and apply migrations first; in CI this must already succeed. Error: failed to clone template to test_79490_1_1788327062989095000: error returned from database: schema "test_template_v2_aa57a852f2913233" does not exist
    note: run with `RUST_BACKTRACE=1` environment variable to display a backtrace

   TRY 3 TMT [ 120.005s] ( 360/1396) synapse-rust::integration auth_service_coverage_tests::test_p2_12_refresh_token_invalidates_old_access_token_cache
  stdout ───

    running 1 test
    test auth_service_coverage_tests::test_p2_12_refresh_token_invalidates_old_access_token_cache has been running for over 60 seconds

    (test timed out)

  TRY 2 SLOW [> 60.000s] (─────────) synapse-rust::integration auth_service_coverage_tests::test_register_success_returns_user_and_tokens
  TRY 2 SLOW [> 60.000s] (─────────) synapse-rust::integration auth_service_coverage_tests::test_register_weak_password_returns_invalid_param
TRY 3 TRMNTG [>120.000s] (─────────) synapse-rust::integration auth_service_coverage_tests::test_register_duplicate_username_returns_user_in_use
   TRY 3 TMT [ 120.008s] ( 361/1396) synapse-rust::integration auth_service_coverage_tests::test_register_duplicate_username_returns_user_in_use
  stdout ───

    running 1 test
    test auth_service_coverage_tests::test_register_duplicate_username_returns_user_in_use has been running for over 60 seconds

    (test timed out)

TRY 1 TRMNTG [>120.000s] (─────────) synapse-rust::integration auth_service_coverage_tests::test_register_with_device_name_returns_device_id
   TRY 1 TMT [ 120.005s] (─────────) synapse-rust::integration auth_service_coverage_tests::test_register_with_device_name_returns_device_id
  stdout ───

    running 1 test
    test auth_service_coverage_tests::test_register_with_device_name_returns_device_id has been running for over 60 seconds

    (test timed out)

TRY 3 TRMNTG [>120.000s] (─────────) synapse-rust::integration auth_service_coverage_tests::test_register_admin_user
   TRY 3 TMT [ 120.008s] ( 362/1396) synapse-rust::integration auth_service_coverage_tests::test_register_admin_user
  stdout ───

    running 1 test
    test auth_service_coverage_tests::test_register_admin_user has been running for over 60 seconds

    (test timed out)

TRY 2 TRMNTG [>120.000s] (─────────) synapse-rust::integration auth_service_coverage_tests::test_register_empty_password_returns_missing_param
   TRY 2 TMT [ 120.005s] (─────────) synapse-rust::integration auth_service_coverage_tests::test_register_empty_password_returns_missing_param
  stdout ───

    running 1 test
    test auth_service_coverage_tests::test_register_empty_password_returns_missing_param has been running for over 60 seconds

    (test timed out)

        SLOW [> 60.000s] (─────────) synapse-rust::integration auth_service_coverage_tests::test_verify_user_credentials_nonexistent_user_returns_401_unauthorized
  TRY 2 SLOW [> 60.000s] (─────────) synapse-rust::integration auth_service_coverage_tests::test_register_with_displayname_sets_displayname
TRY 2 TRMNTG [>120.000s] (─────────) synapse-rust::integration auth_service_coverage_tests::test_register_success_returns_user_and_tokens
   TRY 2 TMT [ 120.009s] (─────────) synapse-rust::integration auth_service_coverage_tests::test_register_success_returns_user_and_tokens
  stdout ───

    running 1 test
    test auth_service_coverage_tests::test_register_success_returns_user_and_tokens has been running for over 60 seconds

    (test timed out)

TRY 2 TRMNTG [>120.000s] (─────────) synapse-rust::integration auth_service_coverage_tests::test_register_weak_password_returns_invalid_param
   TRY 2 TMT [ 120.008s] (─────────) synapse-rust::integration auth_service_coverage_tests::test_register_weak_password_returns_invalid_param
  stdout ───

    running 1 test
    test auth_service_coverage_tests::test_register_weak_password_returns_invalid_param has been running for over 60 seconds

    (test timed out)

        SLOW [> 60.000s] (─────────) synapse-rust::integration auth_service_coverage_tests::test_verify_user_credentials_success
  TRY 2 SLOW [> 60.000s] (─────────) synapse-rust::integration auth_service_coverage_tests::test_register_with_device_name_returns_device_id
  TRY 1 FAIL [  61.733s] (─────────) synapse-rust::integration auth_service_coverage_tests::test_verify_user_credentials_success
  stdout ───

    running 1 test
    test auth_service_coverage_tests::test_verify_user_credentials_success has been running for over 60 seconds
    test auth_service_coverage_tests::test_verify_user_credentials_success ... FAILED

    failures:

    failures:
        auth_service_coverage_tests::test_verify_user_credentials_success

    test result: FAILED. 0 passed; 1 failed; 0 ignored; 0 measured; 1395 filtered out; finished in 61.71s

  stderr ───

    thread 'auth_service_coverage_tests::test_verify_user_credentials_success' (65794270) panicked at tests/integration/mod.rs:268:9:
    Integration test requires database setup. For local runs, start PostgreSQL and apply migrations first; in CI this must already succeed. Error: failed to clone template to test_80051_1_1788327155169266000: error returned from database: schema "test_template_v2_aa57a852f2913233" does not exist
    note: run with `RUST_BACKTRACE=1` environment variable to display a backtrace

        SLOW [> 60.000s] (─────────) synapse-rust::integration auth_service_coverage_tests::test_verify_user_credentials_wrong_password_returns_401_unauthorized
  TRY 3 SLOW [> 60.000s] (─────────) synapse-rust::integration auth_service_coverage_tests::test_register_empty_password_returns_missing_param
TRY 1 TRMNTG [>120.000s] (─────────) synapse-rust::integration auth_service_coverage_tests::test_verify_user_credentials_nonexistent_user_returns_401_unauthorized
TRY 2 TRMNTG [>120.000s] (─────────) synapse-rust::integration auth_service_coverage_tests::test_register_with_displayname_sets_displayname
   TRY 1 TMT [ 120.010s] (─────────) synapse-rust::integration auth_service_coverage_tests::test_verify_user_credentials_nonexistent_user_returns_401_unauthorized
  stdout ───

    running 1 test
    test auth_service_coverage_tests::test_verify_user_credentials_nonexistent_user_returns_401_unauthorized has been running for over 60 seconds

    (test timed out)

   TRY 2 TMT [ 120.013s] (─────────) synapse-rust::integration auth_service_coverage_tests::test_register_with_displayname_sets_displayname
  stdout ───

    running 1 test
    test auth_service_coverage_tests::test_register_with_displayname_sets_displayname has been running for over 60 seconds

    (test timed out)

  TRY 3 FAIL [  39.204s] ( 363/1396) synapse-rust::integration auth_service_coverage_tests::test_register_success_returns_user_and_tokens
  stdout ───

    running 1 test
    test auth_service_coverage_tests::test_register_success_returns_user_and_tokens ... FAILED

    failures:

    failures:
        auth_service_coverage_tests::test_register_success_returns_user_and_tokens

    test result: FAILED. 0 passed; 1 failed; 0 ignored; 0 measured; 1395 filtered out; finished in 39.19s

  stderr ───

    thread 'auth_service_coverage_tests::test_register_success_returns_user_and_tokens' (65795383) panicked at tests/integration/mod.rs:268:9:
    Integration test requires database setup. For local runs, start PostgreSQL and apply migrations first; in CI this must already succeed. Error: failed to clone template to test_80379_1_1788327188174715000: error returned from database: schema "test_template_v2_aa57a852f2913233" does not exist
    note: run with `RUST_BACKTRACE=1` environment variable to display a backtrace

  TRY 3 SLOW [> 60.000s] (─────────) synapse-rust::integration auth_service_coverage_tests::test_register_weak_password_returns_invalid_param
TRY 2 TRMNTG [>120.000s] (─────────) synapse-rust::integration auth_service_coverage_tests::test_register_with_device_name_returns_device_id
   TRY 2 TMT [ 120.007s] (─────────) synapse-rust::integration auth_service_coverage_tests::test_register_with_device_name_returns_device_id
  stdout ───

    running 1 test
    test auth_service_coverage_tests::test_register_with_device_name_returns_device_id has been running for over 60 seconds

    (test timed out)

  TRY 2 SLOW [> 60.000s] (─────────) synapse-rust::integration auth_service_coverage_tests::test_verify_user_credentials_success
TRY 1 TRMNTG [>120.000s] (─────────) synapse-rust::integration auth_service_coverage_tests::test_verify_user_credentials_wrong_password_returns_401_unauthorized
TRY 3 TRMNTG [>120.000s] (─────────) synapse-rust::integration auth_service_coverage_tests::test_register_empty_password_returns_missing_param
   TRY 1 TMT [ 120.009s] (─────────) synapse-rust::integration auth_service_coverage_tests::test_verify_user_credentials_wrong_password_returns_401_unauthorized
  stdout ───

    running 1 test
    test auth_service_coverage_tests::test_verify_user_credentials_wrong_password_returns_401_unauthorized has been running for over 60 seconds

    (test timed out)

   TRY 3 TMT [ 120.004s] ( 364/1396) synapse-rust::integration auth_service_coverage_tests::test_register_empty_password_returns_missing_param
  stdout ───

    running 1 test
    test auth_service_coverage_tests::test_register_empty_password_returns_missing_param has been running for over 60 seconds

    (test timed out)

  TRY 3 SLOW [> 60.000s] (─────────) synapse-rust::integration auth_service_coverage_tests::test_register_with_displayname_sets_displayname
  TRY 2 SLOW [> 60.000s] (─────────) synapse-rust::integration auth_service_coverage_tests::test_verify_user_credentials_nonexistent_user_returns_401_unauthorized
        SLOW [> 60.000s] (─────────) synapse-rust::integration auth_service_tests_migrated::test_auth_service_login_invalid_credentials
TRY 3 TRMNTG [>120.000s] (─────────) synapse-rust::integration auth_service_coverage_tests::test_register_weak_password_returns_invalid_param
   TRY 3 TMT [ 120.009s] ( 365/1396) synapse-rust::integration auth_service_coverage_tests::test_register_weak_password_returns_invalid_param
  stdout ───

    running 1 test
    test auth_service_coverage_tests::test_register_weak_password_returns_invalid_param has been running for over 60 seconds

    (test timed out)

  TRY 3 SLOW [> 60.000s] (─────────) synapse-rust::integration auth_service_coverage_tests::test_register_with_device_name_returns_device_id
TRY 2 TRMNTG [>120.000s] (─────────) synapse-rust::integration auth_service_coverage_tests::test_verify_user_credentials_success
   TRY 2 TMT [ 120.008s] (─────────) synapse-rust::integration auth_service_coverage_tests::test_verify_user_credentials_success
  stdout ───

    running 1 test
    test auth_service_coverage_tests::test_verify_user_credentials_success has been running for over 60 seconds

    (test timed out)

  TRY 3 FAIL [  62.214s] ( 366/1396) synapse-rust::integration auth_service_coverage_tests::test_register_with_device_name_returns_device_id
  stdout ───

    running 1 test
    test auth_service_coverage_tests::test_register_with_device_name_returns_device_id has been running for over 60 seconds
    test auth_service_coverage_tests::test_register_with_device_name_returns_device_id ... FAILED

    failures:

    failures:
        auth_service_coverage_tests::test_register_with_device_name_returns_device_id

    test result: FAILED. 0 passed; 1 failed; 0 ignored; 0 measured; 1395 filtered out; finished in 62.19s

  stderr ───

    thread 'auth_service_coverage_tests::test_register_with_device_name_returns_device_id' (65796757) panicked at tests/integration/mod.rs:268:9:
    Integration test requires database setup. For local runs, start PostgreSQL and apply migrations first; in CI this must already succeed. Error: failed to clone template to test_80791_1_1788327276300708000: error returned from database: schema "test_template_v2_aa57a852f2913233" does not exist
    note: run with `RUST_BACKTRACE=1` environment variable to display a backtrace

  TRY 2 SLOW [> 60.000s] (─────────) synapse-rust::integration auth_service_coverage_tests::test_verify_user_credentials_wrong_password_returns_401_unauthorized
        SLOW [> 60.000s] (─────────) synapse-rust::integration auth_service_tests_migrated::test_auth_service_register_invalid_username
TRY 2 TRMNTG [>120.000s] (─────────) synapse-rust::integration auth_service_coverage_tests::test_verify_user_credentials_nonexistent_user_returns_401_unauthorized
TRY 3 TRMNTG [>120.000s] (─────────) synapse-rust::integration auth_service_coverage_tests::test_register_with_displayname_sets_displayname
   TRY 3 TMT [ 120.008s] ( 367/1396) synapse-rust::integration auth_service_coverage_tests::test_register_with_displayname_sets_displayname
  stdout ───

    running 1 test
    test auth_service_coverage_tests::test_register_with_displayname_sets_displayname has been running for over 60 seconds

    (test timed out)

   TRY 2 TMT [ 120.009s] (─────────) synapse-rust::integration auth_service_coverage_tests::test_verify_user_credentials_nonexistent_user_returns_401_unauthorized
  stdout ───

    running 1 test
    test auth_service_coverage_tests::test_verify_user_credentials_nonexistent_user_returns_401_unauthorized has been running for over 60 seconds

    (test timed out)

TRY 1 TRMNTG [>120.000s] (─────────) synapse-rust::integration auth_service_tests_migrated::test_auth_service_login_invalid_credentials
   TRY 1 TMT [ 120.009s] (─────────) synapse-rust::integration auth_service_tests_migrated::test_auth_service_login_invalid_credentials
  stdout ───

    running 1 test
    test auth_service_tests_migrated::test_auth_service_login_invalid_credentials has been running for over 60 seconds

    (test timed out)

  TRY 2 FAIL [  70.734s] (─────────) synapse-rust::integration auth_service_coverage_tests::test_verify_user_credentials_wrong_password_returns_401_unauthorized
  stdout ───

    running 1 test
    test auth_service_coverage_tests::test_verify_user_credentials_wrong_password_returns_401_unauthorized has been running for over 60 seconds
    test auth_service_coverage_tests::test_verify_user_credentials_wrong_password_returns_401_unauthorized ... FAILED

    failures:

    failures:
        auth_service_coverage_tests::test_verify_user_credentials_wrong_password_returns_401_unauthorized

    test result: FAILED. 0 passed; 1 failed; 0 ignored; 0 measured; 1395 filtered out; finished in 70.69s

  stderr ───

    thread 'auth_service_coverage_tests::test_verify_user_credentials_wrong_password_returns_401_unauthorized' (65797245) panicked at tests/integration/mod.rs:268:9:
    Integration test requires database setup. For local runs, start PostgreSQL and apply migrations first; in CI this must already succeed. Error: failed to clone template to test_80941_1_1788327309434432000: error returned from database: schema "test_template_v2_aa57a852f2913233" does not exist
    note: run with `RUST_BACKTRACE=1` environment variable to display a backtrace

  TRY 2 FAIL [   1.493s] (─────────) synapse-rust::integration auth_service_tests_migrated::test_auth_service_login_invalid_credentials
  stdout ───

    running 1 test
    test auth_service_tests_migrated::test_auth_service_login_invalid_credentials ... FAILED

    failures:

    failures:
        auth_service_tests_migrated::test_auth_service_login_invalid_credentials

    test result: FAILED. 0 passed; 1 failed; 0 ignored; 0 measured; 1395 filtered out; finished in 1.47s

  stderr ───

    thread 'auth_service_tests_migrated::test_auth_service_login_invalid_credentials' (65798670) panicked at tests/integration/mod.rs:268:9:
    Integration test requires database setup. For local runs, start PostgreSQL and apply migrations first; in CI this must already succeed. Error: failed to clone template to test_81367_1_1788327309512589000: error returned from database: schema "test_template_v2_aa57a852f2913233" does not exist
    note: run with `RUST_BACKTRACE=1` environment variable to display a backtrace

        SLOW [> 60.000s] (─────────) synapse-rust::integration auth_service_tests_migrated::test_no_migration_for_argon2_hash
  TRY 3 SLOW [> 60.000s] (─────────) synapse-rust::integration auth_service_coverage_tests::test_verify_user_credentials_success
        SLOW [> 60.000s] (─────────) synapse-rust::integration auth_service_tests_migrated::test_password_migration_on_login
TRY 1 TRMNTG [>120.000s] (─────────) synapse-rust::integration auth_service_tests_migrated::test_auth_service_register_invalid_username
   TRY 1 TMT [ 120.011s] (─────────) synapse-rust::integration auth_service_tests_migrated::test_auth_service_register_invalid_username
  stdout ───

    running 1 test
    test auth_service_tests_migrated::test_auth_service_register_invalid_username has been running for over 60 seconds

    (test timed out)

  TRY 3 SLOW [> 60.000s] (─────────) synapse-rust::integration auth_service_coverage_tests::test_verify_user_credentials_nonexistent_user_returns_401_unauthorized
        SLOW [> 60.000s] (─────────) synapse-rust::integration auth_service_tests_migrated::test_password_migration_preserves_login_ability
  TRY 3 FAIL [  91.424s] ( 368/1396) synapse-rust::integration auth_service_coverage_tests::test_verify_user_credentials_success
  stdout ───

    running 1 test
    test auth_service_coverage_tests::test_verify_user_credentials_success has been running for over 60 seconds
    test auth_service_coverage_tests::test_verify_user_credentials_success ... FAILED

    failures:

    failures:
        auth_service_coverage_tests::test_verify_user_credentials_success

    test result: FAILED. 0 passed; 1 failed; 0 ignored; 0 measured; 1395 filtered out; finished in 91.40s

  stderr ───

    thread 'auth_service_coverage_tests::test_verify_user_credentials_success' (65797967) panicked at tests/integration/mod.rs:268:9:
    Integration test requires database setup. For local runs, start PostgreSQL and apply migrations first; in CI this must already succeed. Error: failed to clone template to test_81162_1_1788327366779073000: error returned from database: schema "test_template_v2_aa57a852f2913233" does not exist
    note: run with `RUST_BACKTRACE=1` environment variable to display a backtrace

        PASS [   0.018s] ( 369/1396) synapse-rust::integration beacon_storage_tests_migrated::test_beacon_info_serialization
        PASS [   0.008s] ( 370/1396) synapse-rust::integration beacon_storage_tests_migrated::test_beacon_info_with_locations_structure
        PASS [   0.008s] ( 371/1396) synapse-rust::integration beacon_storage_tests_migrated::test_beacon_location_serialization
  TRY 3 SLOW [> 60.000s] (─────────) synapse-rust::integration auth_service_coverage_tests::test_verify_user_credentials_wrong_password_returns_401_unauthorized
  TRY 3 SLOW [> 60.000s] (─────────) synapse-rust::integration auth_service_tests_migrated::test_auth_service_login_invalid_credentials
TRY 1 TRMNTG [>120.000s] (─────────) synapse-rust::integration auth_service_tests_migrated::test_no_migration_for_argon2_hash
   TRY 1 TMT [ 120.010s] (─────────) synapse-rust::integration auth_service_tests_migrated::test_no_migration_for_argon2_hash
  stdout ───

    running 1 test
    test auth_service_tests_migrated::test_no_migration_for_argon2_hash has been running for over 60 seconds

    (test timed out)

TRY 1 TRMNTG [>120.000s] (─────────) synapse-rust::integration auth_service_tests_migrated::test_password_migration_on_login
   TRY 1 TMT [ 120.007s] (─────────) synapse-rust::integration auth_service_tests_migrated::test_password_migration_on_login
  stdout ───

    running 1 test
    test auth_service_tests_migrated::test_password_migration_on_login has been running for over 60 seconds

    (test timed out)

  TRY 3 FAIL [  88.285s] ( 372/1396) synapse-rust::integration auth_service_tests_migrated::test_auth_service_login_invalid_credentials
  stdout ───

    running 1 test
    test auth_service_tests_migrated::test_auth_service_login_invalid_credentials has been running for over 60 seconds
    test auth_service_tests_migrated::test_auth_service_login_invalid_credentials ... FAILED

    failures:

    failures:
        auth_service_tests_migrated::test_auth_service_login_invalid_credentials

    test result: FAILED. 0 passed; 1 failed; 0 ignored; 0 measured; 1395 filtered out; finished in 88.27s

  stderr ───

    thread 'auth_service_tests_migrated::test_auth_service_login_invalid_credentials' (65798725) panicked at tests/integration/mod.rs:268:9:
    Integration test requires database setup. For local runs, start PostgreSQL and apply migrations first; in CI this must already succeed. Error: failed to clone template to test_81389_1_1788327397780333000: error returned from database: schema "test_template_v2_aa57a852f2913233" does not exist
    note: run with `RUST_BACKTRACE=1` environment variable to display a backtrace

  TRY 2 FAIL [   1.517s] (─────────) synapse-rust::integration auth_service_tests_migrated::test_password_migration_on_login
  stdout ───

    running 1 test
    test auth_service_tests_migrated::test_password_migration_on_login ... FAILED

    failures:

    failures:
        auth_service_tests_migrated::test_password_migration_on_login

    test result: FAILED. 0 passed; 1 failed; 0 ignored; 0 measured; 1395 filtered out; finished in 1.50s

  stderr ───

    thread 'auth_service_tests_migrated::test_password_migration_on_login' (65800672) panicked at tests/integration/mod.rs:268:9:
    Integration test requires database setup. For local runs, start PostgreSQL and apply migrations first; in CI this must already succeed. Error: failed to clone template to test_81922_1_1788327397953596000: error returned from database: schema "test_template_v2_aa57a852f2913233" does not exist
    note: run with `RUST_BACKTRACE=1` environment variable to display a backtrace

  TRY 2 SLOW [> 60.000s] (─────────) synapse-rust::integration auth_service_tests_migrated::test_auth_service_register_invalid_username
TRY 1 TRMNTG [>120.000s] (─────────) synapse-rust::integration auth_service_tests_migrated::test_password_migration_preserves_login_ability
TRY 3 TRMNTG [>120.000s] (─────────) synapse-rust::integration auth_service_coverage_tests::test_verify_user_credentials_nonexistent_user_returns_401_unauthorized
   TRY 1 TMT [ 120.007s] (─────────) synapse-rust::integration auth_service_tests_migrated::test_password_migration_preserves_login_ability
  stdout ───

    running 1 test
    test auth_service_tests_migrated::test_password_migration_preserves_login_ability has been running for over 60 seconds

    (test timed out)

   TRY 3 TMT [ 120.007s] ( 373/1396) synapse-rust::integration auth_service_coverage_tests::test_verify_user_credentials_nonexistent_user_returns_401_unauthorized
  stdout ───

    running 1 test
    test auth_service_coverage_tests::test_verify_user_credentials_nonexistent_user_returns_401_unauthorized has been running for over 60 seconds

    (test timed out)

        SLOW [> 60.000s] (─────────) synapse-rust::integration beacon_storage_tests_migrated::test_beacon_storage_new
TRY 3 TRMNTG [>120.000s] (─────────) synapse-rust::integration auth_service_coverage_tests::test_verify_user_credentials_wrong_password_returns_401_unauthorized
   TRY 3 TMT [ 120.007s] ( 374/1396) synapse-rust::integration auth_service_coverage_tests::test_verify_user_credentials_wrong_password_returns_401_unauthorized
  stdout ───

    running 1 test
    test auth_service_coverage_tests::test_verify_user_credentials_wrong_password_returns_401_unauthorized has been running for over 60 seconds

    (test timed out)

  TRY 2 SLOW [> 60.000s] (─────────) synapse-rust::integration auth_service_tests_migrated::test_no_migration_for_argon2_hash
        SLOW [> 60.000s] (─────────) synapse-rust::integration beacon_storage_tests_migrated::test_cleanup_expired_beacons
  TRY 3 SLOW [> 60.000s] (─────────) synapse-rust::integration auth_service_tests_migrated::test_password_migration_on_login
  TRY 1 FAIL [  29.527s] (─────────) synapse-rust::integration beacon_storage_tests_migrated::test_count_locations_in_room_by_sender_since
  stdout ───

    running 1 test
    test beacon_storage_tests_migrated::test_count_locations_in_room_by_sender_since ... FAILED

    failures:

    failures:
        beacon_storage_tests_migrated::test_count_locations_in_room_by_sender_since

    test result: FAILED. 0 passed; 1 failed; 0 ignored; 0 measured; 1395 filtered out; finished in 29.51s

  stderr ───

    thread 'beacon_storage_tests_migrated::test_count_locations_in_room_by_sender_since' (65801350) panicked at tests/integration/mod.rs:268:9:
    Integration test requires database setup. For local runs, start PostgreSQL and apply migrations first; in CI this must already succeed. Error: failed to clone template to test_82131_1_1788327459061759000: error returned from database: schema "test_template_v2_aa57a852f2913233" does not exist
    note: run with `RUST_BACKTRACE=1` environment variable to display a backtrace

TRY 2 TRMNTG [>120.000s] (─────────) synapse-rust::integration auth_service_tests_migrated::test_auth_service_register_invalid_username
   TRY 2 TMT [ 120.009s] (─────────) synapse-rust::integration auth_service_tests_migrated::test_auth_service_register_invalid_username
  stdout ───

    running 1 test
    test auth_service_tests_migrated::test_auth_service_register_invalid_username has been running for over 60 seconds

    (test timed out)

        SLOW [> 60.000s] (─────────) synapse-rust::integration beacon_storage_tests_migrated::test_cleanup_expired_beacons_none
  TRY 2 SLOW [> 60.000s] (─────────) synapse-rust::integration auth_service_tests_migrated::test_password_migration_preserves_login_ability
TRY 1 TRMNTG [>120.000s] (─────────) synapse-rust::integration beacon_storage_tests_migrated::test_beacon_storage_new
   TRY 1 TMT [ 120.009s] (─────────) synapse-rust::integration beacon_storage_tests_migrated::test_beacon_storage_new
  stdout ───

    running 1 test
    test beacon_storage_tests_migrated::test_beacon_storage_new has been running for over 60 seconds

    (test timed out)

TRY 2 TRMNTG [>120.000s] (─────────) synapse-rust::integration auth_service_tests_migrated::test_no_migration_for_argon2_hash
   TRY 2 TMT [ 120.009s] (─────────) synapse-rust::integration auth_service_tests_migrated::test_no_migration_for_argon2_hash
  stdout ───

    running 1 test
    test auth_service_tests_migrated::test_no_migration_for_argon2_hash has been running for over 60 seconds

    (test timed out)

TRY 1 TRMNTG [>120.000s] (─────────) synapse-rust::integration beacon_storage_tests_migrated::test_cleanup_expired_beacons
   TRY 1 TMT [ 120.007s] (─────────) synapse-rust::integration beacon_storage_tests_migrated::test_cleanup_expired_beacons
  stdout ───

    running 1 test
    test beacon_storage_tests_migrated::test_cleanup_expired_beacons has been running for over 60 seconds

    (test timed out)

TRY 3 TRMNTG [>120.000s] (─────────) synapse-rust::integration auth_service_tests_migrated::test_password_migration_on_login
   TRY 3 TMT [ 120.007s] ( 375/1396) synapse-rust::integration auth_service_tests_migrated::test_password_migration_on_login
  stdout ───

    running 1 test
    test auth_service_tests_migrated::test_password_migration_on_login has been running for over 60 seconds

    (test timed out)

  TRY 2 SLOW [> 60.000s] (─────────) synapse-rust::integration beacon_storage_tests_migrated::test_count_locations_in_room_by_sender_since
  TRY 3 SLOW [> 60.000s] (─────────) synapse-rust::integration auth_service_tests_migrated::test_auth_service_register_invalid_username
TRY 2 TRMNTG [>120.000s] (─────────) synapse-rust::integration auth_service_tests_migrated::test_password_migration_preserves_login_ability
TRY 1 TRMNTG [>120.000s] (─────────) synapse-rust::integration beacon_storage_tests_migrated::test_cleanup_expired_beacons_none
   TRY 2 TMT [ 120.009s] (─────────) synapse-rust::integration auth_service_tests_migrated::test_password_migration_preserves_login_ability
  stdout ───

    running 1 test
    test auth_service_tests_migrated::test_password_migration_preserves_login_ability has been running for over 60 seconds

    (test timed out)

   TRY 1 TMT [ 120.009s] (─────────) synapse-rust::integration beacon_storage_tests_migrated::test_cleanup_expired_beacons_none
  stdout ───

    running 1 test
    test beacon_storage_tests_migrated::test_cleanup_expired_beacons_none has been running for over 60 seconds

    (test timed out)

  TRY 2 SLOW [> 60.000s] (─────────) synapse-rust::integration beacon_storage_tests_migrated::test_beacon_storage_new
  TRY 2 FAIL [  93.398s] (─────────) synapse-rust::integration beacon_storage_tests_migrated::test_count_locations_in_room_by_sender_since
  stdout ───

    running 1 test
    test beacon_storage_tests_migrated::test_count_locations_in_room_by_sender_since has been running for over 60 seconds
    test beacon_storage_tests_migrated::test_count_locations_in_room_by_sender_since ... FAILED

    failures:

    failures:
        beacon_storage_tests_migrated::test_count_locations_in_room_by_sender_since

    test result: FAILED. 0 passed; 1 failed; 0 ignored; 0 measured; 1395 filtered out; finished in 93.38s

  stderr ───

    thread 'beacon_storage_tests_migrated::test_count_locations_in_room_by_sender_since' (65801934) panicked at tests/integration/mod.rs:268:9:
    Integration test requires database setup. For local runs, start PostgreSQL and apply migrations first; in CI this must already succeed. Error: failed to clone template to test_82310_1_1788327552448212000: error returned from database: schema "test_template_v2_aa57a852f2913233" does not exist
    note: run with `RUST_BACKTRACE=1` environment variable to display a backtrace

  TRY 3 SLOW [> 60.000s] (─────────) synapse-rust::integration auth_service_tests_migrated::test_no_migration_for_argon2_hash
  TRY 2 SLOW [> 60.000s] (─────────) synapse-rust::integration beacon_storage_tests_migrated::test_cleanup_expired_beacons
        SLOW [> 60.000s] (─────────) synapse-rust::integration beacon_storage_tests_migrated::test_count_locations_in_room_since
TRY 3 TRMNTG [>120.000s] (─────────) synapse-rust::integration auth_service_tests_migrated::test_auth_service_register_invalid_username
   TRY 3 TMT [ 120.006s] ( 376/1396) synapse-rust::integration auth_service_tests_migrated::test_auth_service_register_invalid_username
  stdout ───

    running 1 test
    test auth_service_tests_migrated::test_auth_service_register_invalid_username has been running for over 60 seconds

    (test timed out)

  TRY 3 SLOW [> 60.000s] (─────────) synapse-rust::integration auth_service_tests_migrated::test_password_migration_preserves_login_ability
  TRY 2 SLOW [> 60.000s] (─────────) synapse-rust::integration beacon_storage_tests_migrated::test_cleanup_expired_beacons_none
TRY 2 TRMNTG [>120.000s] (─────────) synapse-rust::integration beacon_storage_tests_migrated::test_beacon_storage_new
   TRY 2 TMT [ 120.010s] (─────────) synapse-rust::integration beacon_storage_tests_migrated::test_beacon_storage_new
  stdout ───

    running 1 test
    test beacon_storage_tests_migrated::test_beacon_storage_new has been running for over 60 seconds

    (test timed out)

  TRY 2 FAIL [  91.180s] (─────────) synapse-rust::integration beacon_storage_tests_migrated::test_cleanup_expired_beacons
  stdout ───

    running 1 test
    test beacon_storage_tests_migrated::test_cleanup_expired_beacons has been running for over 60 seconds
    test beacon_storage_tests_migrated::test_cleanup_expired_beacons ... FAILED

    failures:

    failures:
        beacon_storage_tests_migrated::test_cleanup_expired_beacons

    test result: FAILED. 0 passed; 1 failed; 0 ignored; 0 measured; 1395 filtered out; finished in 91.16s

  stderr ───

    thread 'beacon_storage_tests_migrated::test_cleanup_expired_beacons' (65803286) panicked at tests/integration/mod.rs:268:9:
    Integration test requires database setup. For local runs, start PostgreSQL and apply migrations first; in CI this must already succeed. Error: failed to clone template to test_82675_1_1788327609023930000: error returned from database: schema "test_template_v2_aa57a852f2913233" does not exist
    note: run with `RUST_BACKTRACE=1` environment variable to display a backtrace

  TRY 3 SLOW [> 60.000s] (─────────) synapse-rust::integration beacon_storage_tests_migrated::test_count_locations_in_room_by_sender_since
TRY 3 TRMNTG [>120.000s] (─────────) synapse-rust::integration auth_service_tests_migrated::test_no_migration_for_argon2_hash
   TRY 3 TMT [ 120.009s] ( 377/1396) synapse-rust::integration auth_service_tests_migrated::test_no_migration_for_argon2_hash
  stdout ───

    running 1 test
    test auth_service_tests_migrated::test_no_migration_for_argon2_hash has been running for over 60 seconds

    (test timed out)

TRY 1 TRMNTG [>120.000s] (─────────) synapse-rust::integration beacon_storage_tests_migrated::test_count_locations_in_room_since
   TRY 1 TMT [ 120.008s] (─────────) synapse-rust::integration beacon_storage_tests_migrated::test_count_locations_in_room_since
  stdout ───

    running 1 test
    test beacon_storage_tests_migrated::test_count_locations_in_room_since has been running for over 60 seconds

    (test timed out)

  TRY 3 FAIL [  87.601s] ( 378/1396) synapse-rust::integration beacon_storage_tests_migrated::test_count_locations_in_room_by_sender_since
  stdout ───

    running 1 test
    test beacon_storage_tests_migrated::test_count_locations_in_room_by_sender_since has been running for over 60 seconds
    test beacon_storage_tests_migrated::test_count_locations_in_room_by_sender_since ... FAILED

    failures:

    failures:
        beacon_storage_tests_migrated::test_count_locations_in_room_by_sender_since

    test result: FAILED. 0 passed; 1 failed; 0 ignored; 0 measured; 1395 filtered out; finished in 87.58s

  stderr ───

    thread 'beacon_storage_tests_migrated::test_count_locations_in_room_by_sender_since' (65804012) panicked at tests/integration/mod.rs:268:9:
    Integration test requires database setup. For local runs, start PostgreSQL and apply migrations first; in CI this must already succeed. Error: failed to clone template to test_82890_1_1788327640041193000: error returned from database: schema "test_template_v2_aa57a852f2913233" does not exist
    note: run with `RUST_BACKTRACE=1` environment variable to display a backtrace

        PASS [   0.024s] ( 379/1396) synapse-rust::integration beacon_storage_tests_migrated::test_create_beacon_info_params_serialization
        SLOW [> 60.000s] (─────────) synapse-rust::integration beacon_storage_tests_migrated::test_create_beacon_info
TRY 3 TRMNTG [>120.000s] (─────────) synapse-rust::integration auth_service_tests_migrated::test_password_migration_preserves_login_ability
TRY 2 TRMNTG [>120.000s] (─────────) synapse-rust::integration beacon_storage_tests_migrated::test_cleanup_expired_beacons_none
   TRY 2 TMT [ 120.011s] (─────────) synapse-rust::integration beacon_storage_tests_migrated::test_cleanup_expired_beacons_none
  stdout ───

    running 1 test
    test beacon_storage_tests_migrated::test_cleanup_expired_beacons_none has been running for over 60 seconds

    (test timed out)

   TRY 3 TMT [ 120.010s] ( 380/1396) synapse-rust::integration auth_service_tests_migrated::test_password_migration_preserves_login_ability
  stdout ───

    running 1 test
    test auth_service_tests_migrated::test_password_migration_preserves_login_ability has been running for over 60 seconds

    (test timed out)

  TRY 3 SLOW [> 60.000s] (─────────) synapse-rust::integration beacon_storage_tests_migrated::test_beacon_storage_new
  TRY 3 SLOW [> 60.000s] (─────────) synapse-rust::integration beacon_storage_tests_migrated::test_cleanup_expired_beacons
        SLOW [> 60.000s] (─────────) synapse-rust::integration beacon_storage_tests_migrated::test_create_beacon_info_not_live
  TRY 2 SLOW [> 60.000s] (─────────) synapse-rust::integration beacon_storage_tests_migrated::test_count_locations_in_room_since
        SLOW [> 60.000s] (─────────) synapse-rust::integration beacon_storage_tests_migrated::test_create_beacon_info_zero_timeout
TRY 1 TRMNTG [>120.000s] (─────────) synapse-rust::integration beacon_storage_tests_migrated::test_create_beacon_info
   TRY 1 TMT [ 120.007s] (─────────) synapse-rust::integration beacon_storage_tests_migrated::test_create_beacon_info
  stdout ───

    running 1 test
    test beacon_storage_tests_migrated::test_create_beacon_info has been running for over 60 seconds

    (test timed out)

  TRY 3 SLOW [> 60.000s] (─────────) synapse-rust::integration beacon_storage_tests_migrated::test_cleanup_expired_beacons_none
        SLOW [> 60.000s] (─────────) synapse-rust::integration beacon_storage_tests_migrated::test_create_beacon_location
  TRY 1 FAIL [  85.489s] (─────────) synapse-rust::integration beacon_storage_tests_migrated::test_create_beacon_info_zero_timeout
  stdout ───

    running 1 test
    test beacon_storage_tests_migrated::test_create_beacon_info_zero_timeout has been running for over 60 seconds
    test beacon_storage_tests_migrated::test_create_beacon_info_zero_timeout ... FAILED

    failures:

    failures:
        beacon_storage_tests_migrated::test_create_beacon_info_zero_timeout

    test result: FAILED. 0 passed; 1 failed; 0 ignored; 0 measured; 1395 filtered out; finished in 85.48s

  stderr ───

    thread 'beacon_storage_tests_migrated::test_create_beacon_info_zero_timeout' (65806003) panicked at tests/integration/mod.rs:268:9:
    Integration test requires database setup. For local runs, start PostgreSQL and apply migrations first; in CI this must already succeed. Error: failed to clone template to test_83443_1_1788327725451085000: error returned from database: schema "test_template_v2_aa57a852f2913233" does not exist
    note: run with `RUST_BACKTRACE=1` environment variable to display a backtrace

TRY 3 TRMNTG [>120.000s] (─────────) synapse-rust::integration beacon_storage_tests_migrated::test_beacon_storage_new
   TRY 3 TMT [ 120.008s] ( 381/1396) synapse-rust::integration beacon_storage_tests_migrated::test_beacon_storage_new
  stdout ───

    running 1 test
    test beacon_storage_tests_migrated::test_beacon_storage_new has been running for over 60 seconds

    (test timed out)

        PASS [   0.023s] ( 382/1396) synapse-rust::integration beacon_storage_tests_migrated::test_create_beacon_location_params_serialization
TRY 3 TRMNTG [>120.000s] (─────────) synapse-rust::integration beacon_storage_tests_migrated::test_cleanup_expired_beacons
   TRY 3 TMT [ 120.010s] ( 383/1396) synapse-rust::integration beacon_storage_tests_migrated::test_cleanup_expired_beacons
  stdout ───

    running 1 test
    test beacon_storage_tests_migrated::test_cleanup_expired_beacons has been running for over 60 seconds

    (test timed out)

TRY 1 TRMNTG [>120.000s] (─────────) synapse-rust::integration beacon_storage_tests_migrated::test_create_beacon_info_not_live
   TRY 1 TMT [ 120.010s] (─────────) synapse-rust::integration beacon_storage_tests_migrated::test_create_beacon_info_not_live
  stdout ───

    running 1 test
    test beacon_storage_tests_migrated::test_create_beacon_info_not_live has been running for over 60 seconds

    (test timed out)

  TRY 2 FAIL [ 117.889s] (─────────) synapse-rust::integration beacon_storage_tests_migrated::test_count_locations_in_room_since
  stdout ───

    running 1 test
    test beacon_storage_tests_migrated::test_count_locations_in_room_since has been running for over 60 seconds
    test beacon_storage_tests_migrated::test_count_locations_in_room_since ... FAILED

    failures:

    failures:
        beacon_storage_tests_migrated::test_count_locations_in_room_since

    test result: FAILED. 0 passed; 1 failed; 0 ignored; 0 measured; 1395 filtered out; finished in 117.87s

  stderr ───

    thread 'beacon_storage_tests_migrated::test_count_locations_in_room_since' (65805943) panicked at tests/integration/mod.rs:268:9:
    Integration test requires database setup. For local runs, start PostgreSQL and apply migrations first; in CI this must already succeed. Error: failed to clone template to test_83420_1_1788327756008275000: error returned from database: schema "test_template_v2_aa57a852f2913233" does not exist
    note: run with `RUST_BACKTRACE=1` environment variable to display a backtrace

  TRY 2 SLOW [> 60.000s] (─────────) synapse-rust::integration beacon_storage_tests_migrated::test_create_beacon_info
TRY 1 TRMNTG [>120.000s] (─────────) synapse-rust::integration beacon_storage_tests_migrated::test_create_beacon_location
TRY 3 TRMNTG [>120.000s] (─────────) synapse-rust::integration beacon_storage_tests_migrated::test_cleanup_expired_beacons_none
   TRY 3 TMT [ 120.009s] ( 384/1396) synapse-rust::integration beacon_storage_tests_migrated::test_cleanup_expired_beacons_none
  stdout ───

    running 1 test
    test beacon_storage_tests_migrated::test_cleanup_expired_beacons_none has been running for over 60 seconds

    (test timed out)

   TRY 1 TMT [ 120.010s] (─────────) synapse-rust::integration beacon_storage_tests_migrated::test_create_beacon_location
  stdout ───

    running 1 test
    test beacon_storage_tests_migrated::test_create_beacon_location has been running for over 60 seconds

    (test timed out)

  TRY 2 SLOW [> 60.000s] (─────────) synapse-rust::integration beacon_storage_tests_migrated::test_create_beacon_info_zero_timeout
        SLOW [> 60.000s] (─────────) synapse-rust::integration beacon_storage_tests_migrated::test_create_beacon_location_zero_timestamp
        SLOW [> 60.000s] (─────────) synapse-rust::integration beacon_storage_tests_migrated::test_deactivate_beacons_by_state_key
  TRY 2 SLOW [> 60.000s] (─────────) synapse-rust::integration beacon_storage_tests_migrated::test_create_beacon_info_not_live
  TRY 3 SLOW [> 60.000s] (─────────) synapse-rust::integration beacon_storage_tests_migrated::test_count_locations_in_room_since
TRY 2 TRMNTG [>120.000s] (─────────) synapse-rust::integration beacon_storage_tests_migrated::test_create_beacon_info
   TRY 2 TMT [ 120.007s] (─────────) synapse-rust::integration beacon_storage_tests_migrated::test_create_beacon_info
  stdout ───

    running 1 test
    test beacon_storage_tests_migrated::test_create_beacon_info has been running for over 60 seconds

    (test timed out)

  TRY 2 SLOW [> 60.000s] (─────────) synapse-rust::integration beacon_storage_tests_migrated::test_create_beacon_location
        SLOW [> 60.000s] (─────────) synapse-rust::integration beacon_storage_tests_migrated::test_deactivate_beacons_no_match
TRY 2 TRMNTG [>120.000s] (─────────) synapse-rust::integration beacon_storage_tests_migrated::test_create_beacon_info_zero_timeout
   TRY 2 TMT [ 120.007s] (─────────) synapse-rust::integration beacon_storage_tests_migrated::test_create_beacon_info_zero_timeout
  stdout ───

    running 1 test
    test beacon_storage_tests_migrated::test_create_beacon_info_zero_timeout has been running for over 60 seconds

    (test timed out)

TRY 1 TRMNTG [>120.000s] (─────────) synapse-rust::integration beacon_storage_tests_migrated::test_create_beacon_location_zero_timestamp
   TRY 1 TMT [ 120.008s] (─────────) synapse-rust::integration beacon_storage_tests_migrated::test_create_beacon_location_zero_timestamp
  stdout ───

    running 1 test
    test beacon_storage_tests_migrated::test_create_beacon_location_zero_timestamp has been running for over 60 seconds

    (test timed out)

  TRY 1 FAIL [  63.785s] (─────────) synapse-rust::integration beacon_storage_tests_migrated::test_deactivate_beacons_no_match
  stdout ───

    running 1 test
    test beacon_storage_tests_migrated::test_deactivate_beacons_no_match has been running for over 60 seconds
    test beacon_storage_tests_migrated::test_deactivate_beacons_no_match ... FAILED

    failures:

    failures:
        beacon_storage_tests_migrated::test_deactivate_beacons_no_match

    test result: FAILED. 0 passed; 1 failed; 0 ignored; 0 measured; 1395 filtered out; finished in 63.75s

  stderr ───

    thread 'beacon_storage_tests_migrated::test_deactivate_beacons_no_match' (65809038) panicked at tests/integration/mod.rs:268:9:
    Integration test requires database setup. For local runs, start PostgreSQL and apply migrations first; in CI this must already succeed. Error: failed to clone template to test_84317_1_1788327847414980000: error returned from database: schema "test_template_v2_aa57a852f2913233" does not exist
    note: run with `RUST_BACKTRACE=1` environment variable to display a backtrace

TRY 1 TRMNTG [>120.000s] (─────────) synapse-rust::integration beacon_storage_tests_migrated::test_deactivate_beacons_by_state_key
   TRY 1 TMT [ 120.007s] (─────────) synapse-rust::integration beacon_storage_tests_migrated::test_deactivate_beacons_by_state_key
  stdout ───

    running 1 test
    test beacon_storage_tests_migrated::test_deactivate_beacons_by_state_key has been running for over 60 seconds

    (test timed out)

TRY 2 TRMNTG [>120.000s] (─────────) synapse-rust::integration beacon_storage_tests_migrated::test_create_beacon_info_not_live
   TRY 2 TMT [ 120.007s] (─────────) synapse-rust::integration beacon_storage_tests_migrated::test_create_beacon_info_not_live
  stdout ───

    running 1 test
    test beacon_storage_tests_migrated::test_create_beacon_info_not_live has been running for over 60 seconds

    (test timed out)

TRY 3 TRMNTG [>120.000s] (─────────) synapse-rust::integration beacon_storage_tests_migrated::test_count_locations_in_room_since
   TRY 3 TMT [ 120.009s] ( 385/1396) synapse-rust::integration beacon_storage_tests_migrated::test_count_locations_in_room_since
  stdout ───

    running 1 test
    test beacon_storage_tests_migrated::test_count_locations_in_room_since has been running for over 60 seconds

    (test timed out)

  TRY 2 FAIL [  94.344s] (─────────) synapse-rust::integration beacon_storage_tests_migrated::test_create_beacon_location
  stdout ───

    running 1 test
    test beacon_storage_tests_migrated::test_create_beacon_location has been running for over 60 seconds
    test beacon_storage_tests_migrated::test_create_beacon_location ... FAILED

    failures:

    failures:
        beacon_storage_tests_migrated::test_create_beacon_location

    test result: FAILED. 0 passed; 1 failed; 0 ignored; 0 measured; 1395 filtered out; finished in 94.31s

  stderr ───

    thread 'beacon_storage_tests_migrated::test_create_beacon_location' (65809039) panicked at tests/integration/mod.rs:268:9:
    Integration test requires database setup. For local runs, start PostgreSQL and apply migrations first; in CI this must already succeed. Error: failed to clone template to test_84318_1_1788327878065022000: error returned from database: schema "test_template_v2_aa57a852f2913233" does not exist
    note: run with `RUST_BACKTRACE=1` environment variable to display a backtrace

  TRY 3 SLOW [> 60.000s] (─────────) synapse-rust::integration beacon_storage_tests_migrated::test_create_beacon_info
  TRY 3 SLOW [> 60.000s] (─────────) synapse-rust::integration beacon_storage_tests_migrated::test_create_beacon_info_zero_timeout
  TRY 2 SLOW [> 60.000s] (─────────) synapse-rust::integration beacon_storage_tests_migrated::test_create_beacon_location_zero_timestamp
  TRY 2 SLOW [> 60.000s] (─────────) synapse-rust::integration beacon_storage_tests_migrated::test_deactivate_beacons_no_match
  TRY 2 SLOW [> 60.000s] (─────────) synapse-rust::integration beacon_storage_tests_migrated::test_deactivate_beacons_by_state_key
  TRY 3 SLOW [> 60.000s] (─────────) synapse-rust::integration beacon_storage_tests_migrated::test_create_beacon_info_not_live
        SLOW [> 60.000s] (─────────) synapse-rust::integration beacon_storage_tests_migrated::test_delete_beacon_info
  TRY 3 FAIL [  91.403s] ( 386/1396) synapse-rust::integration beacon_storage_tests_migrated::test_create_beacon_info_zero_timeout
  stdout ───

    running 1 test
    test beacon_storage_tests_migrated::test_create_beacon_info_zero_timeout has been running for over 60 seconds
    test beacon_storage_tests_migrated::test_create_beacon_info_zero_timeout ... FAILED

    failures:

    failures:
        beacon_storage_tests_migrated::test_create_beacon_info_zero_timeout

    test result: FAILED. 0 passed; 1 failed; 0 ignored; 0 measured; 1395 filtered out; finished in 91.38s

  stderr ───

    thread 'beacon_storage_tests_migrated::test_create_beacon_info_zero_timeout' (65810650) panicked at tests/integration/mod.rs:268:9:
    Integration test requires database setup. For local runs, start PostgreSQL and apply migrations first; in CI this must already succeed. Error: failed to clone template to test_84696_1_1788327936778019000: error returned from database: schema "test_template_v2_aa57a852f2913233" does not exist
    note: run with `RUST_BACKTRACE=1` environment variable to display a backtrace

  TRY 3 SLOW [> 60.000s] (─────────) synapse-rust::integration beacon_storage_tests_migrated::test_create_beacon_location
TRY 3 TRMNTG [>120.000s] (─────────) synapse-rust::integration beacon_storage_tests_migrated::test_create_beacon_info
   TRY 3 TMT [ 120.009s] ( 387/1396) synapse-rust::integration beacon_storage_tests_migrated::test_create_beacon_info
  stdout ───

    running 1 test
    test beacon_storage_tests_migrated::test_create_beacon_info has been running for over 60 seconds

    (test timed out)

TRY 2 TRMNTG [>120.000s] (─────────) synapse-rust::integration beacon_storage_tests_migrated::test_create_beacon_location_zero_timestamp
   TRY 2 TMT [ 120.010s] (─────────) synapse-rust::integration beacon_storage_tests_migrated::test_create_beacon_location_zero_timestamp
  stdout ───

    running 1 test
    test beacon_storage_tests_migrated::test_create_beacon_location_zero_timestamp has been running for over 60 seconds

    (test timed out)

TRY 2 TRMNTG [>120.000s] (─────────) synapse-rust::integration beacon_storage_tests_migrated::test_deactivate_beacons_no_match
   TRY 2 TMT [ 120.008s] (─────────) synapse-rust::integration beacon_storage_tests_migrated::test_deactivate_beacons_no_match
  stdout ───

    running 1 test
    test beacon_storage_tests_migrated::test_deactivate_beacons_no_match has been running for over 60 seconds

    (test timed out)

TRY 2 TRMNTG [>120.000s] (─────────) synapse-rust::integration beacon_storage_tests_migrated::test_deactivate_beacons_by_state_key
   TRY 2 TMT [ 120.008s] (─────────) synapse-rust::integration beacon_storage_tests_migrated::test_deactivate_beacons_by_state_key
  stdout ───

    running 1 test
    test beacon_storage_tests_migrated::test_deactivate_beacons_by_state_key has been running for over 60 seconds

    (test timed out)

TRY 3 TRMNTG [>120.000s] (─────────) synapse-rust::integration beacon_storage_tests_migrated::test_create_beacon_info_not_live
   TRY 3 TMT [ 120.009s] ( 388/1396) synapse-rust::integration beacon_storage_tests_migrated::test_create_beacon_info_not_live
  stdout ───

    running 1 test
    test beacon_storage_tests_migrated::test_create_beacon_info_not_live has been running for over 60 seconds

    (test timed out)

TRY 1 TRMNTG [>120.000s] (─────────) synapse-rust::integration beacon_storage_tests_migrated::test_delete_beacon_info
   TRY 1 TMT [ 120.009s] (─────────) synapse-rust::integration beacon_storage_tests_migrated::test_delete_beacon_info
  stdout ───

    running 1 test
    test beacon_storage_tests_migrated::test_delete_beacon_info has been running for over 60 seconds

    (test timed out)

        SLOW [> 60.000s] (─────────) synapse-rust::integration beacon_storage_tests_migrated::test_delete_beacon_info_not_found
TRY 3 TRMNTG [>120.000s] (─────────) synapse-rust::integration beacon_storage_tests_migrated::test_create_beacon_location
   TRY 3 TMT [ 120.006s] ( 389/1396) synapse-rust::integration beacon_storage_tests_migrated::test_create_beacon_location
  stdout ───

    running 1 test
    test beacon_storage_tests_migrated::test_create_beacon_location has been running for over 60 seconds

    (test timed out)

  TRY 3 FAIL [  32.169s] ( 390/1396) synapse-rust::integration beacon_storage_tests_migrated::test_create_beacon_location_zero_timestamp
  stdout ───

    running 1 test
    test beacon_storage_tests_migrated::test_create_beacon_location_zero_timestamp ... FAILED

    failures:

    failures:
        beacon_storage_tests_migrated::test_create_beacon_location_zero_timestamp

    test result: FAILED. 0 passed; 1 failed; 0 ignored; 0 measured; 1395 filtered out; finished in 32.15s

  stderr ───

    thread 'beacon_storage_tests_migrated::test_create_beacon_location_zero_timestamp' (65813217) panicked at tests/integration/mod.rs:268:9:
    Integration test requires database setup. For local runs, start PostgreSQL and apply migrations first; in CI this must already succeed. Error: failed to clone template to test_85451_1_1788327999142774000: error returned from database: schema "test_template_v2_aa57a852f2913233" does not exist
    note: run with `RUST_BACKTRACE=1` environment variable to display a backtrace

        SLOW [> 60.000s] (─────────) synapse-rust::integration beacon_storage_tests_migrated::test_full_beacon_lifecycle
  TRY 3 SLOW [> 60.000s] (─────────) synapse-rust::integration beacon_storage_tests_migrated::test_deactivate_beacons_no_match
  TRY 3 SLOW [> 60.000s] (─────────) synapse-rust::integration beacon_storage_tests_migrated::test_deactivate_beacons_by_state_key
        SLOW [> 60.000s] (─────────) synapse-rust::integration beacon_storage_tests_migrated::test_get_active_beacons
  TRY 2 SLOW [> 60.000s] (─────────) synapse-rust::integration beacon_storage_tests_migrated::test_delete_beacon_info
TRY 1 TRMNTG [>120.000s] (─────────) synapse-rust::integration beacon_storage_tests_migrated::test_delete_beacon_info_not_found
   TRY 1 TMT [ 120.008s] (─────────) synapse-rust::integration beacon_storage_tests_migrated::test_delete_beacon_info_not_found
  stdout ───

    running 1 test
    test beacon_storage_tests_migrated::test_delete_beacon_info_not_found has been running for over 60 seconds

    (test timed out)

        SLOW [> 60.000s] (─────────) synapse-rust::integration beacon_storage_tests_migrated::test_get_active_beacons_empty_room
  TRY 3 FAIL [  89.543s] ( 391/1396) synapse-rust::integration beacon_storage_tests_migrated::test_deactivate_beacons_by_state_key
  stdout ───

    running 1 test
    test beacon_storage_tests_migrated::test_deactivate_beacons_by_state_key has been running for over 60 seconds
    test beacon_storage_tests_migrated::test_deactivate_beacons_by_state_key ... FAILED

    failures:

    failures:
        beacon_storage_tests_migrated::test_deactivate_beacons_by_state_key

    test result: FAILED. 0 passed; 1 failed; 0 ignored; 0 measured; 1395 filtered out; finished in 89.52s

  stderr ───

    thread 'beacon_storage_tests_migrated::test_deactivate_beacons_by_state_key' (65813258) panicked at tests/integration/mod.rs:268:9:
    Integration test requires database setup. For local runs, start PostgreSQL and apply migrations first; in CI this must already succeed. Error: failed to clone template to test_85466_1_1788328058506591000: error returned from database: schema "test_template_v2_aa57a852f2913233" does not exist
    note: run with `RUST_BACKTRACE=1` environment variable to display a backtrace

        SLOW [> 60.000s] (─────────) synapse-rust::integration beacon_storage_tests_migrated::test_get_beacon_info_by_state_key
TRY 1 TRMNTG [>120.000s] (─────────) synapse-rust::integration beacon_storage_tests_migrated::test_full_beacon_lifecycle
   TRY 1 TMT [ 120.009s] (─────────) synapse-rust::integration beacon_storage_tests_migrated::test_full_beacon_lifecycle
  stdout ───

    running 1 test
    test beacon_storage_tests_migrated::test_full_beacon_lifecycle has been running for over 60 seconds

    (test timed out)

TRY 3 TRMNTG [>120.000s] (─────────) synapse-rust::integration beacon_storage_tests_migrated::test_deactivate_beacons_no_match
   TRY 3 TMT [ 120.007s] ( 392/1396) synapse-rust::integration beacon_storage_tests_migrated::test_deactivate_beacons_no_match
  stdout ───

    running 1 test
    test beacon_storage_tests_migrated::test_deactivate_beacons_no_match has been running for over 60 seconds

    (test timed out)

  TRY 1 FAIL [  93.458s] (─────────) synapse-rust::integration beacon_storage_tests_migrated::test_get_active_beacons_empty_room
  stdout ───

    running 1 test
    test beacon_storage_tests_migrated::test_get_active_beacons_empty_room has been running for over 60 seconds
    test beacon_storage_tests_migrated::test_get_active_beacons_empty_room ... FAILED

    failures:

    failures:
        beacon_storage_tests_migrated::test_get_active_beacons_empty_room

    test result: FAILED. 0 passed; 1 failed; 0 ignored; 0 measured; 1395 filtered out; finished in 93.44s

  stderr ───

    thread 'beacon_storage_tests_migrated::test_get_active_beacons_empty_room' (65813925) panicked at tests/integration/mod.rs:268:9:
    Integration test requires database setup. For local runs, start PostgreSQL and apply migrations first; in CI this must already succeed. Error: failed to clone template to test_85654_1_1788328091543840000: error returned from database: schema "test_template_v2_aa57a852f2913233" does not exist
    note: run with `RUST_BACKTRACE=1` environment variable to display a backtrace

TRY 1 TRMNTG [>120.000s] (─────────) synapse-rust::integration beacon_storage_tests_migrated::test_get_active_beacons
   TRY 1 TMT [ 120.010s] (─────────) synapse-rust::integration beacon_storage_tests_migrated::test_get_active_beacons
  stdout ───

    running 1 test
    test beacon_storage_tests_migrated::test_get_active_beacons has been running for over 60 seconds

    (test timed out)

TRY 2 TRMNTG [>120.000s] (─────────) synapse-rust::integration beacon_storage_tests_migrated::test_delete_beacon_info
   TRY 2 TMT [ 120.007s] (─────────) synapse-rust::integration beacon_storage_tests_migrated::test_delete_beacon_info
  stdout ───

    running 1 test
    test beacon_storage_tests_migrated::test_delete_beacon_info has been running for over 60 seconds

    (test timed out)

  TRY 2 SLOW [> 60.000s] (─────────) synapse-rust::integration beacon_storage_tests_migrated::test_delete_beacon_info_not_found
        SLOW [> 60.000s] (─────────) synapse-rust::integration beacon_storage_tests_migrated::test_get_beacon_info_by_state_key_empty
TRY 1 TRMNTG [>120.000s] (─────────) synapse-rust::integration beacon_storage_tests_migrated::test_get_beacon_info_by_state_key
   TRY 1 TMT [ 120.005s] (─────────) synapse-rust::integration beacon_storage_tests_migrated::test_get_beacon_info_by_state_key
  stdout ───

    running 1 test
    test beacon_storage_tests_migrated::test_get_beacon_info_by_state_key has been running for over 60 seconds

    (test timed out)

  TRY 2 SLOW [> 60.000s] (─────────) synapse-rust::integration beacon_storage_tests_migrated::test_full_beacon_lifecycle
        SLOW [> 60.000s] (─────────) synapse-rust::integration beacon_storage_tests_migrated::test_get_beacon_info_found
  TRY 1 FAIL [  89.849s] (─────────) synapse-rust::integration beacon_storage_tests_migrated::test_get_beacon_info_by_state_key_empty
  stdout ───

    running 1 test
    test beacon_storage_tests_migrated::test_get_beacon_info_by_state_key_empty has been running for over 60 seconds
    test beacon_storage_tests_migrated::test_get_beacon_info_by_state_key_empty ... FAILED

    failures:

    failures:
        beacon_storage_tests_migrated::test_get_beacon_info_by_state_key_empty

    test result: FAILED. 0 passed; 1 failed; 0 ignored; 0 measured; 1395 filtered out; finished in 89.83s

  stderr ───

    thread 'beacon_storage_tests_migrated::test_get_beacon_info_by_state_key_empty' (65815187) panicked at tests/integration/mod.rs:268:9:
    Integration test requires database setup. For local runs, start PostgreSQL and apply migrations first; in CI this must already succeed. Error: failed to clone template to test_86022_1_1788328148476062000: error returned from database: schema "test_template_v2_aa57a852f2913233" does not exist
    note: run with `RUST_BACKTRACE=1` environment variable to display a backtrace

  TRY 2 SLOW [> 60.000s] (─────────) synapse-rust::integration beacon_storage_tests_migrated::test_get_active_beacons_empty_room
  TRY 2 SLOW [> 60.000s] (─────────) synapse-rust::integration beacon_storage_tests_migrated::test_get_active_beacons
  TRY 3 SLOW [> 60.000s] (─────────) synapse-rust::integration beacon_storage_tests_migrated::test_delete_beacon_info
TRY 2 TRMNTG [>120.000s] (─────────) synapse-rust::integration beacon_storage_tests_migrated::test_delete_beacon_info_not_found
   TRY 2 TMT [ 120.008s] (─────────) synapse-rust::integration beacon_storage_tests_migrated::test_delete_beacon_info_not_found
  stdout ───

    running 1 test
    test beacon_storage_tests_migrated::test_delete_beacon_info_not_found has been running for over 60 seconds

    (test timed out)

  TRY 2 SLOW [> 60.000s] (─────────) synapse-rust::integration beacon_storage_tests_migrated::test_get_beacon_info_by_state_key
  TRY 3 FAIL [  63.517s] ( 393/1396) synapse-rust::integration beacon_storage_tests_migrated::test_delete_beacon_info
  stdout ───

    running 1 test
    test beacon_storage_tests_migrated::test_delete_beacon_info has been running for over 60 seconds
    test beacon_storage_tests_migrated::test_delete_beacon_info ... FAILED

    failures:

    failures:
        beacon_storage_tests_migrated::test_delete_beacon_info

    test result: FAILED. 0 passed; 1 failed; 0 ignored; 0 measured; 1395 filtered out; finished in 63.50s

  stderr ───

    thread 'beacon_storage_tests_migrated::test_delete_beacon_info' (65816476) panicked at tests/integration/mod.rs:268:9:
    Integration test requires database setup. For local runs, start PostgreSQL and apply migrations first; in CI this must already succeed. Error: failed to clone template to test_86381_1_1788328179586847000: error returned from database: schema "test_template_v2_aa57a852f2913233" does not exist
    note: run with `RUST_BACKTRACE=1` environment variable to display a backtrace

TRY 2 TRMNTG [>120.000s] (─────────) synapse-rust::integration beacon_storage_tests_migrated::test_full_beacon_lifecycle
   TRY 2 TMT [ 120.009s] (─────────) synapse-rust::integration beacon_storage_tests_migrated::test_full_beacon_lifecycle
  stdout ───

    running 1 test
    test beacon_storage_tests_migrated::test_full_beacon_lifecycle has been running for over 60 seconds

    (test timed out)

TRY 1 TRMNTG [>120.000s] (─────────) synapse-rust::integration beacon_storage_tests_migrated::test_get_beacon_info_found
   TRY 1 TMT [ 120.009s] (─────────) synapse-rust::integration beacon_storage_tests_migrated::test_get_beacon_info_found
  stdout ───

    running 1 test
    test beacon_storage_tests_migrated::test_get_beacon_info_found has been running for over 60 seconds

    (test timed out)

  TRY 2 SLOW [> 60.000s] (─────────) synapse-rust::integration beacon_storage_tests_migrated::test_get_beacon_info_by_state_key_empty
TRY 2 TRMNTG [>120.000s] (─────────) synapse-rust::integration beacon_storage_tests_migrated::test_get_active_beacons_empty_room
   TRY 2 TMT [ 120.010s] (─────────) synapse-rust::integration beacon_storage_tests_migrated::test_get_active_beacons_empty_room
  stdout ───

    running 1 test
    test beacon_storage_tests_migrated::test_get_active_beacons_empty_room has been running for over 60 seconds

    (test timed out)

TRY 2 TRMNTG [>120.000s] (─────────) synapse-rust::integration beacon_storage_tests_migrated::test_get_active_beacons
   TRY 2 TMT [ 120.007s] (─────────) synapse-rust::integration beacon_storage_tests_migrated::test_get_active_beacons
  stdout ───

    running 1 test
    test beacon_storage_tests_migrated::test_get_active_beacons has been running for over 60 seconds

    (test timed out)

  TRY 3 SLOW [> 60.000s] (─────────) synapse-rust::integration beacon_storage_tests_migrated::test_delete_beacon_info_not_found
TRY 2 TRMNTG [>120.000s] (─────────) synapse-rust::integration beacon_storage_tests_migrated::test_get_beacon_info_by_state_key
   TRY 2 TMT [ 120.007s] (─────────) synapse-rust::integration beacon_storage_tests_migrated::test_get_beacon_info_by_state_key
  stdout ───

    running 1 test
    test beacon_storage_tests_migrated::test_get_beacon_info_by_state_key has been running for over 60 seconds

    (test timed out)

        SLOW [> 60.000s] (─────────) synapse-rust::integration beacon_storage_tests_migrated::test_get_beacon_info_not_found
  TRY 3 SLOW [> 60.000s] (─────────) synapse-rust::integration beacon_storage_tests_migrated::test_full_beacon_lifecycle
  TRY 2 FAIL [ 113.665s] (─────────) synapse-rust::integration beacon_storage_tests_migrated::test_get_beacon_info_by_state_key_empty
  stdout ───

    running 1 test
    test beacon_storage_tests_migrated::test_get_beacon_info_by_state_key_empty has been running for over 60 seconds
    test beacon_storage_tests_migrated::test_get_beacon_info_by_state_key_empty ... FAILED

    failures:

    failures:
        beacon_storage_tests_migrated::test_get_beacon_info_by_state_key_empty

    test result: FAILED. 0 passed; 1 failed; 0 ignored; 0 measured; 1395 filtered out; finished in 113.64s

  stderr ───

    thread 'beacon_storage_tests_migrated::test_get_beacon_info_by_state_key_empty' (65817191) panicked at tests/integration/mod.rs:268:9:
    Integration test requires database setup. For local runs, start PostgreSQL and apply migrations first; in CI this must already succeed. Error: failed to clone template to test_86578_1_1788328261392316000: error returned from database: schema "test_template_v2_aa57a852f2913233" does not exist
    note: run with `RUST_BACKTRACE=1` environment variable to display a backtrace

  TRY 2 SLOW [> 60.000s] (─────────) synapse-rust::integration beacon_storage_tests_migrated::test_get_beacon_info_found
  TRY 3 SLOW [> 60.000s] (─────────) synapse-rust::integration beacon_storage_tests_migrated::test_get_active_beacons_empty_room
  TRY 3 SLOW [> 60.000s] (─────────) synapse-rust::integration beacon_storage_tests_migrated::test_get_active_beacons
  TRY 3 FAIL [  94.858s] ( 394/1396) synapse-rust::integration beacon_storage_tests_migrated::test_full_beacon_lifecycle
  stdout ───

    running 1 test
    test beacon_storage_tests_migrated::test_full_beacon_lifecycle has been running for over 60 seconds
    test beacon_storage_tests_migrated::test_full_beacon_lifecycle ... FAILED

    failures:

    failures:
        beacon_storage_tests_migrated::test_full_beacon_lifecycle

    test result: FAILED. 0 passed; 1 failed; 0 ignored; 0 measured; 1395 filtered out; finished in 94.84s

  stderr ───

    thread 'beacon_storage_tests_migrated::test_full_beacon_lifecycle' (65818254) panicked at tests/integration/mod.rs:268:9:
    Integration test requires database setup. For local runs, start PostgreSQL and apply migrations first; in CI this must already succeed. Error: failed to clone template to test_86890_1_1788328293769714000: error returned from database: schema "test_template_v2_aa57a852f2913233" does not exist
    note: run with `RUST_BACKTRACE=1` environment variable to display a backtrace

TRY 3 TRMNTG [>120.000s] (─────────) synapse-rust::integration beacon_storage_tests_migrated::test_delete_beacon_info_not_found
   TRY 3 TMT [ 120.010s] ( 395/1396) synapse-rust::integration beacon_storage_tests_migrated::test_delete_beacon_info_not_found
  stdout ───

    running 1 test
    test beacon_storage_tests_migrated::test_delete_beacon_info_not_found has been running for over 60 seconds

    (test timed out)

  TRY 3 SLOW [> 60.000s] (─────────) synapse-rust::integration beacon_storage_tests_migrated::test_get_beacon_info_by_state_key
TRY 1 TRMNTG [>120.000s] (─────────) synapse-rust::integration beacon_storage_tests_migrated::test_get_beacon_info_not_found
   TRY 1 TMT [ 120.011s] (─────────) synapse-rust::integration beacon_storage_tests_migrated::test_get_beacon_info_not_found
  stdout ───

    running 1 test
    test beacon_storage_tests_migrated::test_get_beacon_info_not_found has been running for over 60 seconds

    (test timed out)

  TRY 3 SLOW [> 60.000s] (─────────) synapse-rust::integration beacon_storage_tests_migrated::test_get_beacon_info_by_state_key_empty
TRY 2 TRMNTG [>120.000s] (─────────) synapse-rust::integration beacon_storage_tests_migrated::test_get_beacon_info_found
   TRY 2 TMT [ 120.010s] (─────────) synapse-rust::integration beacon_storage_tests_migrated::test_get_beacon_info_found
  stdout ───

    running 1 test
    test beacon_storage_tests_migrated::test_get_beacon_info_found has been running for over 60 seconds

    (test timed out)

TRY 3 TRMNTG [>120.000s] (─────────) synapse-rust::integration beacon_storage_tests_migrated::test_get_active_beacons_empty_room
   TRY 3 TMT [ 120.009s] ( 396/1396) synapse-rust::integration beacon_storage_tests_migrated::test_get_active_beacons_empty_room
  stdout ───

    running 1 test
    test beacon_storage_tests_migrated::test_get_active_beacons_empty_room has been running for over 60 seconds

    (test timed out)

TRY 3 TRMNTG [>120.000s] (─────────) synapse-rust::integration beacon_storage_tests_migrated::test_get_active_beacons
   TRY 3 TMT [ 120.009s] ( 397/1396) synapse-rust::integration beacon_storage_tests_migrated::test_get_active_beacons
  stdout ───

    running 1 test
    test beacon_storage_tests_migrated::test_get_active_beacons has been running for over 60 seconds

    (test timed out)

        SLOW [> 60.000s] (─────────) synapse-rust::integration beacon_storage_tests_migrated::test_get_beacon_locations
  TRY 3 FAIL [  92.616s] ( 398/1396) synapse-rust::integration beacon_storage_tests_migrated::test_get_beacon_info_by_state_key_empty
  stdout ───

    running 1 test
    test beacon_storage_tests_migrated::test_get_beacon_info_by_state_key_empty has been running for over 60 seconds
    test beacon_storage_tests_migrated::test_get_beacon_info_by_state_key_empty ... FAILED

    failures:

    failures:
        beacon_storage_tests_migrated::test_get_beacon_info_by_state_key_empty

    test result: FAILED. 0 passed; 1 failed; 0 ignored; 0 measured; 1395 filtered out; finished in 92.60s

  stderr ───

    thread 'beacon_storage_tests_migrated::test_get_beacon_info_by_state_key_empty' (65819607) panicked at tests/integration/mod.rs:268:9:
    Integration test requires database setup. For local runs, start PostgreSQL and apply migrations first; in CI this must already succeed. Error: failed to clone template to test_87288_1_1788328354032657000: error returned from database: schema "test_template_v2_aa57a852f2913233" does not exist
    note: run with `RUST_BACKTRACE=1` environment variable to display a backtrace

        SLOW [> 60.000s] (─────────) synapse-rust::integration beacon_storage_tests_migrated::test_get_beacon_locations_empty
TRY 3 TRMNTG [>120.000s] (─────────) synapse-rust::integration beacon_storage_tests_migrated::test_get_beacon_info_by_state_key
   TRY 3 TMT [ 120.009s] ( 399/1396) synapse-rust::integration beacon_storage_tests_migrated::test_get_beacon_info_by_state_key
  stdout ───

    running 1 test
    test beacon_storage_tests_migrated::test_get_beacon_info_by_state_key has been running for over 60 seconds

    (test timed out)

  TRY 2 SLOW [> 60.000s] (─────────) synapse-rust::integration beacon_storage_tests_migrated::test_get_beacon_info_not_found
  TRY 1 FAIL [  55.431s] (─────────) synapse-rust::integration beacon_storage_tests_migrated::test_get_beacon_locations_with_limit
  stdout ───

    running 1 test
    test beacon_storage_tests_migrated::test_get_beacon_locations_with_limit ... FAILED

    failures:

    failures:
        beacon_storage_tests_migrated::test_get_beacon_locations_with_limit

    test result: FAILED. 0 passed; 1 failed; 0 ignored; 0 measured; 1395 filtered out; finished in 55.41s

  stderr ───

    thread 'beacon_storage_tests_migrated::test_get_beacon_locations_with_limit' (65821147) panicked at tests/integration/mod.rs:268:9:
    Integration test requires database setup. For local runs, start PostgreSQL and apply migrations first; in CI this must already succeed. Error: failed to clone template to test_87712_1_1788328387021722000: error returned from database: schema "test_template_v2_aa57a852f2913233" does not exist
    note: run with `RUST_BACKTRACE=1` environment variable to display a backtrace

  TRY 3 SLOW [> 60.000s] (─────────) synapse-rust::integration beacon_storage_tests_migrated::test_get_beacon_info_found
        SLOW [> 60.000s] (─────────) synapse-rust::integration beacon_storage_tests_migrated::test_get_beacon_with_locations
TRY 1 TRMNTG [>120.000s] (─────────) synapse-rust::integration beacon_storage_tests_migrated::test_get_beacon_locations
   TRY 1 TMT [ 120.009s] (─────────) synapse-rust::integration beacon_storage_tests_migrated::test_get_beacon_locations
  stdout ───

    running 1 test
    test beacon_storage_tests_migrated::test_get_beacon_locations has been running for over 60 seconds

    (test timed out)

        SLOW [> 60.000s] (─────────) synapse-rust::integration beacon_storage_tests_migrated::test_get_beacon_with_locations_not_found
TRY 1 TRMNTG [>120.000s] (─────────) synapse-rust::integration beacon_storage_tests_migrated::test_get_beacon_locations_empty
   TRY 1 TMT [ 120.008s] (─────────) synapse-rust::integration beacon_storage_tests_migrated::test_get_beacon_locations_empty
  stdout ───

    running 1 test
    test beacon_storage_tests_migrated::test_get_beacon_locations_empty has been running for over 60 seconds

    (test timed out)

        SLOW [> 60.000s] (─────────) synapse-rust::integration beacon_storage_tests_migrated::test_get_joined_member_count
TRY 2 TRMNTG [>120.000s] (─────────) synapse-rust::integration beacon_storage_tests_migrated::test_get_beacon_info_not_found
   TRY 2 TMT [ 120.009s] (─────────) synapse-rust::integration beacon_storage_tests_migrated::test_get_beacon_info_not_found
  stdout ───

    running 1 test
    test beacon_storage_tests_migrated::test_get_beacon_info_not_found has been running for over 60 seconds

    (test timed out)

  TRY 2 SLOW [> 60.000s] (─────────) synapse-rust::integration beacon_storage_tests_migrated::test_get_beacon_locations_with_limit
TRY 3 TRMNTG [>120.000s] (─────────) synapse-rust::integration beacon_storage_tests_migrated::test_get_beacon_info_found
   TRY 3 TMT [ 120.008s] ( 400/1396) synapse-rust::integration beacon_storage_tests_migrated::test_get_beacon_info_found
  stdout ───

    running 1 test
    test beacon_storage_tests_migrated::test_get_beacon_info_found has been running for over 60 seconds

    (test timed out)

TRY 1 TRMNTG [>120.000s] (─────────) synapse-rust::integration beacon_storage_tests_migrated::test_get_beacon_with_locations
   TRY 1 TMT [ 120.006s] (─────────) synapse-rust::integration beacon_storage_tests_migrated::test_get_beacon_with_locations
  stdout ───

    running 1 test
    test beacon_storage_tests_migrated::test_get_beacon_with_locations has been running for over 60 seconds

    (test timed out)

  TRY 2 SLOW [> 60.000s] (─────────) synapse-rust::integration beacon_storage_tests_migrated::test_get_beacon_locations
TRY 1 TRMNTG [>120.000s] (─────────) synapse-rust::integration beacon_storage_tests_migrated::test_get_beacon_with_locations_not_found
   TRY 1 TMT [ 120.008s] (─────────) synapse-rust::integration beacon_storage_tests_migrated::test_get_beacon_with_locations_not_found
  stdout ───

    running 1 test
    test beacon_storage_tests_migrated::test_get_beacon_with_locations_not_found has been running for over 60 seconds

    (test timed out)

  TRY 3 FAIL [  55.756s] ( 401/1396) synapse-rust::integration beacon_storage_tests_migrated::test_get_beacon_info_not_found
  stdout ───

    running 1 test
    test beacon_storage_tests_migrated::test_get_beacon_info_not_found ... FAILED

    failures:

    failures:
        beacon_storage_tests_migrated::test_get_beacon_info_not_found

    test result: FAILED. 0 passed; 1 failed; 0 ignored; 0 measured; 1395 filtered out; finished in 55.74s

  stderr ───

    thread 'beacon_storage_tests_migrated::test_get_beacon_info_not_found' (65823206) panicked at tests/integration/mod.rs:268:9:
    Integration test requires database setup. For local runs, start PostgreSQL and apply migrations first; in CI this must already succeed. Error: failed to clone template to test_88264_1_1788328475144331000: error returned from database: schema "test_template_v2_aa57a852f2913233" does not exist
    note: run with `RUST_BACKTRACE=1` environment variable to display a backtrace

  TRY 2 SLOW [> 60.000s] (─────────) synapse-rust::integration beacon_storage_tests_migrated::test_get_beacon_locations_empty
TRY 1 TRMNTG [>120.000s] (─────────) synapse-rust::integration beacon_storage_tests_migrated::test_get_joined_member_count
   TRY 1 TMT [ 120.006s] (─────────) synapse-rust::integration beacon_storage_tests_migrated::test_get_joined_member_count
  stdout ───

    running 1 test
    test beacon_storage_tests_migrated::test_get_joined_member_count has been running for over 60 seconds

    (test timed out)

TRY 2 TRMNTG [>120.000s] (─────────) synapse-rust::integration beacon_storage_tests_migrated::test_get_beacon_locations_with_limit
   TRY 2 TMT [ 120.010s] (─────────) synapse-rust::integration beacon_storage_tests_migrated::test_get_beacon_locations_with_limit
  stdout ───

    running 1 test
    test beacon_storage_tests_migrated::test_get_beacon_locations_with_limit has been running for over 60 seconds

    (test timed out)

        SLOW [> 60.000s] (─────────) synapse-rust::integration beacon_storage_tests_migrated::test_get_joined_member_count_empty
  TRY 2 FAIL [  29.417s] (─────────) synapse-rust::integration beacon_storage_tests_migrated::test_get_joined_member_count
  stdout ───

    running 1 test
    test beacon_storage_tests_migrated::test_get_joined_member_count ... FAILED

    failures:

    failures:
        beacon_storage_tests_migrated::test_get_joined_member_count

    test result: FAILED. 0 passed; 1 failed; 0 ignored; 0 measured; 1395 filtered out; finished in 29.39s

  stderr ───

    thread 'beacon_storage_tests_migrated::test_get_joined_member_count' (65824478) panicked at tests/integration/mod.rs:268:9:
    Integration test requires database setup. For local runs, start PostgreSQL and apply migrations first; in CI this must already succeed. Error: failed to clone template to test_88635_1_1788328508608023000: error returned from database: schema "test_template_v2_aa57a852f2913233" does not exist
    note: run with `RUST_BACKTRACE=1` environment variable to display a backtrace

  TRY 2 SLOW [> 60.000s] (─────────) synapse-rust::integration beacon_storage_tests_migrated::test_get_beacon_with_locations
TRY 2 TRMNTG [>120.000s] (─────────) synapse-rust::integration beacon_storage_tests_migrated::test_get_beacon_locations
   TRY 2 TMT [ 120.009s] (─────────) synapse-rust::integration beacon_storage_tests_migrated::test_get_beacon_locations
  stdout ───

    running 1 test
    test beacon_storage_tests_migrated::test_get_beacon_locations has been running for over 60 seconds

    (test timed out)

  TRY 2 SLOW [> 60.000s] (─────────) synapse-rust::integration beacon_storage_tests_migrated::test_get_beacon_with_locations_not_found
        SLOW [> 60.000s] (─────────) synapse-rust::integration beacon_storage_tests_migrated::test_get_latest_location
TRY 2 TRMNTG [>120.000s] (─────────) synapse-rust::integration beacon_storage_tests_migrated::test_get_beacon_locations_empty
   TRY 2 TMT [ 120.008s] (─────────) synapse-rust::integration beacon_storage_tests_migrated::test_get_beacon_locations_empty
  stdout ───

    running 1 test
    test beacon_storage_tests_migrated::test_get_beacon_locations_empty has been running for over 60 seconds

    (test timed out)

  TRY 3 SLOW [> 60.000s] (─────────) synapse-rust::integration beacon_storage_tests_migrated::test_get_beacon_locations_with_limit
TRY 1 TRMNTG [>120.000s] (─────────) synapse-rust::integration beacon_storage_tests_migrated::test_get_joined_member_count_empty
   TRY 1 TMT [ 120.009s] (─────────) synapse-rust::integration beacon_storage_tests_migrated::test_get_joined_member_count_empty
  stdout ───

    running 1 test
    test beacon_storage_tests_migrated::test_get_joined_member_count_empty has been running for over 60 seconds

    (test timed out)

  TRY 3 SLOW [> 60.000s] (─────────) synapse-rust::integration beacon_storage_tests_migrated::test_get_joined_member_count
TRY 2 TRMNTG [>120.000s] (─────────) synapse-rust::integration beacon_storage_tests_migrated::test_get_beacon_with_locations
   TRY 2 TMT [ 120.009s] (─────────) synapse-rust::integration beacon_storage_tests_migrated::test_get_beacon_with_locations
  stdout ───

    running 1 test
    test beacon_storage_tests_migrated::test_get_beacon_with_locations has been running for over 60 seconds

    (test timed out)

  TRY 3 SLOW [> 60.000s] (─────────) synapse-rust::integration beacon_storage_tests_migrated::test_get_beacon_locations
TRY 2 TRMNTG [>120.000s] (─────────) synapse-rust::integration beacon_storage_tests_migrated::test_get_beacon_with_locations_not_found
   TRY 2 TMT [ 120.006s] (─────────) synapse-rust::integration beacon_storage_tests_migrated::test_get_beacon_with_locations_not_found
  stdout ───

    running 1 test
    test beacon_storage_tests_migrated::test_get_beacon_with_locations_not_found has been running for over 60 seconds

    (test timed out)

  TRY 3 FAIL [  86.270s] ( 402/1396) synapse-rust::integration beacon_storage_tests_migrated::test_get_joined_member_count
  stdout ───

    running 1 test
    test beacon_storage_tests_migrated::test_get_joined_member_count has been running for over 60 seconds
    test beacon_storage_tests_migrated::test_get_joined_member_count ... FAILED

    failures:

    failures:
        beacon_storage_tests_migrated::test_get_joined_member_count

    test result: FAILED. 0 passed; 1 failed; 0 ignored; 0 measured; 1395 filtered out; finished in 86.25s

  stderr ───

    thread 'beacon_storage_tests_migrated::test_get_joined_member_count' (65825206) panicked at tests/integration/mod.rs:268:9:
    Integration test requires database setup. For local runs, start PostgreSQL and apply migrations first; in CI this must already succeed. Error: failed to clone template to test_88832_1_1788328594509211000: error returned from database: schema "test_template_v2_aa57a852f2913233" does not exist
    note: run with `RUST_BACKTRACE=1` environment variable to display a backtrace

TRY 1 TRMNTG [>120.000s] (─────────) synapse-rust::integration beacon_storage_tests_migrated::test_get_latest_location
   TRY 1 TMT [ 120.007s] (─────────) synapse-rust::integration beacon_storage_tests_migrated::test_get_latest_location
  stdout ───

    running 1 test
    test beacon_storage_tests_migrated::test_get_latest_location has been running for over 60 seconds

    (test timed out)

  TRY 3 SLOW [> 60.000s] (─────────) synapse-rust::integration beacon_storage_tests_migrated::test_get_beacon_locations_empty
TRY 3 TRMNTG [>120.000s] (─────────) synapse-rust::integration beacon_storage_tests_migrated::test_get_beacon_locations_with_limit
   TRY 3 TMT [ 120.011s] ( 403/1396) synapse-rust::integration beacon_storage_tests_migrated::test_get_beacon_locations_with_limit
  stdout ───

    running 1 test
    test beacon_storage_tests_migrated::test_get_beacon_locations_with_limit has been running for over 60 seconds

    (test timed out)

  TRY 2 SLOW [> 60.000s] (─────────) synapse-rust::integration beacon_storage_tests_migrated::test_get_joined_member_count_empty
  TRY 3 FAIL [  35.735s] ( 404/1396) synapse-rust::integration beacon_storage_tests_migrated::test_get_beacon_with_locations
  stdout ───

    running 1 test
    test beacon_storage_tests_migrated::test_get_beacon_with_locations ... FAILED

    failures:

    failures:
        beacon_storage_tests_migrated::test_get_beacon_with_locations

    test result: FAILED. 0 passed; 1 failed; 0 ignored; 0 measured; 1395 filtered out; finished in 35.71s

  stderr ───

    thread 'beacon_storage_tests_migrated::test_get_beacon_with_locations' (65826931) panicked at tests/integration/mod.rs:268:9:
    Integration test requires database setup. For local runs, start PostgreSQL and apply migrations first; in CI this must already succeed. Error: failed to clone template to test_89330_1_1788328627911217000: error returned from database: schema "test_template_v2_aa57a852f2913233" does not exist
    note: run with `RUST_BACKTRACE=1` environment variable to display a backtrace

TRY 3 TRMNTG [>120.000s] (─────────) synapse-rust::integration beacon_storage_tests_migrated::test_get_beacon_locations
   TRY 3 TMT [ 120.009s] ( 405/1396) synapse-rust::integration beacon_storage_tests_migrated::test_get_beacon_locations
  stdout ───

    running 1 test
    test beacon_storage_tests_migrated::test_get_beacon_locations has been running for over 60 seconds

    (test timed out)

  TRY 3 SLOW [> 60.000s] (─────────) synapse-rust::integration beacon_storage_tests_migrated::test_get_beacon_with_locations_not_found
        SLOW [> 60.000s] (─────────) synapse-rust::integration beacon_storage_tests_migrated::test_get_latest_location_none
  TRY 2 SLOW [> 60.000s] (─────────) synapse-rust::integration beacon_storage_tests_migrated::test_get_latest_location
TRY 3 TRMNTG [>120.000s] (─────────) synapse-rust::integration beacon_storage_tests_migrated::test_get_beacon_locations_empty
   TRY 3 TMT [ 120.009s] ( 406/1396) synapse-rust::integration beacon_storage_tests_migrated::test_get_beacon_locations_empty
  stdout ───

    running 1 test
    test beacon_storage_tests_migrated::test_get_beacon_locations_empty has been running for over 60 seconds

    (test timed out)

  TRY 3 FAIL [  90.689s] ( 407/1396) synapse-rust::integration beacon_storage_tests_migrated::test_get_beacon_with_locations_not_found
  stdout ───

    running 1 test
    test beacon_storage_tests_migrated::test_get_beacon_with_locations_not_found has been running for over 60 seconds
    test beacon_storage_tests_migrated::test_get_beacon_with_locations_not_found ... FAILED

    failures:

    failures:
        beacon_storage_tests_migrated::test_get_beacon_with_locations_not_found

    test result: FAILED. 0 passed; 1 failed; 0 ignored; 0 measured; 1395 filtered out; finished in 90.67s

  stderr ───

    thread 'beacon_storage_tests_migrated::test_get_beacon_with_locations_not_found' (65826999) panicked at tests/integration/mod.rs:268:9:
    Integration test requires database setup. For local runs, start PostgreSQL and apply migrations first; in CI this must already succeed. Error: failed to clone template to test_89353_1_1788328685432345000: error returned from database: schema "test_template_v2_aa57a852f2913233" does not exist
    note: run with `RUST_BACKTRACE=1` environment variable to display a backtrace

        SLOW [> 60.000s] (─────────) synapse-rust::integration beacon_storage_tests_migrated::test_get_room_beacons_empty
TRY 2 TRMNTG [>120.000s] (─────────) synapse-rust::integration beacon_storage_tests_migrated::test_get_joined_member_count_empty
   TRY 2 TMT [ 120.009s] (─────────) synapse-rust::integration beacon_storage_tests_migrated::test_get_joined_member_count_empty
  stdout ───

    running 1 test
    test beacon_storage_tests_migrated::test_get_joined_member_count_empty has been running for over 60 seconds

    (test timed out)

        SLOW [> 60.000s] (─────────) synapse-rust::integration beacon_storage_tests_migrated::test_get_room_beacons_exclude_expired
        SLOW [> 60.000s] (─────────) synapse-rust::integration beacon_storage_tests_migrated::test_get_room_beacons_include_expired
TRY 1 TRMNTG [>120.000s] (─────────) synapse-rust::integration beacon_storage_tests_migrated::test_get_latest_location_none
   TRY 1 TMT [ 120.005s] (─────────) synapse-rust::integration beacon_storage_tests_migrated::test_get_latest_location_none
  stdout ───

    running 1 test
    test beacon_storage_tests_migrated::test_get_latest_location_none has been running for over 60 seconds

    (test timed out)

TRY 2 TRMNTG [>120.000s] (─────────) synapse-rust::integration beacon_storage_tests_migrated::test_get_latest_location
   TRY 2 TMT [ 120.008s] (─────────) synapse-rust::integration beacon_storage_tests_migrated::test_get_latest_location
  stdout ───

    running 1 test
    test beacon_storage_tests_migrated::test_get_latest_location has been running for over 60 seconds

    (test timed out)

  TRY 1 FAIL [  88.949s] (─────────) synapse-rust::integration beacon_storage_tests_migrated::test_get_room_beacons_exclude_expired
  stdout ───

    running 1 test
    test beacon_storage_tests_migrated::test_get_room_beacons_exclude_expired has been running for over 60 seconds
    test beacon_storage_tests_migrated::test_get_room_beacons_exclude_expired ... FAILED

    failures:

    failures:
        beacon_storage_tests_migrated::test_get_room_beacons_exclude_expired

    test result: FAILED. 0 passed; 1 failed; 0 ignored; 0 measured; 1395 filtered out; finished in 88.93s

  stderr ───

    thread 'beacon_storage_tests_migrated::test_get_room_beacons_exclude_expired' (65827724) panicked at tests/integration/mod.rs:268:9:
    Integration test requires database setup. For local runs, start PostgreSQL and apply migrations first; in CI this must already succeed. Error: failed to clone template to test_89563_1_1788328716881693000: error returned from database: schema "test_template_v2_aa57a852f2913233" does not exist
    note: run with `RUST_BACKTRACE=1` environment variable to display a backtrace

        SLOW [> 60.000s] (─────────) synapse-rust::integration beacon_storage_tests_migrated::test_update_beacon_info_not_found
        SLOW [> 60.000s] (─────────) synapse-rust::integration beacon_storage_tests_migrated::test_update_beacon_info_set_not_live
TRY 1 TRMNTG [>120.000s] (─────────) synapse-rust::integration beacon_storage_tests_migrated::test_get_room_beacons_empty
   TRY 1 TMT [ 120.008s] (─────────) synapse-rust::integration beacon_storage_tests_migrated::test_get_room_beacons_empty
  stdout ───

    running 1 test
    test beacon_storage_tests_migrated::test_get_room_beacons_empty has been running for over 60 seconds

    (test timed out)

  TRY 3 SLOW [> 60.000s] (─────────) synapse-rust::integration beacon_storage_tests_migrated::test_get_joined_member_count_empty
TRY 1 TRMNTG [>120.000s] (─────────) synapse-rust::integration beacon_storage_tests_migrated::test_get_room_beacons_include_expired
   TRY 1 TMT [ 120.010s] (─────────) synapse-rust::integration beacon_storage_tests_migrated::test_get_room_beacons_include_expired
  stdout ───

    running 1 test
    test beacon_storage_tests_migrated::test_get_room_beacons_include_expired has been running for over 60 seconds

    (test timed out)

  TRY 2 SLOW [> 60.000s] (─────────) synapse-rust::integration beacon_storage_tests_migrated::test_get_latest_location_none
  TRY 3 SLOW [> 60.000s] (─────────) synapse-rust::integration beacon_storage_tests_migrated::test_get_latest_location
  TRY 2 SLOW [> 60.000s] (─────────) synapse-rust::integration beacon_storage_tests_migrated::test_get_room_beacons_exclude_expired
TRY 1 TRMNTG [>120.000s] (─────────) synapse-rust::integration beacon_storage_tests_migrated::test_update_beacon_info_not_found
   TRY 1 TMT [ 120.008s] (─────────) synapse-rust::integration beacon_storage_tests_migrated::test_update_beacon_info_not_found
  stdout ───

    running 1 test
    test beacon_storage_tests_migrated::test_update_beacon_info_not_found has been running for over 60 seconds

    (test timed out)

TRY 1 TRMNTG [>120.000s] (─────────) synapse-rust::integration beacon_storage_tests_migrated::test_update_beacon_info_set_not_live
   TRY 1 TMT [ 120.010s] (─────────) synapse-rust::integration beacon_storage_tests_migrated::test_update_beacon_info_set_not_live
  stdout ───

    running 1 test
    test beacon_storage_tests_migrated::test_update_beacon_info_set_not_live has been running for over 60 seconds

    (test timed out)

  TRY 2 SLOW [> 60.000s] (─────────) synapse-rust::integration beacon_storage_tests_migrated::test_get_room_beacons_empty
TRY 3 TRMNTG [>120.000s] (─────────) synapse-rust::integration beacon_storage_tests_migrated::test_get_joined_member_count_empty
   TRY 3 TMT [ 120.007s] ( 408/1396) synapse-rust::integration beacon_storage_tests_migrated::test_get_joined_member_count_empty
  stdout ───

    running 1 test
    test beacon_storage_tests_migrated::test_get_joined_member_count_empty has been running for over 60 seconds

    (test timed out)

  TRY 2 FAIL [  33.843s] (─────────) synapse-rust::integration beacon_storage_tests_migrated::test_get_room_beacons_include_expired
  stdout ───

    running 1 test
    test beacon_storage_tests_migrated::test_get_room_beacons_include_expired ... FAILED

    failures:

    failures:
        beacon_storage_tests_migrated::test_get_room_beacons_include_expired

    test result: FAILED. 0 passed; 1 failed; 0 ignored; 0 measured; 1395 filtered out; finished in 33.82s

  stderr ───

    thread 'beacon_storage_tests_migrated::test_get_room_beacons_include_expired' (65830890) panicked at tests/integration/mod.rs:268:9:
    Integration test requires database setup. For local runs, start PostgreSQL and apply migrations first; in CI this must already succeed. Error: failed to clone template to test_90467_1_1788328807647618000: error returned from database: schema "test_template_v2_aa57a852f2913233" does not exist
    note: run with `RUST_BACKTRACE=1` environment variable to display a backtrace

TRY 2 TRMNTG [>120.000s] (─────────) synapse-rust::integration beacon_storage_tests_migrated::test_get_latest_location_none
   TRY 2 TMT [ 120.008s] (─────────) synapse-rust::integration beacon_storage_tests_migrated::test_get_latest_location_none
  stdout ───

    running 1 test
    test beacon_storage_tests_migrated::test_get_latest_location_none has been running for over 60 seconds

    (test timed out)

TRY 3 TRMNTG [>120.000s] (─────────) synapse-rust::integration beacon_storage_tests_migrated::test_get_latest_location
   TRY 3 TMT [ 120.009s] ( 409/1396) synapse-rust::integration beacon_storage_tests_migrated::test_get_latest_location
  stdout ───

    running 1 test
    test beacon_storage_tests_migrated::test_get_latest_location has been running for over 60 seconds

    (test timed out)

        PASS [   0.021s] ( 410/1396) synapse-rust::integration cache_tests::cache_consistency_tests::test_cache_invalidation_propagation
        PASS [   0.009s] ( 411/1396) synapse-rust::integration cache_tests::cache_consistency_tests::test_cache_invalidation_with_reason
        PASS [   0.011s] ( 412/1396) synapse-rust::integration cache_tests::cache_consistency_tests::test_concurrent_cache_operations
        PASS [   0.009s] ( 413/1396) synapse-rust::integration cache_tests::cache_consistency_tests::test_l1_l2_cache_consistency
        PASS [   0.010s] ( 414/1396) synapse-rust::integration cache_tests::cache_consistency_tests::test_pattern_invalidation_consistency
        PASS [   0.010s] ( 415/1396) synapse-rust::integration cache_tests::cache_consistency_tests::test_prefix_invalidation
TRY 2 TRMNTG [>120.000s] (─────────) synapse-rust::integration beacon_storage_tests_migrated::test_get_room_beacons_exclude_expired
   TRY 2 TMT [ 120.006s] (─────────) synapse-rust::integration beacon_storage_tests_migrated::test_get_room_beacons_exclude_expired
  stdout ───

    running 1 test
    test beacon_storage_tests_migrated::test_get_room_beacons_exclude_expired has been running for over 60 seconds

    (test timed out)

  TRY 2 SLOW [> 60.000s] (─────────) synapse-rust::integration beacon_storage_tests_migrated::test_update_beacon_info_not_found
        PASS [   2.015s] ( 416/1396) synapse-rust::integration cache_tests::cache_consistency_tests::test_ttl_based_expiration
        PASS [   0.017s] ( 417/1396) synapse-rust::integration cache_tests::cache_integration_tests::test_cache_consistency_scenario
        PASS [   0.010s] ( 418/1396) synapse-rust::integration cache_tests::cache_integration_tests::test_cache_delete
        PASS [   0.010s] ( 419/1396) synapse-rust::integration cache_tests::cache_integration_tests::test_cache_delete_token
        PASS [   0.009s] ( 420/1396) synapse-rust::integration cache_tests::cache_integration_tests::test_cache_get_nonexistent
        PASS [   0.008s] ( 421/1396) synapse-rust::integration cache_tests::cache_integration_tests::test_cache_invalidation_config
        PASS [   0.008s] ( 422/1396) synapse-rust::integration cache_tests::cache_integration_tests::test_cache_invalidation_config_custom
        PASS [   0.008s] ( 423/1396) synapse-rust::integration cache_tests::cache_integration_tests::test_cache_invalidation_message_serialization
        PASS [   0.010s] ( 424/1396) synapse-rust::integration cache_tests::cache_integration_tests::test_cache_manager_with_redis_keeps_password_in_invalidation_url
        PASS [   0.009s] ( 425/1396) synapse-rust::integration cache_tests::cache_integration_tests::test_cache_manager_without_redis
        PASS [   0.009s] ( 426/1396) synapse-rust::integration cache_tests::cache_integration_tests::test_cache_set_and_get_generic
        PASS [   0.009s] ( 427/1396) synapse-rust::integration cache_tests::cache_integration_tests::test_cache_set_and_get_token
        PASS [   0.010s] ( 428/1396) synapse-rust::integration cache_tests::cache_integration_tests::test_handle_invalidation_message_all
        PASS [   0.009s] ( 429/1396) synapse-rust::integration cache_tests::cache_integration_tests::test_handle_invalidation_message_key
        PASS [   0.011s] ( 430/1396) synapse-rust::integration cache_tests::cache_integration_tests::test_handle_invalidation_message_pattern
        PASS [   0.010s] ( 431/1396) synapse-rust::integration cache_tests::cache_integration_tests::test_invalidate_local_all
        PASS [   0.010s] ( 432/1396) synapse-rust::integration cache_tests::cache_integration_tests::test_invalidate_local_key
        PASS [   0.011s] ( 433/1396) synapse-rust::integration cache_tests::cache_integration_tests::test_invalidate_local_pattern
        PASS [   0.008s] ( 434/1396) synapse-rust::integration cache_tests::cache_integration_tests::test_invalidation_message_timestamp
        PASS [   0.009s] ( 435/1396) synapse-rust::integration cache_tests::cache_integration_tests::test_invalidation_type_serialization
        PASS [   0.009s] ( 436/1396) synapse-rust::integration cache_tests::cache_integration_tests::test_local_cache_ttl
        PASS [   0.011s] ( 437/1396) synapse-rust::integration cache_tests::cache_integration_tests::test_multiple_invalidation_types
  TRY 2 SLOW [> 60.000s] (─────────) synapse-rust::integration beacon_storage_tests_migrated::test_update_beacon_info_set_not_live
TRY 2 TRMNTG [>120.000s] (─────────) synapse-rust::integration beacon_storage_tests_migrated::test_get_room_beacons_empty
   TRY 2 TMT [ 120.008s] (─────────) synapse-rust::integration beacon_storage_tests_migrated::test_get_room_beacons_empty
  stdout ───

    running 1 test
    test beacon_storage_tests_migrated::test_get_room_beacons_empty has been running for over 60 seconds

    (test timed out)

        SLOW [> 60.000s] (─────────) synapse-rust::integration beacon_storage_tests_migrated::test_update_beacon_info_with_timeout
  TRY 3 SLOW [> 60.000s] (─────────) synapse-rust::integration beacon_storage_tests_migrated::test_get_room_beacons_include_expired
  TRY 3 FAIL [  31.847s] ( 438/1396) synapse-rust::integration beacon_storage_tests_migrated::test_get_room_beacons_exclude_expired
  stdout ───

    running 1 test
    test beacon_storage_tests_migrated::test_get_room_beacons_exclude_expired ... FAILED

    failures:

    failures:
        beacon_storage_tests_migrated::test_get_room_beacons_exclude_expired

    test result: FAILED. 0 passed; 1 failed; 0 ignored; 0 measured; 1395 filtered out; finished in 31.83s

  stderr ───

    thread 'beacon_storage_tests_migrated::test_get_room_beacons_exclude_expired' (65832418) panicked at tests/integration/mod.rs:268:9:
    Integration test requires database setup. For local runs, start PostgreSQL and apply migrations first; in CI this must already succeed. Error: failed to clone template to test_90876_1_1788328868727270000: error returned from database: schema "test_template_v2_aa57a852f2913233" does not exist
    note: run with `RUST_BACKTRACE=1` environment variable to display a backtrace

  TRY 3 SLOW [> 60.000s] (─────────) synapse-rust::integration beacon_storage_tests_migrated::test_get_latest_location_none
TRY 2 TRMNTG [>120.000s] (─────────) synapse-rust::integration beacon_storage_tests_migrated::test_update_beacon_info_not_found
   TRY 2 TMT [ 120.009s] (─────────) synapse-rust::integration beacon_storage_tests_migrated::test_update_beacon_info_not_found
  stdout ───

    running 1 test
    test beacon_storage_tests_migrated::test_update_beacon_info_not_found has been running for over 60 seconds

    (test timed out)

        SLOW [> 60.000s] (─────────) synapse-rust::integration captcha_tests_migrated::test_captcha_service_email_enqueues_background_job_when_delivery_is_configured
TRY 2 TRMNTG [>120.000s] (─────────) synapse-rust::integration beacon_storage_tests_migrated::test_update_beacon_info_set_not_live
   TRY 2 TMT [ 120.010s] (─────────) synapse-rust::integration beacon_storage_tests_migrated::test_update_beacon_info_set_not_live
  stdout ───

    running 1 test
    test beacon_storage_tests_migrated::test_update_beacon_info_set_not_live has been running for over 60 seconds

    (test timed out)

  TRY 1 FAIL [ 119.082s] (─────────) synapse-rust::integration beacon_storage_tests_migrated::test_update_beacon_info_with_timeout
  stdout ───

    running 1 test
    test beacon_storage_tests_migrated::test_update_beacon_info_with_timeout has been running for over 60 seconds
    test beacon_storage_tests_migrated::test_update_beacon_info_with_timeout ... FAILED

    failures:

    failures:
        beacon_storage_tests_migrated::test_update_beacon_info_with_timeout

    test result: FAILED. 0 passed; 1 failed; 0 ignored; 0 measured; 1395 filtered out; finished in 119.06s

  stderr ───

    thread 'beacon_storage_tests_migrated::test_update_beacon_info_with_timeout' (65831603) panicked at tests/integration/mod.rs:268:9:
    Integration test requires database setup. For local runs, start PostgreSQL and apply migrations first; in CI this must already succeed. Error: failed to clone template to test_90676_1_1788328926583785000: error returned from database: schema "test_template_v2_aa57a852f2913233" does not exist
    note: run with `RUST_BACKTRACE=1` environment variable to display a backtrace

  TRY 3 SLOW [> 60.000s] (─────────) synapse-rust::integration beacon_storage_tests_migrated::test_get_room_beacons_empty
TRY 3 TRMNTG [>120.000s] (─────────) synapse-rust::integration beacon_storage_tests_migrated::test_get_room_beacons_include_expired
   TRY 3 TMT [ 120.007s] ( 439/1396) synapse-rust::integration beacon_storage_tests_migrated::test_get_room_beacons_include_expired
  stdout ───

    running 1 test
    test beacon_storage_tests_migrated::test_get_room_beacons_include_expired has been running for over 60 seconds

    (test timed out)

        SLOW [> 60.000s] (─────────) synapse-rust::integration captcha_tests_migrated::test_captcha_service_email_requires_configured_provider
TRY 3 TRMNTG [>120.000s] (─────────) synapse-rust::integration beacon_storage_tests_migrated::test_get_latest_location_none
   TRY 3 TMT [ 120.008s] ( 440/1396) synapse-rust::integration beacon_storage_tests_migrated::test_get_latest_location_none
  stdout ───

    running 1 test
    test beacon_storage_tests_migrated::test_get_latest_location_none has been running for over 60 seconds

    (test timed out)

  TRY 3 SLOW [> 60.000s] (─────────) synapse-rust::integration beacon_storage_tests_migrated::test_update_beacon_info_not_found
TRY 1 TRMNTG [>120.000s] (─────────) synapse-rust::integration captcha_tests_migrated::test_captcha_service_email_enqueues_background_job_when_delivery_is_configured
   TRY 1 TMT [ 120.006s] (─────────) synapse-rust::integration captcha_tests_migrated::test_captcha_service_email_enqueues_background_job_when_delivery_is_configured
  stdout ───

    running 1 test
    test captcha_tests_migrated::test_captcha_service_email_enqueues_background_job_when_delivery_is_configured has been running for over 60 seconds

    (test timed out)

  TRY 1 FAIL [  89.653s] (─────────) synapse-rust::integration captcha_tests_migrated::test_captcha_service_email_requires_configured_provider
  stdout ───

    running 1 test
    test captcha_tests_migrated::test_captcha_service_email_requires_configured_provider has been running for over 60 seconds
    test captcha_tests_migrated::test_captcha_service_email_requires_configured_provider ... FAILED

    failures:

    failures:
        captcha_tests_migrated::test_captcha_service_email_requires_configured_provider

    test result: FAILED. 0 passed; 1 failed; 0 ignored; 0 measured; 1395 filtered out; finished in 89.63s

  stderr ───

    thread 'captcha_tests_migrated::test_captcha_service_email_requires_configured_provider' (65833304) panicked at tests/integration/mod.rs:268:9:
    Integration test requires database setup. For local runs, start PostgreSQL and apply migrations first; in CI this must already succeed. Error: failed to clone template to test_91095_1_1788328958352971000: error returned from database: schema "test_template_v2_aa57a852f2913233" does not exist
    note: run with `RUST_BACKTRACE=1` environment variable to display a backtrace

  TRY 3 SLOW [> 60.000s] (─────────) synapse-rust::integration beacon_storage_tests_migrated::test_update_beacon_info_set_not_live
  TRY 2 SLOW [> 60.000s] (─────────) synapse-rust::integration beacon_storage_tests_migrated::test_update_beacon_info_with_timeout
TRY 3 TRMNTG [>120.000s] (─────────) synapse-rust::integration beacon_storage_tests_migrated::test_get_room_beacons_empty
   TRY 3 TMT [ 120.009s] ( 441/1396) synapse-rust::integration beacon_storage_tests_migrated::test_get_room_beacons_empty
  stdout ───

    running 1 test
    test beacon_storage_tests_migrated::test_get_room_beacons_empty has been running for over 60 seconds

    (test timed out)

        SLOW [> 60.000s] (─────────) synapse-rust::integration captcha_tests_migrated::test_captcha_service_generate_code
        SLOW [> 60.000s] (─────────) synapse-rust::integration captcha_tests_migrated::test_captcha_service_invalid_type
TRY 3 TRMNTG [>120.000s] (─────────) synapse-rust::integration beacon_storage_tests_migrated::test_update_beacon_info_not_found
   TRY 3 TMT [ 120.007s] ( 442/1396) synapse-rust::integration beacon_storage_tests_migrated::test_update_beacon_info_not_found
  stdout ───

    running 1 test
    test beacon_storage_tests_migrated::test_update_beacon_info_not_found has been running for over 60 seconds

    (test timed out)

  TRY 2 SLOW [> 60.000s] (─────────) synapse-rust::integration captcha_tests_migrated::test_captcha_service_email_enqueues_background_job_when_delivery_is_configured
  TRY 2 SLOW [> 60.000s] (─────────) synapse-rust::integration captcha_tests_migrated::test_captcha_service_email_requires_configured_provider
TRY 3 TRMNTG [>120.000s] (─────────) synapse-rust::integration beacon_storage_tests_migrated::test_update_beacon_info_set_not_live
   TRY 3 TMT [ 120.007s] ( 443/1396) synapse-rust::integration beacon_storage_tests_migrated::test_update_beacon_info_set_not_live
  stdout ───

    running 1 test
    test beacon_storage_tests_migrated::test_update_beacon_info_set_not_live has been running for over 60 seconds

    (test timed out)

TRY 2 TRMNTG [>120.000s] (─────────) synapse-rust::integration beacon_storage_tests_migrated::test_update_beacon_info_with_timeout
   TRY 2 TMT [ 120.006s] (─────────) synapse-rust::integration beacon_storage_tests_migrated::test_update_beacon_info_with_timeout
  stdout ───

    running 1 test
    test beacon_storage_tests_migrated::test_update_beacon_info_with_timeout has been running for over 60 seconds

    (test timed out)

        SLOW [> 60.000s] (─────────) synapse-rust::integration captcha_tests_migrated::test_captcha_service_sms_provider_successfully_delivers_and_logs_provider
TRY 1 TRMNTG [>120.000s] (─────────) synapse-rust::integration captcha_tests_migrated::test_captcha_service_generate_code
   TRY 1 TMT [ 120.009s] (─────────) synapse-rust::integration captcha_tests_migrated::test_captcha_service_generate_code
  stdout ───

    running 1 test
    test captcha_tests_migrated::test_captcha_service_generate_code has been running for over 60 seconds

    (test timed out)

TRY 1 TRMNTG [>120.000s] (─────────) synapse-rust::integration captcha_tests_migrated::test_captcha_service_invalid_type
   TRY 1 TMT [ 120.005s] (─────────) synapse-rust::integration captcha_tests_migrated::test_captcha_service_invalid_type
  stdout ───

    running 1 test
    test captcha_tests_migrated::test_captcha_service_invalid_type has been running for over 60 seconds

    (test timed out)

        SLOW [> 60.000s] (─────────) synapse-rust::integration captcha_tests_migrated::test_captcha_service_verify
TRY 2 TRMNTG [>120.000s] (─────────) synapse-rust::integration captcha_tests_migrated::test_captcha_service_email_enqueues_background_job_when_delivery_is_configured
   TRY 2 TMT [ 120.010s] (─────────) synapse-rust::integration captcha_tests_migrated::test_captcha_service_email_enqueues_background_job_when_delivery_is_configured
  stdout ───

    running 1 test
    test captcha_tests_migrated::test_captcha_service_email_enqueues_background_job_when_delivery_is_configured has been running for over 60 seconds

    (test timed out)

TRY 2 TRMNTG [>120.000s] (─────────) synapse-rust::integration captcha_tests_migrated::test_captcha_service_email_requires_configured_provider
   TRY 2 TMT [ 120.008s] (─────────) synapse-rust::integration captcha_tests_migrated::test_captcha_service_email_requires_configured_provider
  stdout ───

    running 1 test
    test captcha_tests_migrated::test_captcha_service_email_requires_configured_provider has been running for over 60 seconds

    (test timed out)

  TRY 1 FAIL [  61.932s] (─────────) synapse-rust::integration captcha_tests_migrated::test_captcha_service_verify
  stdout ───

    running 1 test
    test captcha_tests_migrated::test_captcha_service_verify has been running for over 60 seconds
    test captcha_tests_migrated::test_captcha_service_verify ... FAILED

    failures:

    failures:
        captcha_tests_migrated::test_captcha_service_verify

    test result: FAILED. 0 passed; 1 failed; 0 ignored; 0 measured; 1395 filtered out; finished in 61.91s

  stderr ───

    thread 'captcha_tests_migrated::test_captcha_service_verify' (65836474) panicked at tests/integration/mod.rs:268:9:
    Integration test requires database setup. For local runs, start PostgreSQL and apply migrations first; in CI this must already succeed. Error: failed to clone template to test_92008_1_1788329078759910000: error returned from database: schema "test_template_v2_aa57a852f2913233" does not exist
    note: run with `RUST_BACKTRACE=1` environment variable to display a backtrace

        SLOW [> 60.000s] (─────────) synapse-rust::integration captcha_tests_migrated::test_captcha_storage_config
  TRY 3 SLOW [> 60.000s] (─────────) synapse-rust::integration beacon_storage_tests_migrated::test_update_beacon_info_with_timeout
TRY 1 TRMNTG [>120.000s] (─────────) synapse-rust::integration captcha_tests_migrated::test_captcha_service_sms_provider_successfully_delivers_and_logs_provider
   TRY 1 TMT [ 120.006s] (─────────) synapse-rust::integration captcha_tests_migrated::test_captcha_service_sms_provider_successfully_delivers_and_logs_provider
  stdout ───

    running 1 test
    test captcha_tests_migrated::test_captcha_service_sms_provider_successfully_delivers_and_logs_provider has been running for over 60 seconds

    (test timed out)

  TRY 2 SLOW [> 60.000s] (─────────) synapse-rust::integration captcha_tests_migrated::test_captcha_service_generate_code
  TRY 2 FAIL [  36.398s] (─────────) synapse-rust::integration captcha_tests_migrated::test_captcha_service_invalid_type
  stdout ───

    running 1 test
    test captcha_tests_migrated::test_captcha_service_invalid_type ... FAILED

    failures:

    failures:
        captcha_tests_migrated::test_captcha_service_invalid_type

    test result: FAILED. 0 passed; 1 failed; 0 ignored; 0 measured; 1395 filtered out; finished in 36.38s

  stderr ───

    thread 'captcha_tests_migrated::test_captcha_service_invalid_type' (65837817) panicked at tests/integration/mod.rs:268:9:
    Integration test requires database setup. For local runs, start PostgreSQL and apply migrations first; in CI this must already succeed. Error: failed to clone template to test_92354_1_1788329111332274000: error returned from database: schema "test_template_v2_aa57a852f2913233" does not exist
    note: run with `RUST_BACKTRACE=1` environment variable to display a backtrace

  TRY 3 SLOW [> 60.000s] (─────────) synapse-rust::integration captcha_tests_migrated::test_captcha_service_email_enqueues_background_job_when_delivery_is_configured
  TRY 3 SLOW [> 60.000s] (─────────) synapse-rust::integration captcha_tests_migrated::test_captcha_service_email_requires_configured_provider
  TRY 2 SLOW [> 60.000s] (─────────) synapse-rust::integration captcha_tests_migrated::test_captcha_service_verify
TRY 1 TRMNTG [>120.000s] (─────────) synapse-rust::integration captcha_tests_migrated::test_captcha_storage_config
   TRY 1 TMT [ 120.009s] (─────────) synapse-rust::integration captcha_tests_migrated::test_captcha_storage_config
  stdout ───

    running 1 test
    test captcha_tests_migrated::test_captcha_storage_config has been running for over 60 seconds

    (test timed out)

TRY 3 TRMNTG [>120.000s] (─────────) synapse-rust::integration beacon_storage_tests_migrated::test_update_beacon_info_with_timeout
   TRY 3 TMT [ 120.008s] ( 444/1396) synapse-rust::integration beacon_storage_tests_migrated::test_update_beacon_info_with_timeout
  stdout ───

    running 1 test
    test beacon_storage_tests_migrated::test_update_beacon_info_with_timeout has been running for over 60 seconds

    (test timed out)

  TRY 2 SLOW [> 60.000s] (─────────) synapse-rust::integration captcha_tests_migrated::test_captcha_service_sms_provider_successfully_delivers_and_logs_provider
TRY 2 TRMNTG [>120.000s] (─────────) synapse-rust::integration captcha_tests_migrated::test_captcha_service_generate_code
   TRY 2 TMT [ 120.011s] (─────────) synapse-rust::integration captcha_tests_migrated::test_captcha_service_generate_code
  stdout ───

    running 1 test
    test captcha_tests_migrated::test_captcha_service_generate_code has been running for over 60 seconds

    (test timed out)

  TRY 3 SLOW [> 60.000s] (─────────) synapse-rust::integration captcha_tests_migrated::test_captcha_service_invalid_type
TRY 3 TRMNTG [>120.000s] (─────────) synapse-rust::integration captcha_tests_migrated::test_captcha_service_email_enqueues_background_job_when_delivery_is_configured
   TRY 3 TMT [ 120.008s] ( 445/1396) synapse-rust::integration captcha_tests_migrated::test_captcha_service_email_enqueues_background_job_when_delivery_is_configured
  stdout ───

    running 1 test
    test captcha_tests_migrated::test_captcha_service_email_enqueues_background_job_when_delivery_is_configured has been running for over 60 seconds

    (test timed out)

TRY 3 TRMNTG [>120.000s] (─────────) synapse-rust::integration captcha_tests_migrated::test_captcha_service_email_requires_configured_provider
   TRY 3 TMT [ 120.008s] ( 446/1396) synapse-rust::integration captcha_tests_migrated::test_captcha_service_email_requires_configured_provider
  stdout ───

    running 1 test
    test captcha_tests_migrated::test_captcha_service_email_requires_configured_provider has been running for over 60 seconds

    (test timed out)

TRY 2 TRMNTG [>120.000s] (─────────) synapse-rust::integration captcha_tests_migrated::test_captcha_service_verify
   TRY 2 TMT [ 120.006s] (─────────) synapse-rust::integration captcha_tests_migrated::test_captcha_service_verify
  stdout ───

    running 1 test
    test captcha_tests_migrated::test_captcha_service_verify has been running for over 60 seconds

    (test timed out)

  TRY 2 FAIL [  34.852s] (─────────) synapse-rust::integration captcha_tests_migrated::test_captcha_storage_config
  stdout ───

    running 1 test
    test captcha_tests_migrated::test_captcha_storage_config ... FAILED

    failures:

    failures:
        captcha_tests_migrated::test_captcha_storage_config

    test result: FAILED. 0 passed; 1 failed; 0 ignored; 0 measured; 1395 filtered out; finished in 34.81s

  stderr ───

    thread 'captcha_tests_migrated::test_captcha_storage_config' (65839728) panicked at tests/integration/mod.rs:268:9:
    Integration test requires database setup. For local runs, start PostgreSQL and apply migrations first; in CI this must already succeed. Error: failed to clone template to test_92911_1_1788329200293511000: error returned from database: schema "test_template_v2_aa57a852f2913233" does not exist
    note: run with `RUST_BACKTRACE=1` environment variable to display a backtrace

  TRY 3 FAIL [   1.478s] ( 447/1396) synapse-rust::integration captcha_tests_migrated::test_captcha_service_verify
  stdout ───

    running 1 test
    test captcha_tests_migrated::test_captcha_service_verify ... FAILED

    failures:

    failures:
        captcha_tests_migrated::test_captcha_service_verify

    test result: FAILED. 0 passed; 1 failed; 0 ignored; 0 measured; 1395 filtered out; finished in 1.46s

  stderr ───

    thread 'captcha_tests_migrated::test_captcha_service_verify' (65840561) panicked at tests/integration/mod.rs:268:9:
    Integration test requires database setup. For local runs, start PostgreSQL and apply migrations first; in CI this must already succeed. Error: failed to clone template to test_93124_1_1788329200394619000: error returned from database: schema "test_template_v2_aa57a852f2913233" does not exist
    note: run with `RUST_BACKTRACE=1` environment variable to display a backtrace

        SLOW [> 60.000s] (─────────) synapse-rust::integration captcha_tests_migrated::test_captcha_storage_create
TRY 2 TRMNTG [>120.000s] (─────────) synapse-rust::integration captcha_tests_migrated::test_captcha_service_sms_provider_successfully_delivers_and_logs_provider
   TRY 2 TMT [ 120.007s] (─────────) synapse-rust::integration captcha_tests_migrated::test_captcha_service_sms_provider_successfully_delivers_and_logs_provider
  stdout ───

    running 1 test
    test captcha_tests_migrated::test_captcha_service_sms_provider_successfully_delivers_and_logs_provider has been running for over 60 seconds

    (test timed out)

  TRY 3 SLOW [> 60.000s] (─────────) synapse-rust::integration captcha_tests_migrated::test_captcha_service_generate_code
TRY 3 TRMNTG [>120.000s] (─────────) synapse-rust::integration captcha_tests_migrated::test_captcha_service_invalid_type
   TRY 3 TMT [ 120.009s] ( 448/1396) synapse-rust::integration captcha_tests_migrated::test_captcha_service_invalid_type
  stdout ───

    running 1 test
    test captcha_tests_migrated::test_captcha_service_invalid_type has been running for over 60 seconds

    (test timed out)

        SLOW [> 60.000s] (─────────) synapse-rust::integration captcha_tests_migrated::test_captcha_storage_get
        SLOW [> 60.000s] (─────────) synapse-rust::integration captcha_tests_migrated::test_captcha_storage_rate_limit
  TRY 3 SLOW [> 60.000s] (─────────) synapse-rust::integration captcha_tests_migrated::test_captcha_storage_config
        SLOW [> 60.000s] (─────────) synapse-rust::integration captcha_tests_migrated::test_captcha_storage_send_log
  TRY 1 FAIL [ 119.702s] (─────────) synapse-rust::integration captcha_tests_migrated::test_captcha_storage_create
  stdout ───

    running 1 test
    test captcha_tests_migrated::test_captcha_storage_create has been running for over 60 seconds
    test captcha_tests_migrated::test_captcha_storage_create ... FAILED

    failures:

    failures:
        captcha_tests_migrated::test_captcha_storage_create

    test result: FAILED. 0 passed; 1 failed; 0 ignored; 0 measured; 1395 filtered out; finished in 119.68s

  stderr ───

    thread 'captcha_tests_migrated::test_captcha_storage_create' (65839772) panicked at tests/integration/mod.rs:268:9:
    Integration test requires database setup. For local runs, start PostgreSQL and apply migrations first; in CI this must already succeed. Error: failed to clone template to test_92920_1_1788329286275073000: error returned from database: schema "test_template_v2_aa57a852f2913233" does not exist
    note: run with `RUST_BACKTRACE=1` environment variable to display a backtrace

  TRY 3 SLOW [> 60.000s] (─────────) synapse-rust::integration captcha_tests_migrated::test_captcha_service_sms_provider_successfully_delivers_and_logs_provider
TRY 3 TRMNTG [>120.000s] (─────────) synapse-rust::integration captcha_tests_migrated::test_captcha_service_generate_code
   TRY 3 TMT [ 120.008s] ( 449/1396) synapse-rust::integration captcha_tests_migrated::test_captcha_service_generate_code
  stdout ───

    running 1 test
    test captcha_tests_migrated::test_captcha_service_generate_code has been running for over 60 seconds

    (test timed out)

        SLOW [> 60.000s] (─────────) synapse-rust::integration captcha_tests_migrated::test_captcha_storage_template
TRY 1 TRMNTG [>120.000s] (─────────) synapse-rust::integration captcha_tests_migrated::test_captcha_storage_get
   TRY 1 TMT [ 120.007s] (─────────) synapse-rust::integration captcha_tests_migrated::test_captcha_storage_get
  stdout ───

    running 1 test
    test captcha_tests_migrated::test_captcha_storage_get has been running for over 60 seconds

    (test timed out)

  TRY 3 FAIL [  90.965s] ( 450/1396) synapse-rust::integration captcha_tests_migrated::test_captcha_service_sms_provider_successfully_delivers_and_logs_provider
  stdout ───

    running 1 test
    test captcha_tests_migrated::test_captcha_service_sms_provider_successfully_delivers_and_logs_provider has been running for over 60 seconds
    test captcha_tests_migrated::test_captcha_service_sms_provider_successfully_delivers_and_logs_provider ... FAILED

    failures:

    failures:
        captcha_tests_migrated::test_captcha_service_sms_provider_successfully_delivers_and_logs_provider

    test result: FAILED. 0 passed; 1 failed; 0 ignored; 0 measured; 1395 filtered out; finished in 90.93s

  stderr ───

    thread 'captcha_tests_migrated::test_captcha_service_sms_provider_successfully_delivers_and_logs_provider' (65841353) panicked at tests/integration/mod.rs:268:9:
    Integration test requires database setup. For local runs, start PostgreSQL and apply migrations first; in CI this must already succeed. Error: failed to clone template to test_93307_1_1788329318022689000: error returned from database: schema "test_template_v2_aa57a852f2913233" does not exist
    note: run with `RUST_BACKTRACE=1` environment variable to display a backtrace

TRY 1 TRMNTG [>120.000s] (─────────) synapse-rust::integration captcha_tests_migrated::test_captcha_storage_rate_limit
   TRY 1 TMT [ 120.009s] (─────────) synapse-rust::integration captcha_tests_migrated::test_captcha_storage_rate_limit
  stdout ───

    running 1 test
    test captcha_tests_migrated::test_captcha_storage_rate_limit has been running for over 60 seconds

    (test timed out)

TRY 3 TRMNTG [>120.000s] (─────────) synapse-rust::integration captcha_tests_migrated::test_captcha_storage_config
   TRY 3 TMT [ 120.009s] ( 451/1396) synapse-rust::integration captcha_tests_migrated::test_captcha_storage_config
  stdout ───

    running 1 test
    test captcha_tests_migrated::test_captcha_storage_config has been running for over 60 seconds

    (test timed out)

TRY 1 TRMNTG [>120.000s] (─────────) synapse-rust::integration captcha_tests_migrated::test_captcha_storage_send_log
   TRY 1 TMT [ 120.007s] (─────────) synapse-rust::integration captcha_tests_migrated::test_captcha_storage_send_log
  stdout ───

    running 1 test
    test captcha_tests_migrated::test_captcha_storage_send_log has been running for over 60 seconds

    (test timed out)

  TRY 2 SLOW [> 60.000s] (─────────) synapse-rust::integration captcha_tests_migrated::test_captcha_storage_create
        SLOW [> 60.000s] (─────────) synapse-rust::integration captcha_tests_migrated::test_captcha_storage_verify
TRY 1 TRMNTG [>120.000s] (─────────) synapse-rust::integration captcha_tests_migrated::test_captcha_storage_template
   TRY 1 TMT [ 120.007s] (─────────) synapse-rust::integration captcha_tests_migrated::test_captcha_storage_template
  stdout ───

    running 1 test
    test captcha_tests_migrated::test_captcha_storage_template has been running for over 60 seconds

    (test timed out)

  TRY 2 SLOW [> 60.000s] (─────────) synapse-rust::integration captcha_tests_migrated::test_captcha_storage_get
        SLOW [> 60.000s] (─────────) synapse-rust::integration cleanup_tests::test_cleanup_api
  TRY 2 SLOW [> 60.000s] (─────────) synapse-rust::integration captcha_tests_migrated::test_captcha_storage_rate_limit
        SLOW [> 60.000s] (─────────) synapse-rust::integration cleanup_tests::test_cleanup_api_unauthorized
  TRY 2 SLOW [> 60.000s] (─────────) synapse-rust::integration captcha_tests_migrated::test_captcha_storage_send_log
  TRY 2 FAIL [  30.089s] (─────────) synapse-rust::integration captcha_tests_migrated::test_captcha_storage_template
  stdout ───

    running 1 test
    test captcha_tests_migrated::test_captcha_storage_template ... FAILED

    failures:

    failures:
        captcha_tests_migrated::test_captcha_storage_template

    test result: FAILED. 0 passed; 1 failed; 0 ignored; 0 measured; 1395 filtered out; finished in 30.07s

  stderr ───

    thread 'captcha_tests_migrated::test_captcha_storage_template' (65844080) panicked at tests/integration/mod.rs:268:9:
    Integration test requires database setup. For local runs, start PostgreSQL and apply migrations first; in CI this must already succeed. Error: failed to clone template to test_94078_1_1788329381451408000: error returned from database: schema "test_template_v2_aa57a852f2913233" does not exist
    note: run with `RUST_BACKTRACE=1` environment variable to display a backtrace

TRY 2 TRMNTG [>120.000s] (─────────) synapse-rust::integration captcha_tests_migrated::test_captcha_storage_create
   TRY 2 TMT [ 120.010s] (─────────) synapse-rust::integration captcha_tests_migrated::test_captcha_storage_create
  stdout ───

    running 1 test
    test captcha_tests_migrated::test_captcha_storage_create has been running for over 60 seconds

    (test timed out)

TRY 1 TRMNTG [>120.000s] (─────────) synapse-rust::integration captcha_tests_migrated::test_captcha_storage_verify
   TRY 1 TMT [ 120.008s] (─────────) synapse-rust::integration captcha_tests_migrated::test_captcha_storage_verify
  stdout ───

    running 1 test
    test captcha_tests_migrated::test_captcha_storage_verify has been running for over 60 seconds

    (test timed out)

TRY 2 TRMNTG [>120.000s] (─────────) synapse-rust::integration captcha_tests_migrated::test_captcha_storage_get
   TRY 2 TMT [ 120.010s] (─────────) synapse-rust::integration captcha_tests_migrated::test_captcha_storage_get
  stdout ───

    running 1 test
    test captcha_tests_migrated::test_captcha_storage_get has been running for over 60 seconds

    (test timed out)

TRY 1 TRMNTG [>120.000s] (─────────) synapse-rust::integration cleanup_tests::test_cleanup_api
   TRY 1 TMT [ 120.005s] (─────────) synapse-rust::integration cleanup_tests::test_cleanup_api
  stdout ───

    running 1 test
    test cleanup_tests::test_cleanup_api has been running for over 60 seconds

    (test timed out)

TRY 2 TRMNTG [>120.000s] (─────────) synapse-rust::integration captcha_tests_migrated::test_captcha_storage_rate_limit
   TRY 2 TMT [ 120.008s] (─────────) synapse-rust::integration captcha_tests_migrated::test_captcha_storage_rate_limit
  stdout ───

    running 1 test
    test captcha_tests_migrated::test_captcha_storage_rate_limit has been running for over 60 seconds

    (test timed out)

TRY 1 TRMNTG [>120.000s] (─────────) synapse-rust::integration cleanup_tests::test_cleanup_api_unauthorized
   TRY 1 TMT [ 120.009s] (─────────) synapse-rust::integration cleanup_tests::test_cleanup_api_unauthorized
  stdout ───

    running 1 test
    test cleanup_tests::test_cleanup_api_unauthorized has been running for over 60 seconds

    (test timed out)

TRY 2 TRMNTG [>120.000s] (─────────) synapse-rust::integration captcha_tests_migrated::test_captcha_storage_send_log
   TRY 2 TMT [ 120.008s] (─────────) synapse-rust::integration captcha_tests_migrated::test_captcha_storage_send_log
  stdout ───

    running 1 test
    test captcha_tests_migrated::test_captcha_storage_send_log has been running for over 60 seconds

    (test timed out)

  TRY 3 SLOW [> 60.000s] (─────────) synapse-rust::integration captcha_tests_migrated::test_captcha_storage_template
  TRY 3 SLOW [> 60.000s] (─────────) synapse-rust::integration captcha_tests_migrated::test_captcha_storage_create
  TRY 2 SLOW [> 60.000s] (─────────) synapse-rust::integration captcha_tests_migrated::test_captcha_storage_verify
  TRY 3 FAIL [  89.731s] ( 452/1396) synapse-rust::integration captcha_tests_migrated::test_captcha_storage_template
  stdout ───

    running 1 test
    test captcha_tests_migrated::test_captcha_storage_template has been running for over 60 seconds
    test captcha_tests_migrated::test_captcha_storage_template ... FAILED

    failures:

    failures:
        captcha_tests_migrated::test_captcha_storage_template

    test result: FAILED. 0 passed; 1 failed; 0 ignored; 0 measured; 1395 filtered out; finished in 89.70s

  stderr ───

    thread 'captcha_tests_migrated::test_captcha_storage_template' (65844714) panicked at tests/integration/mod.rs:268:9:
    Integration test requires database setup. For local runs, start PostgreSQL and apply migrations first; in CI this must already succeed. Error: failed to clone template to test_94265_1_1788329471186969000: error returned from database: schema "test_template_v2_aa57a852f2913233" does not exist
    note: run with `RUST_BACKTRACE=1` environment variable to display a backtrace

        PASS [   0.022s] ( 453/1396) synapse-rust::integration common::http_mock::tests::base_url_includes_scheme_and_port
        PASS [   0.202s] ( 454/1396) synapse-rust::integration common::http_mock::tests::smoke_test_custom_endpoint
        PASS [   0.047s] ( 455/1396) synapse-rust::integration common::http_mock::tests::smoke_test_http_mock
        PASS [   0.008s] ( 456/1396) synapse-rust::integration common::snapshots::tests::nested_redaction_works_recursively
        PASS [   0.007s] ( 457/1396) synapse-rust::integration common::snapshots::tests::redact_event_and_room_ids
        PASS [   0.008s] ( 458/1396) synapse-rust::integration common::snapshots::tests::redact_timestamps_in_json
        PASS [   0.007s] ( 459/1396) synapse-rust::integration common::snapshots::tests::redact_tokens_in_json
        PASS [   0.009s] ( 460/1396) synapse-rust::integration common::snapshots::tests::redact_uuids_from_strings
        PASS [   0.008s] ( 461/1396) synapse-rust::integration concurrency_tests::concurrency_integration_tests::test_concurrency_controller_acquire_release
        PASS [   0.007s] ( 462/1396) synapse-rust::integration concurrency_tests::concurrency_integration_tests::test_concurrency_controller_clone
        PASS [   0.008s] ( 463/1396) synapse-rust::integration concurrency_tests::concurrency_integration_tests::test_concurrency_controller_try_acquire
        PASS [   0.008s] ( 464/1396) synapse-rust::integration concurrency_tests::concurrency_integration_tests::test_concurrency_limiter_acquire
        PASS [   0.007s] ( 465/1396) synapse-rust::integration concurrency_tests::concurrency_integration_tests::test_concurrency_limiter_workflow
        PASS [   0.007s] ( 466/1396) synapse-rust::integration concurrency_tests::concurrency_integration_tests::test_concurrency_permit_drop_logging
        PASS [   0.008s] ( 467/1396) synapse-rust::integration coverage_tests::integration_tests::admin_api::test_admin_batch_deactivate
        PASS [   0.007s] ( 468/1396) synapse-rust::integration coverage_tests::integration_tests::admin_api::test_admin_create_user
        PASS [   0.007s] ( 469/1396) synapse-rust::integration coverage_tests::integration_tests::admin_api::test_admin_get_users
        PASS [   0.007s] ( 470/1396) synapse-rust::integration coverage_tests::integration_tests::admin_api::test_admin_room_stats
        PASS [   0.007s] ( 471/1396) synapse-rust::integration coverage_tests::integration_tests::admin_api::test_admin_user_sessions
        PASS [   0.008s] ( 472/1396) synapse-rust::integration coverage_tests::integration_tests::device_api::test_delete_device
        PASS [   0.008s] ( 473/1396) synapse-rust::integration coverage_tests::integration_tests::device_api::test_get_devices
        PASS [   0.007s] ( 474/1396) synapse-rust::integration coverage_tests::integration_tests::device_api::test_keys_upload
        PASS [   0.007s] ( 475/1396) synapse-rust::integration coverage_tests::integration_tests::device_api::test_update_device
        PASS [   0.007s] ( 476/1396) synapse-rust::integration coverage_tests::integration_tests::e2ee_api::test_claim_keys
        PASS [   0.007s] ( 477/1396) synapse-rust::integration coverage_tests::integration_tests::e2ee_api::test_cross_signing
        PASS [   0.007s] ( 478/1396) synapse-rust::integration coverage_tests::integration_tests::e2ee_api::test_key_backup
        PASS [   0.007s] ( 479/1396) synapse-rust::integration coverage_tests::integration_tests::e2ee_api::test_upload_keys
        PASS [   0.007s] ( 480/1396) synapse-rust::integration coverage_tests::integration_tests::federation_api::test_backfill
        PASS [   0.007s] ( 481/1396) synapse-rust::integration coverage_tests::integration_tests::federation_api::test_federation_version
        PASS [   0.007s] ( 482/1396) synapse-rust::integration coverage_tests::integration_tests::federation_api::test_get_public_rooms
        PASS [   0.007s] ( 483/1396) synapse-rust::integration coverage_tests::integration_tests::federation_api::test_send_join
        PASS [   0.008s] ( 484/1396) synapse-rust::integration coverage_tests::integration_tests::media_api::test_get_media
        PASS [   0.007s] ( 485/1396) synapse-rust::integration coverage_tests::integration_tests::media_api::test_thumbnail
        PASS [   0.008s] ( 486/1396) synapse-rust::integration coverage_tests::integration_tests::media_api::test_upload_media
        PASS [   0.008s] ( 487/1396) synapse-rust::integration coverage_tests::integration_tests::message_api::test_get_messages
        PASS [   0.007s] ( 488/1396) synapse-rust::integration coverage_tests::integration_tests::message_api::test_reactions
        PASS [   0.007s] ( 489/1396) synapse-rust::integration coverage_tests::integration_tests::message_api::test_receipts
        PASS [   0.008s] ( 490/1396) synapse-rust::integration coverage_tests::integration_tests::message_api::test_redaction
        PASS [   0.008s] ( 491/1396) synapse-rust::integration coverage_tests::integration_tests::message_api::test_send_message
        PASS [   0.007s] ( 492/1396) synapse-rust::integration coverage_tests::integration_tests::presence_api::test_get_presence
        PASS [   0.007s] ( 493/1396) synapse-rust::integration coverage_tests::integration_tests::presence_api::test_set_presence
        PASS [   0.007s] ( 494/1396) synapse-rust::integration coverage_tests::integration_tests::push_api::test_push_rules
        PASS [   0.007s] ( 495/1396) synapse-rust::integration coverage_tests::integration_tests::push_api::test_set_pusher
        PASS [   0.007s] ( 496/1396) synapse-rust::integration coverage_tests::integration_tests::receipt_api::test_send_receipt
        PASS [   0.007s] ( 497/1396) synapse-rust::integration coverage_tests::integration_tests::room_api::test_ban_user
        PASS [   0.007s] ( 498/1396) synapse-rust::integration coverage_tests::integration_tests::room_api::test_create_room
        PASS [   0.007s] ( 499/1396) synapse-rust::integration coverage_tests::integration_tests::room_api::test_join_room
        PASS [   0.007s] ( 500/1396) synapse-rust::integration coverage_tests::integration_tests::room_api::test_leave_room
        PASS [   0.007s] ( 501/1396) synapse-rust::integration coverage_tests::integration_tests::room_api::test_room_listing
        PASS [   0.008s] ( 502/1396) synapse-rust::integration coverage_tests::integration_tests::room_api::test_room_members
        PASS [   0.007s] ( 503/1396) synapse-rust::integration coverage_tests::integration_tests::search_api::test_search_request
        PASS [   0.007s] ( 504/1396) synapse-rust::integration coverage_tests::integration_tests::search_api::test_search_response
        PASS [   0.007s] ( 505/1396) synapse-rust::integration coverage_tests::integration_tests::space_api::test_add_child
        PASS [   0.007s] ( 506/1396) synapse-rust::integration coverage_tests::integration_tests::space_api::test_create_space
        PASS [   0.007s] ( 507/1396) synapse-rust::integration coverage_tests::integration_tests::space_api::test_get_hierarchy
        PASS [   0.007s] ( 508/1396) synapse-rust::integration coverage_tests::integration_tests::sync_api::test_sync_filter
        PASS [   0.007s] ( 509/1396) synapse-rust::integration coverage_tests::integration_tests::sync_api::test_sync_request
        PASS [   0.007s] ( 510/1396) synapse-rust::integration coverage_tests::integration_tests::sync_api::test_sync_response
        PASS [   0.007s] ( 511/1396) synapse-rust::integration coverage_tests::integration_tests::thread_api::test_create_thread
        PASS [   0.007s] ( 512/1396) synapse-rust::integration coverage_tests::integration_tests::thread_api::test_get_threads
        PASS [   0.008s] ( 513/1396) synapse-rust::integration coverage_tests::integration_tests::typing_api::test_start_typing
        PASS [   0.007s] ( 514/1396) synapse-rust::integration coverage_tests::integration_tests::typing_api::test_stop_typing
        PASS [   0.007s] ( 515/1396) synapse-rust::integration coverage_tests::integration_tests::user_api::test_account_data
        PASS [   0.007s] ( 516/1396) synapse-rust::integration coverage_tests::integration_tests::user_api::test_get_profile
        PASS [   0.007s] ( 517/1396) synapse-rust::integration coverage_tests::integration_tests::user_api::test_set_profile
        PASS [   0.041s] ( 518/1396) synapse-rust::integration cross_signing_storage_tests_migrated::test_cross_signing_storage_accepts_dynamic_ed25519_key_ids
        PASS [   0.032s] ( 519/1396) synapse-rust::integration cross_signing_storage_tests_migrated::test_cross_signing_storage_round_trip_preserves_millis_timestamps
        PASS [   2.689s] ( 520/1396) synapse-rust::integration database_integrity_tests::tests::test_audit_critical_constraints_exist
  TRY 3 SLOW [> 60.000s] (─────────) synapse-rust::integration captcha_tests_migrated::test_captcha_storage_get
  TRY 2 SLOW [> 60.000s] (─────────) synapse-rust::integration cleanup_tests::test_cleanup_api
  TRY 3 SLOW [> 60.000s] (─────────) synapse-rust::integration captcha_tests_migrated::test_captcha_storage_rate_limit
  TRY 2 SLOW [> 60.000s] (─────────) synapse-rust::integration cleanup_tests::test_cleanup_api_unauthorized
  TRY 3 SLOW [> 60.000s] (─────────) synapse-rust::integration captcha_tests_migrated::test_captcha_storage_send_log
TRY 3 TRMNTG [>120.000s] (─────────) synapse-rust::integration captcha_tests_migrated::test_captcha_storage_create
   TRY 3 TMT [ 120.008s] ( 521/1396) synapse-rust::integration captcha_tests_migrated::test_captcha_storage_create
  stdout ───

    running 1 test
    test captcha_tests_migrated::test_captcha_storage_create has been running for over 60 seconds

    (test timed out)

TRY 2 TRMNTG [>120.000s] (─────────) synapse-rust::integration captcha_tests_migrated::test_captcha_storage_verify
   TRY 2 TMT [ 120.007s] (─────────) synapse-rust::integration captcha_tests_migrated::test_captcha_storage_verify
  stdout ───

    running 1 test
    test captcha_tests_migrated::test_captcha_storage_verify has been running for over 60 seconds

    (test timed out)

        SLOW [> 60.000s] (─────────) synapse-rust::integration database_integrity_tests::tests::test_audit_critical_indexes_exist
  TRY 3 PASS [  21.124s] ( 522/1396) synapse-rust::integration captcha_tests_migrated::test_captcha_storage_verify
           - test configured to fail if flaky
TRY 3 TRMNTG [>120.000s] (─────────) synapse-rust::integration captcha_tests_migrated::test_captcha_storage_get
   TRY 3 TMT [ 120.008s] ( 523/1396) synapse-rust::integration captcha_tests_migrated::test_captcha_storage_get
  stdout ───

    running 1 test
    test captcha_tests_migrated::test_captcha_storage_get has been running for over 60 seconds

    (test timed out)

TRY 2 TRMNTG [>120.000s] (─────────) synapse-rust::integration cleanup_tests::test_cleanup_api
   TRY 2 TMT [ 120.007s] (─────────) synapse-rust::integration cleanup_tests::test_cleanup_api
  stdout ───

    running 1 test
    test cleanup_tests::test_cleanup_api has been running for over 60 seconds

    (test timed out)

TRY 3 TRMNTG [>120.000s] (─────────) synapse-rust::integration captcha_tests_migrated::test_captcha_storage_rate_limit
   TRY 3 TMT [ 120.007s] ( 524/1396) synapse-rust::integration captcha_tests_migrated::test_captcha_storage_rate_limit
  stdout ───

    running 1 test
    test captcha_tests_migrated::test_captcha_storage_rate_limit has been running for over 60 seconds

    (test timed out)

        PASS [  85.596s] ( 525/1396) synapse-rust::integration database_integrity_tests::tests::test_audit_critical_indexes_exist
  TRY 1 FAIL [   2.529s] (─────────) synapse-rust::integration db_schema_smoke_tests_migrated::test_device_trust_schema_smoke_roundtrip
  stdout ───

    running 1 test
    test db_schema_smoke_tests_migrated::test_device_trust_schema_smoke_roundtrip ... FAILED

    failures:

    failures:
        db_schema_smoke_tests_migrated::test_device_trust_schema_smoke_roundtrip

    test result: FAILED. 0 passed; 1 failed; 0 ignored; 0 measured; 1395 filtered out; finished in 2.51s

  stderr ───

    thread 'db_schema_smoke_tests_migrated::test_device_trust_schema_smoke_roundtrip' (65848903) panicked at tests/integration/mod.rs:268:9:
    Integration test requires database setup. For local runs, start PostgreSQL and apply migrations first; in CI this must already succeed. Error: failed to clone template to test_95465_1_1788329559120098000: error returned from database: schema "test_template_v2_aa57a852f2913233" does not exist
    note: run with `RUST_BACKTRACE=1` environment variable to display a backtrace

TRY 2 TRMNTG [>120.000s] (─────────) synapse-rust::integration cleanup_tests::test_cleanup_api_unauthorized
   TRY 2 TMT [ 120.007s] (─────────) synapse-rust::integration cleanup_tests::test_cleanup_api_unauthorized
  stdout ───

    running 1 test
    test cleanup_tests::test_cleanup_api_unauthorized has been running for over 60 seconds

    (test timed out)

  TRY 3 PASS [   2.467s] ( 526/1396) synapse-rust::integration cleanup_tests::test_cleanup_api
           - test configured to fail if flaky
TRY 3 TRMNTG [>120.000s] (─────────) synapse-rust::integration captcha_tests_migrated::test_captcha_storage_send_log
   TRY 3 TMT [ 120.007s] ( 527/1396) synapse-rust::integration captcha_tests_migrated::test_captcha_storage_send_log
  stdout ───

    running 1 test
    test captcha_tests_migrated::test_captcha_storage_send_log has been running for over 60 seconds

    (test timed out)

        PASS [  48.251s] ( 528/1396) synapse-rust::integration database_integrity_tests::tests::test_orphan_data_diagnostics_query_executes
        SLOW [> 60.000s] (─────────) synapse-rust::integration database_integrity_tests::tests::test_public_schema_contract_repairs_apply_cleanly
        PASS [  64.097s] ( 529/1396) synapse-rust::integration database_integrity_tests::tests::test_public_schema_contract_repairs_apply_cleanly
  TRY 1 FAIL [  55.258s] (─────────) synapse-rust::integration db_schema_smoke_tests_migrated::test_retention_and_room_summary_schema_smoke_roundtrip
  stdout ───

    running 1 test
    test db_schema_smoke_tests_migrated::test_retention_and_room_summary_schema_smoke_roundtrip ... FAILED

    failures:

    failures:
        db_schema_smoke_tests_migrated::test_retention_and_room_summary_schema_smoke_roundtrip

    test result: FAILED. 0 passed; 1 failed; 0 ignored; 0 measured; 1395 filtered out; finished in 55.24s

  stderr ───

    thread 'db_schema_smoke_tests_migrated::test_retention_and_room_summary_schema_smoke_roundtrip' (65848932) panicked at tests/integration/mod.rs:268:9:
    Integration test requires database setup. For local runs, start PostgreSQL and apply migrations first; in CI this must already succeed. Error: failed to clone template to test_95477_1_1788329609840450000: error returned from database: relation "test_template_v2_aa57a852f2913233.federation_dead_letter_queue" does not exist
    note: run with `RUST_BACKTRACE=1` environment variable to display a backtrace

        SLOW [> 60.000s] (─────────) synapse-rust::integration db_schema_smoke_tests_migrated::test_space_schema_smoke_roundtrip
  TRY 2 SLOW [> 60.000s] (─────────) synapse-rust::integration db_schema_smoke_tests_migrated::test_device_trust_schema_smoke_roundtrip
  TRY 3 SLOW [> 60.000s] (─────────) synapse-rust::integration cleanup_tests::test_cleanup_api_unauthorized
        SLOW [> 60.000s] (─────────) synapse-rust::integration db_schema_smoke_tests_migrated::test_verification_and_moderation_schema_smoke_roundtrip
        SLOW [> 60.000s] (─────────) synapse-rust::integration db_schema_smoke_tests_migrated::test_worker_schema_smoke_roundtrip
        SLOW [> 60.000s] (─────────) synapse-rust::integration device_storage_tests_migrated::test_create_device_success
        PASS [  30.822s] ( 530/1396) synapse-rust::integration device_storage_tests_migrated::test_delete_device
  TRY 2 PASS [  31.034s] ( 531/1396) synapse-rust::integration db_schema_smoke_tests_migrated::test_retention_and_room_summary_schema_smoke_roundtrip
           - test configured to fail if flaky
        PASS [  29.987s] ( 532/1396) synapse-rust::integration device_storage_tests_migrated::test_get_device
        PASS [  29.135s] ( 533/1396) synapse-rust::integration device_storage_tests_migrated::test_get_user_devices
  TRY 1 FAIL [   1.600s] (─────────) synapse-rust::integration device_storage_tests_migrated::test_update_device_display_name
  stdout ───

    running 1 test
    test device_storage_tests_migrated::test_update_device_display_name ... FAILED

    failures:

    failures:
        device_storage_tests_migrated::test_update_device_display_name

    test result: FAILED. 0 passed; 1 failed; 0 ignored; 0 measured; 1395 filtered out; finished in 1.58s

  stderr ───

    thread 'device_storage_tests_migrated::test_update_device_display_name' (65851509) panicked at tests/integration/mod.rs:268:9:
    Integration test requires database setup. For local runs, start PostgreSQL and apply migrations first; in CI this must already succeed. Error: failed to clone template to test_96209_1_1788329675082568000: error returned from database: schema "test_template_v2_aa57a852f2913233" does not exist
    note: run with `RUST_BACKTRACE=1` environment variable to display a backtrace

  TRY 1 FAIL [   1.589s] (─────────) synapse-rust::integration directory_storage_tests::test_directory_storage_search_public_rooms
  stdout ───

    running 1 test
    test directory_storage_tests::test_directory_storage_search_public_rooms ... FAILED

    failures:

    failures:
        directory_storage_tests::test_directory_storage_search_public_rooms

    test result: FAILED. 0 passed; 1 failed; 0 ignored; 0 measured; 1395 filtered out; finished in 1.57s

  stderr ───

    thread 'directory_storage_tests::test_directory_storage_search_public_rooms' (65851525) panicked at tests/integration/mod.rs:268:9:
    Integration test requires database setup. For local runs, start PostgreSQL and apply migrations first; in CI this must already succeed. Error: failed to clone template to test_96217_1_1788329675200856000: error returned from database: schema "test_template_v2_aa57a852f2913233" does not exist
    note: run with `RUST_BACKTRACE=1` environment variable to display a backtrace

  TRY 1 FAIL [ 115.402s] (─────────) synapse-rust::integration db_schema_smoke_tests_migrated::test_space_schema_smoke_roundtrip
  stdout ───

    running 1 test
    test db_schema_smoke_tests_migrated::test_space_schema_smoke_roundtrip has been running for over 60 seconds
    test db_schema_smoke_tests_migrated::test_space_schema_smoke_roundtrip ... FAILED

    failures:

    failures:
        db_schema_smoke_tests_migrated::test_space_schema_smoke_roundtrip

    test result: FAILED. 0 passed; 1 failed; 0 ignored; 0 measured; 1395 filtered out; finished in 115.38s

  stderr ───

    thread 'db_schema_smoke_tests_migrated::test_space_schema_smoke_roundtrip' (65848968) panicked at tests/integration/mod.rs:268:9:
    Integration test requires database setup. For local runs, start PostgreSQL and apply migrations first; in CI this must already succeed. Error: failed to clone template to test_95489_1_1788329675522055000: error returned from database: schema "test_template_v2_aa57a852f2913233" does not exist
    note: run with `RUST_BACKTRACE=1` environment variable to display a backtrace

TRY 2 TRMNTG [>120.000s] (─────────) synapse-rust::integration db_schema_smoke_tests_migrated::test_device_trust_schema_smoke_roundtrip
   TRY 2 TMT [ 120.007s] (─────────) synapse-rust::integration db_schema_smoke_tests_migrated::test_device_trust_schema_smoke_roundtrip
  stdout ───

    running 1 test
    test db_schema_smoke_tests_migrated::test_device_trust_schema_smoke_roundtrip has been running for over 60 seconds

    (test timed out)

TRY 3 TRMNTG [>120.000s] (─────────) synapse-rust::integration cleanup_tests::test_cleanup_api_unauthorized
   TRY 3 TMT [ 120.008s] ( 534/1396) synapse-rust::integration cleanup_tests::test_cleanup_api_unauthorized
  stdout ───

    running 1 test
    test cleanup_tests::test_cleanup_api_unauthorized has been running for over 60 seconds

    (test timed out)

TRY 1 TRMNTG [>120.000s] (─────────) synapse-rust::integration db_schema_smoke_tests_migrated::test_verification_and_moderation_schema_smoke_roundtrip
   TRY 1 TMT [ 120.005s] (─────────) synapse-rust::integration db_schema_smoke_tests_migrated::test_verification_and_moderation_schema_smoke_roundtrip
  stdout ───

    running 1 test
    test db_schema_smoke_tests_migrated::test_verification_and_moderation_schema_smoke_roundtrip has been running for over 60 seconds

    (test timed out)

TRY 1 TRMNTG [>120.000s] (─────────) synapse-rust::integration db_schema_smoke_tests_migrated::test_worker_schema_smoke_roundtrip
   TRY 1 TMT [ 120.006s] (─────────) synapse-rust::integration db_schema_smoke_tests_migrated::test_worker_schema_smoke_roundtrip
  stdout ───

    running 1 test
    test db_schema_smoke_tests_migrated::test_worker_schema_smoke_roundtrip has been running for over 60 seconds

    (test timed out)

TRY 1 TRMNTG [>120.000s] (─────────) synapse-rust::integration device_storage_tests_migrated::test_create_device_success
   TRY 1 TMT [ 120.010s] (─────────) synapse-rust::integration device_storage_tests_migrated::test_create_device_success
  stdout ───

    running 1 test
    test device_storage_tests_migrated::test_create_device_success has been running for over 60 seconds

    (test timed out)

  TRY 2 SLOW [> 60.000s] (─────────) synapse-rust::integration device_storage_tests_migrated::test_update_device_display_name
  TRY 2 SLOW [> 60.000s] (─────────) synapse-rust::integration directory_storage_tests::test_directory_storage_search_public_rooms
  TRY 2 SLOW [> 60.000s] (─────────) synapse-rust::integration db_schema_smoke_tests_migrated::test_space_schema_smoke_roundtrip
  TRY 3 SLOW [> 60.000s] (─────────) synapse-rust::integration db_schema_smoke_tests_migrated::test_device_trust_schema_smoke_roundtrip
        SLOW [> 60.000s] (─────────) synapse-rust::integration directory_storage_tests::test_directory_storage_upsert_and_list_roundtrip
  TRY 2 SLOW [> 60.000s] (─────────) synapse-rust::integration db_schema_smoke_tests_migrated::test_verification_and_moderation_schema_smoke_roundtrip
  TRY 2 SLOW [> 60.000s] (─────────) synapse-rust::integration db_schema_smoke_tests_migrated::test_worker_schema_smoke_roundtrip
  TRY 2 SLOW [> 60.000s] (─────────) synapse-rust::integration device_storage_tests_migrated::test_create_device_success
  TRY 2 FAIL [  67.571s] (─────────) synapse-rust::integration device_storage_tests_migrated::test_create_device_success
  stdout ───

    running 1 test
    test device_storage_tests_migrated::test_create_device_success has been running for over 60 seconds
    test device_storage_tests_migrated::test_create_device_success ... FAILED

    failures:

    failures:
        device_storage_tests_migrated::test_create_device_success

    test result: FAILED. 0 passed; 1 failed; 0 ignored; 0 measured; 1395 filtered out; finished in 67.55s

  stderr ───

    thread 'device_storage_tests_migrated::test_create_device_success' (65852051) panicked at tests/integration/mod.rs:268:9:
    Integration test requires database setup. For local runs, start PostgreSQL and apply migrations first; in CI this must already succeed. Error: failed to clone template to test_96366_1_1788329761397349000: error returned from database: schema "test_template_v2_aa57a852f2913233" does not exist
    note: run with `RUST_BACKTRACE=1` environment variable to display a backtrace

  TRY 2 FAIL [ 117.748s] (─────────) synapse-rust::integration db_schema_smoke_tests_migrated::test_space_schema_smoke_roundtrip
  stdout ───

    running 1 test
    test db_schema_smoke_tests_migrated::test_space_schema_smoke_roundtrip has been running for over 60 seconds
    test db_schema_smoke_tests_migrated::test_space_schema_smoke_roundtrip ... FAILED

    failures:

    failures:
        db_schema_smoke_tests_migrated::test_space_schema_smoke_roundtrip

    test result: FAILED. 0 passed; 1 failed; 0 ignored; 0 measured; 1395 filtered out; finished in 117.73s

  stderr ───

    thread 'db_schema_smoke_tests_migrated::test_space_schema_smoke_roundtrip' (65851590) panicked at tests/integration/mod.rs:268:9:
    Integration test requires database setup. For local runs, start PostgreSQL and apply migrations first; in CI this must already succeed. Error: failed to clone template to test_96241_1_1788329793457617000: error returned from database: schema "test_template_v2_aa57a852f2913233" does not exist
    note: run with `RUST_BACKTRACE=1` environment variable to display a backtrace

TRY 2 TRMNTG [>120.000s] (─────────) synapse-rust::integration device_storage_tests_migrated::test_update_device_display_name
   TRY 2 TMT [ 120.009s] (─────────) synapse-rust::integration device_storage_tests_migrated::test_update_device_display_name
  stdout ───

    running 1 test
    test device_storage_tests_migrated::test_update_device_display_name has been running for over 60 seconds

    (test timed out)

TRY 2 TRMNTG [>120.000s] (─────────) synapse-rust::integration directory_storage_tests::test_directory_storage_search_public_rooms
   TRY 2 TMT [ 120.010s] (─────────) synapse-rust::integration directory_storage_tests::test_directory_storage_search_public_rooms
  stdout ───

    running 1 test
    test directory_storage_tests::test_directory_storage_search_public_rooms has been running for over 60 seconds

    (test timed out)

TRY 3 TRMNTG [>120.000s] (─────────) synapse-rust::integration db_schema_smoke_tests_migrated::test_device_trust_schema_smoke_roundtrip
   TRY 3 TMT [ 120.009s] ( 535/1396) synapse-rust::integration db_schema_smoke_tests_migrated::test_device_trust_schema_smoke_roundtrip
  stdout ───

    running 1 test
    test db_schema_smoke_tests_migrated::test_device_trust_schema_smoke_roundtrip has been running for over 60 seconds

    (test timed out)

TRY 1 TRMNTG [>120.000s] (─────────) synapse-rust::integration directory_storage_tests::test_directory_storage_upsert_and_list_roundtrip
   TRY 1 TMT [ 120.010s] (─────────) synapse-rust::integration directory_storage_tests::test_directory_storage_upsert_and_list_roundtrip
  stdout ───

    running 1 test
    test directory_storage_tests::test_directory_storage_upsert_and_list_roundtrip has been running for over 60 seconds

    (test timed out)

TRY 2 TRMNTG [>120.000s] (─────────) synapse-rust::integration db_schema_smoke_tests_migrated::test_verification_and_moderation_schema_smoke_roundtrip
   TRY 2 TMT [ 120.005s] (─────────) synapse-rust::integration db_schema_smoke_tests_migrated::test_verification_and_moderation_schema_smoke_roundtrip
  stdout ───

    running 1 test
    test db_schema_smoke_tests_migrated::test_verification_and_moderation_schema_smoke_roundtrip has been running for over 60 seconds

    (test timed out)

TRY 2 TRMNTG [>120.000s] (─────────) synapse-rust::integration db_schema_smoke_tests_migrated::test_worker_schema_smoke_roundtrip
   TRY 2 TMT [ 120.004s] (─────────) synapse-rust::integration db_schema_smoke_tests_migrated::test_worker_schema_smoke_roundtrip
  stdout ───

    running 1 test
    test db_schema_smoke_tests_migrated::test_worker_schema_smoke_roundtrip has been running for over 60 seconds

    (test timed out)

  TRY 3 SLOW [> 60.000s] (─────────) synapse-rust::integration device_storage_tests_migrated::test_create_device_success
  TRY 3 SLOW [> 60.000s] (─────────) synapse-rust::integration db_schema_smoke_tests_migrated::test_space_schema_smoke_roundtrip
  TRY 3 SLOW [> 60.000s] (─────────) synapse-rust::integration device_storage_tests_migrated::test_update_device_display_name
  TRY 3 SLOW [> 60.000s] (─────────) synapse-rust::integration directory_storage_tests::test_directory_storage_search_public_rooms
  TRY 2 FAIL [  59.040s] (─────────) synapse-rust::integration directory_storage_tests::test_directory_storage_upsert_and_list_roundtrip
  stdout ───

    running 1 test
    test directory_storage_tests::test_directory_storage_upsert_and_list_roundtrip ... FAILED

    failures:

    failures:
        directory_storage_tests::test_directory_storage_upsert_and_list_roundtrip

    test result: FAILED. 0 passed; 1 failed; 0 ignored; 0 measured; 1395 filtered out; finished in 59.02s

  stderr ───

    thread 'directory_storage_tests::test_directory_storage_upsert_and_list_roundtrip' (65854359) panicked at tests/integration/mod.rs:268:9:
    Integration test requires database setup. For local runs, start PostgreSQL and apply migrations first; in CI this must already succeed. Error: failed to clone template to test_97012_1_1788329858884969000: error returned from database: schema "test_template_v2_aa57a852f2913233" does not exist
    note: run with `RUST_BACKTRACE=1` environment variable to display a backtrace

        SLOW [> 60.000s] (─────────) synapse-rust::integration directory_storage_tests::test_directory_storage_upsert_updates_existing_row
  TRY 3 SLOW [> 60.000s] (─────────) synapse-rust::integration db_schema_smoke_tests_migrated::test_verification_and_moderation_schema_smoke_roundtrip
  TRY 3 SLOW [> 60.000s] (─────────) synapse-rust::integration db_schema_smoke_tests_migrated::test_worker_schema_smoke_roundtrip
TRY 3 TRMNTG [>120.000s] (─────────) synapse-rust::integration device_storage_tests_migrated::test_create_device_success
   TRY 3 TMT [ 120.011s] ( 536/1396) synapse-rust::integration device_storage_tests_migrated::test_create_device_success
  stdout ───

    running 1 test
    test device_storage_tests_migrated::test_create_device_success has been running for over 60 seconds

    (test timed out)

  TRY 1 FAIL [  91.874s] (─────────) synapse-rust::integration directory_storage_tests::test_directory_storage_upsert_updates_existing_row
  stdout ───

    running 1 test
    test directory_storage_tests::test_directory_storage_upsert_updates_existing_row has been running for over 60 seconds
    test directory_storage_tests::test_directory_storage_upsert_updates_existing_row ... FAILED

    failures:

    failures:
        directory_storage_tests::test_directory_storage_upsert_updates_existing_row

    test result: FAILED. 0 passed; 1 failed; 0 ignored; 0 measured; 1395 filtered out; finished in 91.85s

  stderr ───

    thread 'directory_storage_tests::test_directory_storage_upsert_updates_existing_row' (65854352) panicked at tests/integration/mod.rs:268:9:
    Integration test requires database setup. For local runs, start PostgreSQL and apply migrations first; in CI this must already succeed. Error: failed to clone template to test_97009_1_1788329892175862000: error returned from database: schema "test_template_v2_aa57a852f2913233" does not exist
    note: run with `RUST_BACKTRACE=1` environment variable to display a backtrace

TRY 3 TRMNTG [>120.000s] (─────────) synapse-rust::integration db_schema_smoke_tests_migrated::test_space_schema_smoke_roundtrip
   TRY 3 TMT [ 120.008s] ( 537/1396) synapse-rust::integration db_schema_smoke_tests_migrated::test_space_schema_smoke_roundtrip
  stdout ───

    running 1 test
    test db_schema_smoke_tests_migrated::test_space_schema_smoke_roundtrip has been running for over 60 seconds

    (test timed out)

TRY 3 TRMNTG [>120.000s] (─────────) synapse-rust::integration device_storage_tests_migrated::test_update_device_display_name
   TRY 3 TMT [ 120.008s] ( 538/1396) synapse-rust::integration device_storage_tests_migrated::test_update_device_display_name
  stdout ───

    running 1 test
    test device_storage_tests_migrated::test_update_device_display_name has been running for over 60 seconds

    (test timed out)

TRY 3 TRMNTG [>120.000s] (─────────) synapse-rust::integration directory_storage_tests::test_directory_storage_search_public_rooms
   TRY 3 TMT [ 120.008s] ( 539/1396) synapse-rust::integration directory_storage_tests::test_directory_storage_search_public_rooms
  stdout ───

    running 1 test
    test directory_storage_tests::test_directory_storage_search_public_rooms has been running for over 60 seconds

    (test timed out)

  TRY 3 SLOW [> 60.000s] (─────────) synapse-rust::integration directory_storage_tests::test_directory_storage_upsert_and_list_roundtrip
TRY 3 TRMNTG [>120.000s] (─────────) synapse-rust::integration db_schema_smoke_tests_migrated::test_verification_and_moderation_schema_smoke_roundtrip
   TRY 3 TMT [ 120.006s] ( 540/1396) synapse-rust::integration db_schema_smoke_tests_migrated::test_verification_and_moderation_schema_smoke_roundtrip
  stdout ───

    running 1 test
    test db_schema_smoke_tests_migrated::test_verification_and_moderation_schema_smoke_roundtrip has been running for over 60 seconds

    (test timed out)

TRY 3 TRMNTG [>120.000s] (─────────) synapse-rust::integration db_schema_smoke_tests_migrated::test_worker_schema_smoke_roundtrip
   TRY 3 TMT [ 120.006s] ( 541/1396) synapse-rust::integration db_schema_smoke_tests_migrated::test_worker_schema_smoke_roundtrip
  stdout ───

    running 1 test
    test db_schema_smoke_tests_migrated::test_worker_schema_smoke_roundtrip has been running for over 60 seconds

    (test timed out)

        SLOW [> 60.000s] (─────────) synapse-rust::integration event_report_rate_limit_tests::sto05_check_rate_limit_lifts_only_expired_blocks
  TRY 1 FAIL [  67.470s] (─────────) synapse-rust::integration event_report_rate_limit_tests::sto05_check_rate_limit_lifts_only_expired_blocks
  stdout ───

    running 1 test
    test event_report_rate_limit_tests::sto05_check_rate_limit_lifts_only_expired_blocks has been running for over 60 seconds
    test event_report_rate_limit_tests::sto05_check_rate_limit_lifts_only_expired_blocks ... FAILED

    failures:

    failures:
        event_report_rate_limit_tests::sto05_check_rate_limit_lifts_only_expired_blocks

    test result: FAILED. 0 passed; 1 failed; 0 ignored; 0 measured; 1395 filtered out; finished in 67.45s

  stderr ───

    thread 'event_report_rate_limit_tests::sto05_check_rate_limit_lifts_only_expired_blocks' (65856123) panicked at tests/integration/mod.rs:268:9:
    Integration test requires database setup. For local runs, start PostgreSQL and apply migrations first; in CI this must already succeed. Error: failed to clone template to test_97508_1_1788329949669810000: error returned from database: schema "test_template_v2_aa57a852f2913233" does not exist
    note: run with `RUST_BACKTRACE=1` environment variable to display a backtrace

  TRY 2 SLOW [> 60.000s] (─────────) synapse-rust::integration directory_storage_tests::test_directory_storage_upsert_updates_existing_row
        SLOW [> 60.000s] (─────────) synapse-rust::integration event_report_rate_limit_tests::sto05_concurrent_record_report_counts_exactly
        SLOW [> 60.000s] (─────────) synapse-rust::integration event_report_rate_limit_tests::sto05_record_report_resets_count_after_one_day
        SLOW [> 60.000s] (─────────) synapse-rust::integration event_storage_tests_migrated::test_create_event_success
TRY 3 TRMNTG [>120.000s] (─────────) synapse-rust::integration directory_storage_tests::test_directory_storage_upsert_and_list_roundtrip
   TRY 3 TMT [ 120.009s] ( 542/1396) synapse-rust::integration directory_storage_tests::test_directory_storage_upsert_and_list_roundtrip
  stdout ───

    running 1 test
    test directory_storage_tests::test_directory_storage_upsert_and_list_roundtrip has been running for over 60 seconds

    (test timed out)

        SLOW [> 60.000s] (─────────) synapse-rust::integration event_storage_tests_migrated::test_encrypted_event_origin_decode_handles_null_boundary_and_malformed_values
        SLOW [> 60.000s] (─────────) synapse-rust::integration event_storage_tests_migrated::test_get_room_events_batch_empty
  TRY 2 FAIL [  89.182s] (─────────) synapse-rust::integration directory_storage_tests::test_directory_storage_upsert_updates_existing_row
  stdout ───

    running 1 test
    test directory_storage_tests::test_directory_storage_upsert_updates_existing_row has been running for over 60 seconds
    test directory_storage_tests::test_directory_storage_upsert_updates_existing_row ... FAILED

    failures:

    failures:
        directory_storage_tests::test_directory_storage_upsert_updates_existing_row

    test result: FAILED. 0 passed; 1 failed; 0 ignored; 0 measured; 1395 filtered out; finished in 89.16s

  stderr ───

    thread 'directory_storage_tests::test_directory_storage_upsert_updates_existing_row' (65856340) panicked at tests/integration/mod.rs:268:9:
    Integration test requires database setup. For local runs, start PostgreSQL and apply migrations first; in CI this must already succeed. Error: failed to clone template to test_97572_1_1788329981380399000: error returned from database: schema "test_template_v2_aa57a852f2913233" does not exist
    note: run with `RUST_BACKTRACE=1` environment variable to display a backtrace

  TRY 2 SLOW [> 60.000s] (─────────) synapse-rust::integration event_report_rate_limit_tests::sto05_check_rate_limit_lifts_only_expired_blocks
TRY 1 TRMNTG [>120.000s] (─────────) synapse-rust::integration event_report_rate_limit_tests::sto05_concurrent_record_report_counts_exactly
   TRY 1 TMT [ 120.009s] (─────────) synapse-rust::integration event_report_rate_limit_tests::sto05_concurrent_record_report_counts_exactly
  stdout ───

    running 1 test
    test event_report_rate_limit_tests::sto05_concurrent_record_report_counts_exactly has been running for over 60 seconds

    (test timed out)

TRY 1 TRMNTG [>120.000s] (─────────) synapse-rust::integration event_report_rate_limit_tests::sto05_record_report_resets_count_after_one_day
   TRY 1 TMT [ 120.009s] (─────────) synapse-rust::integration event_report_rate_limit_tests::sto05_record_report_resets_count_after_one_day
  stdout ───

    running 1 test
    test event_report_rate_limit_tests::sto05_record_report_resets_count_after_one_day has been running for over 60 seconds

    (test timed out)

TRY 1 TRMNTG [>120.000s] (─────────) synapse-rust::integration event_storage_tests_migrated::test_create_event_success
   TRY 1 TMT [ 120.008s] (─────────) synapse-rust::integration event_storage_tests_migrated::test_create_event_success
  stdout ───

    running 1 test
    test event_storage_tests_migrated::test_create_event_success has been running for over 60 seconds

    (test timed out)

        SLOW [> 60.000s] (─────────) synapse-rust::integration event_storage_tests_migrated::test_get_room_events_batch_limit_per_room
TRY 1 TRMNTG [>120.000s] (─────────) synapse-rust::integration event_storage_tests_migrated::test_encrypted_event_origin_decode_handles_null_boundary_and_malformed_values
   TRY 1 TMT [ 120.009s] (─────────) synapse-rust::integration event_storage_tests_migrated::test_encrypted_event_origin_decode_handles_null_boundary_and_malformed_values
  stdout ───

    running 1 test
    test event_storage_tests_migrated::test_encrypted_event_origin_decode_handles_null_boundary_and_malformed_values has been running for over 60 seconds

    (test timed out)

TRY 1 TRMNTG [>120.000s] (─────────) synapse-rust::integration event_storage_tests_migrated::test_get_room_events_batch_empty
   TRY 1 TMT [ 120.006s] (─────────) synapse-rust::integration event_storage_tests_migrated::test_get_room_events_batch_empty
  stdout ───

    running 1 test
    test event_storage_tests_migrated::test_get_room_events_batch_empty has been running for over 60 seconds

    (test timed out)

  TRY 3 SLOW [> 60.000s] (─────────) synapse-rust::integration directory_storage_tests::test_directory_storage_upsert_updates_existing_row
  TRY 1 FAIL [  62.006s] (─────────) synapse-rust::integration event_storage_tests_migrated::test_get_room_events_batch_limit_per_room
  stdout ───

    running 1 test
    test event_storage_tests_migrated::test_get_room_events_batch_limit_per_room has been running for over 60 seconds
    test event_storage_tests_migrated::test_get_room_events_batch_limit_per_room ... FAILED

    failures:

    failures:
        event_storage_tests_migrated::test_get_room_events_batch_limit_per_room

    test result: FAILED. 0 passed; 1 failed; 0 ignored; 0 measured; 1395 filtered out; finished in 61.98s

  stderr ───

    thread 'event_storage_tests_migrated::test_get_room_events_batch_limit_per_room' (65858198) panicked at tests/integration/mod.rs:268:9:
    Integration test requires database setup. For local runs, start PostgreSQL and apply migrations first; in CI this must already succeed. Error: failed to clone template to test_98112_1_1788330041361895000: error returned from database: schema "test_template_v2_aa57a852f2913233" does not exist
    note: run with `RUST_BACKTRACE=1` environment variable to display a backtrace

TRY 2 TRMNTG [>120.000s] (─────────) synapse-rust::integration event_report_rate_limit_tests::sto05_check_rate_limit_lifts_only_expired_blocks
   TRY 2 TMT [ 120.007s] (─────────) synapse-rust::integration event_report_rate_limit_tests::sto05_check_rate_limit_lifts_only_expired_blocks
  stdout ───

    running 1 test
    test event_report_rate_limit_tests::sto05_check_rate_limit_lifts_only_expired_blocks has been running for over 60 seconds

    (test timed out)

  TRY 3 FAIL [  93.083s] ( 543/1396) synapse-rust::integration directory_storage_tests::test_directory_storage_upsert_updates_existing_row
  stdout ───

    running 1 test
    test directory_storage_tests::test_directory_storage_upsert_updates_existing_row has been running for over 60 seconds
    test directory_storage_tests::test_directory_storage_upsert_updates_existing_row ... FAILED

    failures:

    failures:
        directory_storage_tests::test_directory_storage_upsert_updates_existing_row

    test result: FAILED. 0 passed; 1 failed; 0 ignored; 0 measured; 1395 filtered out; finished in 93.06s

  stderr ───

    thread 'directory_storage_tests::test_directory_storage_upsert_updates_existing_row' (65858240) panicked at tests/integration/mod.rs:268:9:
    Integration test requires database setup. For local runs, start PostgreSQL and apply migrations first; in CI this must already succeed. Error: failed to clone template to test_98124_1_1788330074464100000: error returned from database: schema "test_template_v2_aa57a852f2913233" does not exist
    note: run with `RUST_BACKTRACE=1` environment variable to display a backtrace

  TRY 2 SLOW [> 60.000s] (─────────) synapse-rust::integration event_report_rate_limit_tests::sto05_concurrent_record_report_counts_exactly
  TRY 2 SLOW [> 60.000s] (─────────) synapse-rust::integration event_report_rate_limit_tests::sto05_record_report_resets_count_after_one_day
  TRY 2 SLOW [> 60.000s] (─────────) synapse-rust::integration event_storage_tests_migrated::test_create_event_success
  TRY 2 SLOW [> 60.000s] (─────────) synapse-rust::integration event_storage_tests_migrated::test_encrypted_event_origin_decode_handles_null_boundary_and_malformed_values
  TRY 2 SLOW [> 60.000s] (─────────) synapse-rust::integration event_storage_tests_migrated::test_get_room_events_batch_empty
  TRY 2 SLOW [> 60.000s] (─────────) synapse-rust::integration event_storage_tests_migrated::test_get_room_events_batch_limit_per_room
  TRY 3 SLOW [> 60.000s] (─────────) synapse-rust::integration event_report_rate_limit_tests::sto05_check_rate_limit_lifts_only_expired_blocks
  TRY 2 FAIL [  98.794s] (─────────) synapse-rust::integration event_report_rate_limit_tests::sto05_concurrent_record_report_counts_exactly
  stdout ───

    running 1 test
    test event_report_rate_limit_tests::sto05_concurrent_record_report_counts_exactly has been running for over 60 seconds
    test event_report_rate_limit_tests::sto05_concurrent_record_report_counts_exactly ... FAILED

    failures:

    failures:
        event_report_rate_limit_tests::sto05_concurrent_record_report_counts_exactly

    test result: FAILED. 0 passed; 1 failed; 0 ignored; 0 measured; 1395 filtered out; finished in 98.77s

  stderr ───

    thread 'event_report_rate_limit_tests::sto05_concurrent_record_report_counts_exactly' (65859367) panicked at tests/integration/mod.rs:268:9:
    Integration test requires database setup. For local runs, start PostgreSQL and apply migrations first; in CI this must already succeed. Error: failed to clone template to test_98434_1_1788330132183198000: error returned from database: schema "test_template_v2_aa57a852f2913233" does not exist
    note: run with `RUST_BACKTRACE=1` environment variable to display a backtrace

        SLOW [> 60.000s] (─────────) synapse-rust::integration event_storage_tests_migrated::test_get_room_events_batch_multiple_rooms
TRY 2 TRMNTG [>120.000s] (─────────) synapse-rust::integration event_report_rate_limit_tests::sto05_record_report_resets_count_after_one_day
   TRY 2 TMT [ 120.008s] (─────────) synapse-rust::integration event_report_rate_limit_tests::sto05_record_report_resets_count_after_one_day
  stdout ───

    running 1 test
    test event_report_rate_limit_tests::sto05_record_report_resets_count_after_one_day has been running for over 60 seconds

    (test timed out)

TRY 2 TRMNTG [>120.000s] (─────────) synapse-rust::integration event_storage_tests_migrated::test_create_event_success
   TRY 2 TMT [ 120.008s] (─────────) synapse-rust::integration event_storage_tests_migrated::test_create_event_success
  stdout ───

    running 1 test
    test event_storage_tests_migrated::test_create_event_success has been running for over 60 seconds

    (test timed out)

TRY 2 TRMNTG [>120.000s] (─────────) synapse-rust::integration event_storage_tests_migrated::test_encrypted_event_origin_decode_handles_null_boundary_and_malformed_values
TRY 2 TRMNTG [>120.000s] (─────────) synapse-rust::integration event_storage_tests_migrated::test_get_room_events_batch_empty
   TRY 2 TMT [ 120.008s] (─────────) synapse-rust::integration event_storage_tests_migrated::test_encrypted_event_origin_decode_handles_null_boundary_and_malformed_values
  stdout ───

    running 1 test
    test event_storage_tests_migrated::test_encrypted_event_origin_decode_handles_null_boundary_and_malformed_values has been running for over 60 seconds

    (test timed out)

   TRY 2 TMT [ 120.007s] (─────────) synapse-rust::integration event_storage_tests_migrated::test_get_room_events_batch_empty
  stdout ───

    running 1 test
    test event_storage_tests_migrated::test_get_room_events_batch_empty has been running for over 60 seconds

    (test timed out)

TRY 2 TRMNTG [>120.000s] (─────────) synapse-rust::integration event_storage_tests_migrated::test_get_room_events_batch_limit_per_room
   TRY 2 TMT [ 120.007s] (─────────) synapse-rust::integration event_storage_tests_migrated::test_get_room_events_batch_limit_per_room
  stdout ───

    running 1 test
    test event_storage_tests_migrated::test_get_room_events_batch_limit_per_room has been running for over 60 seconds

    (test timed out)

TRY 3 TRMNTG [>120.000s] (─────────) synapse-rust::integration event_report_rate_limit_tests::sto05_check_rate_limit_lifts_only_expired_blocks
   TRY 3 TMT [ 120.008s] ( 544/1396) synapse-rust::integration event_report_rate_limit_tests::sto05_check_rate_limit_lifts_only_expired_blocks
  stdout ───

    running 1 test
    test event_report_rate_limit_tests::sto05_check_rate_limit_lifts_only_expired_blocks has been running for over 60 seconds

    (test timed out)

  TRY 3 FAIL [  58.370s] ( 545/1396) synapse-rust::integration event_report_rate_limit_tests::sto05_concurrent_record_report_counts_exactly
  stdout ───

    running 1 test
    test event_report_rate_limit_tests::sto05_concurrent_record_report_counts_exactly ... FAILED

    failures:

    failures:
        event_report_rate_limit_tests::sto05_concurrent_record_report_counts_exactly

    test result: FAILED. 0 passed; 1 failed; 0 ignored; 0 measured; 1395 filtered out; finished in 58.33s

  stderr ───

    thread 'event_report_rate_limit_tests::sto05_concurrent_record_report_counts_exactly' (65861517) panicked at tests/integration/mod.rs:268:9:
    Integration test requires database setup. For local runs, start PostgreSQL and apply migrations first; in CI this must already succeed. Error: failed to clone template to test_99056_1_1788330190631375000: error returned from database: schema "test_template_v2_aa57a852f2913233" does not exist
    note: run with `RUST_BACKTRACE=1` environment variable to display a backtrace

TRY 1 TRMNTG [>120.000s] (─────────) synapse-rust::integration event_storage_tests_migrated::test_get_room_events_batch_multiple_rooms
   TRY 1 TMT [ 120.008s] (─────────) synapse-rust::integration event_storage_tests_migrated::test_get_room_events_batch_multiple_rooms
  stdout ───

    running 1 test
    test event_storage_tests_migrated::test_get_room_events_batch_multiple_rooms has been running for over 60 seconds

    (test timed out)

  TRY 3 SLOW [> 60.000s] (─────────) synapse-rust::integration event_report_rate_limit_tests::sto05_record_report_resets_count_after_one_day
  TRY 3 SLOW [> 60.000s] (─────────) synapse-rust::integration event_storage_tests_migrated::test_create_event_success
  TRY 3 SLOW [> 60.000s] (─────────) synapse-rust::integration event_storage_tests_migrated::test_get_room_events_batch_empty
  TRY 3 SLOW [> 60.000s] (─────────) synapse-rust::integration event_storage_tests_migrated::test_encrypted_event_origin_decode_handles_null_boundary_and_malformed_values
        PASS [  30.023s] ( 546/1396) synapse-rust::integration exception_tests_migrated::test_database_connection_failure
  TRY 3 SLOW [> 60.000s] (─────────) synapse-rust::integration event_storage_tests_migrated::test_get_room_events_batch_limit_per_room
  TRY 1 FAIL [  59.191s] (─────────) synapse-rust::integration event_storage_tests_migrated::test_get_room_events_since_batch
  stdout ───

    running 1 test
    test event_storage_tests_migrated::test_get_room_events_since_batch ... FAILED

    failures:

    failures:
        event_storage_tests_migrated::test_get_room_events_since_batch

    test result: FAILED. 0 passed; 1 failed; 0 ignored; 0 measured; 1395 filtered out; finished in 59.16s

  stderr ───

    thread 'event_storage_tests_migrated::test_get_room_events_since_batch' (65862752) panicked at tests/integration/mod.rs:268:9:
    Integration test requires database setup. For local runs, start PostgreSQL and apply migrations first; in CI this must already succeed. Error: failed to clone template to test_99421_1_1788330248884495000: error returned from database: schema "test_template_v2_aa57a852f2913233" does not exist
    note: run with `RUST_BACKTRACE=1` environment variable to display a backtrace

  TRY 2 SLOW [> 60.000s] (─────────) synapse-rust::integration event_storage_tests_migrated::test_get_room_events_batch_multiple_rooms
TRY 3 TRMNTG [>120.000s] (─────────) synapse-rust::integration event_report_rate_limit_tests::sto05_record_report_resets_count_after_one_day
   TRY 3 TMT [ 120.008s] ( 547/1396) synapse-rust::integration event_report_rate_limit_tests::sto05_record_report_resets_count_after_one_day
  stdout ───

    running 1 test
    test event_report_rate_limit_tests::sto05_record_report_resets_count_after_one_day has been running for over 60 seconds

    (test timed out)

TRY 3 TRMNTG [>120.000s] (─────────) synapse-rust::integration event_storage_tests_migrated::test_create_event_success
   TRY 3 TMT [ 120.008s] ( 548/1396) synapse-rust::integration event_storage_tests_migrated::test_create_event_success
  stdout ───

    running 1 test
    test event_storage_tests_migrated::test_create_event_success has been running for over 60 seconds

    (test timed out)

  TRY 3 FAIL [ 118.157s] ( 549/1396) synapse-rust::integration event_storage_tests_migrated::test_get_room_events_batch_limit_per_room
  stdout ───

    running 1 test
    test event_storage_tests_migrated::test_get_room_events_batch_limit_per_room has been running for over 60 seconds
    test event_storage_tests_migrated::test_get_room_events_batch_limit_per_room ... FAILED

    failures:

    failures:
        event_storage_tests_migrated::test_get_room_events_batch_limit_per_room

    test result: FAILED. 0 passed; 1 failed; 0 ignored; 0 measured; 1395 filtered out; finished in 118.14s

  stderr ───

    thread 'event_storage_tests_migrated::test_get_room_events_batch_limit_per_room' (65862161) panicked at tests/integration/mod.rs:268:9:
    Integration test requires database setup. For local runs, start PostgreSQL and apply migrations first; in CI this must already succeed. Error: failed to clone template to test_99249_1_1788330279744636000: error returned from database: schema "test_template_v2_aa57a852f2913233" does not exist
    note: run with `RUST_BACKTRACE=1` environment variable to display a backtrace

TRY 3 TRMNTG [>120.000s] (─────────) synapse-rust::integration event_storage_tests_migrated::test_encrypted_event_origin_decode_handles_null_boundary_and_malformed_values
TRY 3 TRMNTG [>120.000s] (─────────) synapse-rust::integration event_storage_tests_migrated::test_get_room_events_batch_empty
   TRY 3 TMT [ 120.011s] ( 550/1396) synapse-rust::integration event_storage_tests_migrated::test_encrypted_event_origin_decode_handles_null_boundary_and_malformed_values
  stdout ───

    running 1 test
    test event_storage_tests_migrated::test_encrypted_event_origin_decode_handles_null_boundary_and_malformed_values has been running for over 60 seconds

    (test timed out)

   TRY 3 TMT [ 120.008s] ( 551/1396) synapse-rust::integration event_storage_tests_migrated::test_get_room_events_batch_empty
  stdout ───

    running 1 test
    test event_storage_tests_migrated::test_get_room_events_batch_empty has been running for over 60 seconds

    (test timed out)

        SLOW [> 60.000s] (─────────) synapse-rust::integration exception_tests_migrated::test_invalid_jwt
  TRY 2 SLOW [> 60.000s] (─────────) synapse-rust::integration event_storage_tests_migrated::test_get_room_events_since_batch
TRY 2 TRMNTG [>120.000s] (─────────) synapse-rust::integration event_storage_tests_migrated::test_get_room_events_batch_multiple_rooms
   TRY 2 TMT [ 120.007s] (─────────) synapse-rust::integration event_storage_tests_migrated::test_get_room_events_batch_multiple_rooms
  stdout ───

    running 1 test
    test event_storage_tests_migrated::test_get_room_events_batch_multiple_rooms has been running for over 60 seconds

    (test timed out)

        SLOW [> 60.000s] (─────────) synapse-rust::integration feature_flag_service_tests_migrated::test_create_flag_audit_event_created
        SLOW [> 60.000s] (─────────) synapse-rust::integration feature_flag_service_tests_migrated::test_create_flag_duplicate_key_returns_conflict
  TRY 1 FAIL [  63.881s] (─────────) synapse-rust::integration feature_flag_service_tests_migrated::test_create_flag_audit_event_created
  stdout ───

    running 1 test
    test feature_flag_service_tests_migrated::test_create_flag_audit_event_created has been running for over 60 seconds
    test feature_flag_service_tests_migrated::test_create_flag_audit_event_created ... FAILED

    failures:

    failures:
        feature_flag_service_tests_migrated::test_create_flag_audit_event_created

    test result: FAILED. 0 passed; 1 failed; 0 ignored; 0 measured; 1395 filtered out; finished in 63.86s

  stderr ───

    thread 'feature_flag_service_tests_migrated::test_create_flag_audit_event_created' (65864587) panicked at tests/integration/mod.rs:268:9:
    Integration test requires database setup. For local runs, start PostgreSQL and apply migrations first; in CI this must already succeed. Error: failed to clone template to test_99943_1_1788330339083110000: error returned from database: schema "test_template_v2_aa57a852f2913233" does not exist
    note: run with `RUST_BACKTRACE=1` environment variable to display a backtrace

        SLOW [> 60.000s] (─────────) synapse-rust::integration feature_flag_service_tests_migrated::test_create_flag_duplicate_targets
        SLOW [> 60.000s] (─────────) synapse-rust::integration feature_flag_service_tests_migrated::test_create_flag_empty_reason
        SLOW [> 60.000s] (─────────) synapse-rust::integration feature_flag_service_tests_migrated::test_create_flag_empty_flag_key
TRY 1 TRMNTG [>120.000s] (─────────) synapse-rust::integration exception_tests_migrated::test_invalid_jwt
   TRY 1 TMT [ 120.009s] (─────────) synapse-rust::integration exception_tests_migrated::test_invalid_jwt
  stdout ───

    running 1 test
    test exception_tests_migrated::test_invalid_jwt has been running for over 60 seconds

    (test timed out)

TRY 2 TRMNTG [>120.000s] (─────────) synapse-rust::integration event_storage_tests_migrated::test_get_room_events_since_batch
   TRY 2 TMT [ 120.008s] (─────────) synapse-rust::integration event_storage_tests_migrated::test_get_room_events_since_batch
  stdout ───

    running 1 test
    test event_storage_tests_migrated::test_get_room_events_since_batch has been running for over 60 seconds

    (test timed out)

  TRY 2 FAIL [  34.067s] (─────────) synapse-rust::integration feature_flag_service_tests_migrated::test_create_flag_audit_event_created
  stdout ───

    running 1 test
    test feature_flag_service_tests_migrated::test_create_flag_audit_event_created ... FAILED

    failures:

    failures:
        feature_flag_service_tests_migrated::test_create_flag_audit_event_created

    test result: FAILED. 0 passed; 1 failed; 0 ignored; 0 measured; 1395 filtered out; finished in 34.05s

  stderr ───

    thread 'feature_flag_service_tests_migrated::test_create_flag_audit_event_created' (65866160) panicked at tests/integration/mod.rs:268:9:
    Integration test requires database setup. For local runs, start PostgreSQL and apply migrations first; in CI this must already succeed. Error: failed to clone template to test_544_1_1788330373384804000: error returned from database: schema "test_template_v2_aa57a852f2913233" does not exist
    note: run with `RUST_BACKTRACE=1` environment variable to display a backtrace

  TRY 3 SLOW [> 60.000s] (─────────) synapse-rust::integration event_storage_tests_migrated::test_get_room_events_batch_multiple_rooms
TRY 1 TRMNTG [>120.000s] (─────────) synapse-rust::integration feature_flag_service_tests_migrated::test_create_flag_duplicate_key_returns_conflict
   TRY 1 TMT [ 120.009s] (─────────) synapse-rust::integration feature_flag_service_tests_migrated::test_create_flag_duplicate_key_returns_conflict
  stdout ───

    running 1 test
    test feature_flag_service_tests_migrated::test_create_flag_duplicate_key_returns_conflict has been running for over 60 seconds

    (test timed out)

TRY 1 TRMNTG [>120.000s] (─────────) synapse-rust::integration feature_flag_service_tests_migrated::test_create_flag_duplicate_targets
   TRY 1 TMT [ 120.007s] (─────────) synapse-rust::integration feature_flag_service_tests_migrated::test_create_flag_duplicate_targets
  stdout ───

    running 1 test
    test feature_flag_service_tests_migrated::test_create_flag_duplicate_targets has been running for over 60 seconds

    (test timed out)

TRY 1 TRMNTG [>120.000s] (─────────) synapse-rust::integration feature_flag_service_tests_migrated::test_create_flag_empty_reason
TRY 1 TRMNTG [>120.000s] (─────────) synapse-rust::integration feature_flag_service_tests_migrated::test_create_flag_empty_flag_key
   TRY 1 TMT [ 120.009s] (─────────) synapse-rust::integration feature_flag_service_tests_migrated::test_create_flag_empty_reason
  stdout ───

    running 1 test
    test feature_flag_service_tests_migrated::test_create_flag_empty_reason has been running for over 60 seconds

    (test timed out)

   TRY 1 TMT [ 120.009s] (─────────) synapse-rust::integration feature_flag_service_tests_migrated::test_create_flag_empty_flag_key
  stdout ───

    running 1 test
    test feature_flag_service_tests_migrated::test_create_flag_empty_flag_key has been running for over 60 seconds

    (test timed out)

  TRY 2 SLOW [> 60.000s] (─────────) synapse-rust::integration exception_tests_migrated::test_invalid_jwt
  TRY 3 SLOW [> 60.000s] (─────────) synapse-rust::integration event_storage_tests_migrated::test_get_room_events_since_batch
  TRY 3 FAIL [  63.722s] ( 552/1396) synapse-rust::integration event_storage_tests_migrated::test_get_room_events_since_batch
  stdout ───

    running 1 test
    test event_storage_tests_migrated::test_get_room_events_since_batch has been running for over 60 seconds
    test event_storage_tests_migrated::test_get_room_events_since_batch ... FAILED

    failures:

    failures:
        event_storage_tests_migrated::test_get_room_events_since_batch

    test result: FAILED. 0 passed; 1 failed; 0 ignored; 0 measured; 1395 filtered out; finished in 63.69s

  stderr ───

    thread 'event_storage_tests_migrated::test_get_room_events_since_batch' (65866786) panicked at tests/integration/mod.rs:268:9:
    Integration test requires database setup. For local runs, start PostgreSQL and apply migrations first; in CI this must already succeed. Error: failed to clone template to test_726_1_1788330432568413000: error returned from database: schema "test_template_v2_aa57a852f2913233" does not exist
    note: run with `RUST_BACKTRACE=1` environment variable to display a backtrace

  TRY 3 SLOW [> 60.000s] (─────────) synapse-rust::integration feature_flag_service_tests_migrated::test_create_flag_audit_event_created
TRY 3 TRMNTG [>120.000s] (─────────) synapse-rust::integration event_storage_tests_migrated::test_get_room_events_batch_multiple_rooms
   TRY 3 TMT [ 120.008s] ( 553/1396) synapse-rust::integration event_storage_tests_migrated::test_get_room_events_batch_multiple_rooms
  stdout ───

    running 1 test
    test event_storage_tests_migrated::test_get_room_events_batch_multiple_rooms has been running for over 60 seconds

    (test timed out)

  TRY 2 SLOW [> 60.000s] (─────────) synapse-rust::integration feature_flag_service_tests_migrated::test_create_flag_duplicate_key_returns_conflict
  TRY 2 SLOW [> 60.000s] (─────────) synapse-rust::integration feature_flag_service_tests_migrated::test_create_flag_duplicate_targets
  TRY 2 SLOW [> 60.000s] (─────────) synapse-rust::integration feature_flag_service_tests_migrated::test_create_flag_empty_flag_key
  TRY 2 SLOW [> 60.000s] (─────────) synapse-rust::integration feature_flag_service_tests_migrated::test_create_flag_empty_reason
TRY 2 TRMNTG [>120.000s] (─────────) synapse-rust::integration exception_tests_migrated::test_invalid_jwt
   TRY 2 TMT [ 120.009s] (─────────) synapse-rust::integration exception_tests_migrated::test_invalid_jwt
  stdout ───

    running 1 test
    test exception_tests_migrated::test_invalid_jwt has been running for over 60 seconds

    (test timed out)

  TRY 2 FAIL [  69.477s] (─────────) synapse-rust::integration feature_flag_service_tests_migrated::test_create_flag_duplicate_key_returns_conflict
  stdout ───

    running 1 test
    test feature_flag_service_tests_migrated::test_create_flag_duplicate_key_returns_conflict has been running for over 60 seconds
    test feature_flag_service_tests_migrated::test_create_flag_duplicate_key_returns_conflict ... FAILED

    failures:

    failures:
        feature_flag_service_tests_migrated::test_create_flag_duplicate_key_returns_conflict

    test result: FAILED. 0 passed; 1 failed; 0 ignored; 0 measured; 1395 filtered out; finished in 69.45s

  stderr ───

    thread 'feature_flag_service_tests_migrated::test_create_flag_duplicate_key_returns_conflict' (65867328) panicked at tests/integration/mod.rs:268:9:
    Integration test requires database setup. For local runs, start PostgreSQL and apply migrations first; in CI this must already succeed. Error: failed to clone template to test_893_1_1788330465008574000: error returned from database: schema "test_template_v2_aa57a852f2913233" does not exist
    note: run with `RUST_BACKTRACE=1` environment variable to display a backtrace

        SLOW [> 60.000s] (─────────) synapse-rust::integration feature_flag_service_tests_migrated::test_create_flag_empty_target_subject_id
TRY 3 TRMNTG [>120.000s] (─────────) synapse-rust::integration feature_flag_service_tests_migrated::test_create_flag_audit_event_created
   TRY 3 TMT [ 120.008s] ( 554/1396) synapse-rust::integration feature_flag_service_tests_migrated::test_create_flag_audit_event_created
  stdout ───

    running 1 test
    test feature_flag_service_tests_migrated::test_create_flag_audit_event_created has been running for over 60 seconds

    (test timed out)

        SLOW [> 60.000s] (─────────) synapse-rust::integration feature_flag_service_tests_migrated::test_create_flag_expired_expiration
TRY 2 TRMNTG [>120.000s] (─────────) synapse-rust::integration feature_flag_service_tests_migrated::test_create_flag_duplicate_targets
   TRY 2 TMT [ 120.007s] (─────────) synapse-rust::integration feature_flag_service_tests_migrated::test_create_flag_duplicate_targets
  stdout ───

    running 1 test
    test feature_flag_service_tests_migrated::test_create_flag_duplicate_targets has been running for over 60 seconds

    (test timed out)

TRY 2 TRMNTG [>120.000s] (─────────) synapse-rust::integration feature_flag_service_tests_migrated::test_create_flag_empty_reason
TRY 2 TRMNTG [>120.000s] (─────────) synapse-rust::integration feature_flag_service_tests_migrated::test_create_flag_empty_flag_key
   TRY 2 TMT [ 120.007s] (─────────) synapse-rust::integration feature_flag_service_tests_migrated::test_create_flag_empty_reason
  stdout ───

    running 1 test
    test feature_flag_service_tests_migrated::test_create_flag_empty_reason has been running for over 60 seconds

    (test timed out)

   TRY 2 TMT [ 120.007s] (─────────) synapse-rust::integration feature_flag_service_tests_migrated::test_create_flag_empty_flag_key
  stdout ───

    running 1 test
    test feature_flag_service_tests_migrated::test_create_flag_empty_flag_key has been running for over 60 seconds

    (test timed out)

  TRY 3 SLOW [> 60.000s] (─────────) synapse-rust::integration exception_tests_migrated::test_invalid_jwt
  TRY 3 SLOW [> 60.000s] (─────────) synapse-rust::integration feature_flag_service_tests_migrated::test_create_flag_duplicate_key_returns_conflict
  TRY 1 FAIL [  93.363s] (─────────) synapse-rust::integration feature_flag_service_tests_migrated::test_create_flag_expired_expiration
  stdout ───

    running 1 test
    test feature_flag_service_tests_migrated::test_create_flag_expired_expiration has been running for over 60 seconds
    test feature_flag_service_tests_migrated::test_create_flag_expired_expiration ... FAILED

    failures:

    failures:
        feature_flag_service_tests_migrated::test_create_flag_expired_expiration

    test result: FAILED. 0 passed; 1 failed; 0 ignored; 0 measured; 1395 filtered out; finished in 93.34s

  stderr ───

    thread 'feature_flag_service_tests_migrated::test_create_flag_expired_expiration' (65868306) panicked at tests/integration/mod.rs:268:9:
    Integration test requires database setup. For local runs, start PostgreSQL and apply migrations first; in CI this must already succeed. Error: failed to clone template to test_1146_1_1788330527447619000: error returned from database: schema "test_template_v2_aa57a852f2913233" does not exist
    note: run with `RUST_BACKTRACE=1` environment variable to display a backtrace

TRY 1 TRMNTG [>120.000s] (─────────) synapse-rust::integration feature_flag_service_tests_migrated::test_create_flag_empty_target_subject_id
   TRY 1 TMT [ 120.009s] (─────────) synapse-rust::integration feature_flag_service_tests_migrated::test_create_flag_empty_target_subject_id
  stdout ───

    running 1 test
    test feature_flag_service_tests_migrated::test_create_flag_empty_target_subject_id has been running for over 60 seconds

    (test timed out)

        SLOW [> 60.000s] (─────────) synapse-rust::integration feature_flag_service_tests_migrated::test_create_flag_future_expiration_ok
  TRY 3 FAIL [  42.490s] ( 555/1396) synapse-rust::integration feature_flag_service_tests_migrated::test_create_flag_empty_reason
  stdout ───

    running 1 test
    test feature_flag_service_tests_migrated::test_create_flag_empty_reason ... FAILED

    failures:

    failures:
        feature_flag_service_tests_migrated::test_create_flag_empty_reason

    test result: FAILED. 0 passed; 1 failed; 0 ignored; 0 measured; 1395 filtered out; finished in 42.47s

  stderr ───

    thread 'feature_flag_service_tests_migrated::test_create_flag_empty_reason' (65870122) panicked at tests/integration/mod.rs:268:9:
    Integration test requires database setup. For local runs, start PostgreSQL and apply migrations first; in CI this must already succeed. Error: failed to clone template to test_1685_1_1788330563151503000: error returned from database: schema "test_template_v2_aa57a852f2913233" does not exist
    note: run with `RUST_BACKTRACE=1` environment variable to display a backtrace

  TRY 3 SLOW [> 60.000s] (─────────) synapse-rust::integration feature_flag_service_tests_migrated::test_create_flag_duplicate_targets
  TRY 3 SLOW [> 60.000s] (─────────) synapse-rust::integration feature_flag_service_tests_migrated::test_create_flag_empty_flag_key
TRY 3 TRMNTG [>120.000s] (─────────) synapse-rust::integration exception_tests_migrated::test_invalid_jwt
   TRY 3 TMT [ 120.012s] ( 556/1396) synapse-rust::integration exception_tests_migrated::test_invalid_jwt
  stdout ───

    running 1 test
    test exception_tests_migrated::test_invalid_jwt has been running for over 60 seconds

    (test timed out)

TRY 3 TRMNTG [>120.000s] (─────────) synapse-rust::integration feature_flag_service_tests_migrated::test_create_flag_duplicate_key_returns_conflict
   TRY 3 TMT [ 120.009s] ( 557/1396) synapse-rust::integration feature_flag_service_tests_migrated::test_create_flag_duplicate_key_returns_conflict
  stdout ───

    running 1 test
    test feature_flag_service_tests_migrated::test_create_flag_duplicate_key_returns_conflict has been running for over 60 seconds

    (test timed out)

  TRY 2 SLOW [> 60.000s] (─────────) synapse-rust::integration feature_flag_service_tests_migrated::test_create_flag_expired_expiration
  TRY 2 SLOW [> 60.000s] (─────────) synapse-rust::integration feature_flag_service_tests_migrated::test_create_flag_empty_target_subject_id
TRY 1 TRMNTG [>120.000s] (─────────) synapse-rust::integration feature_flag_service_tests_migrated::test_create_flag_future_expiration_ok
   TRY 1 TMT [ 120.008s] (─────────) synapse-rust::integration feature_flag_service_tests_migrated::test_create_flag_future_expiration_ok
  stdout ───

    running 1 test
    test feature_flag_service_tests_migrated::test_create_flag_future_expiration_ok has been running for over 60 seconds

    (test timed out)

  TRY 2 FAIL [  67.856s] (─────────) synapse-rust::integration feature_flag_service_tests_migrated::test_create_flag_empty_target_subject_id
  stdout ───

    running 1 test
    test feature_flag_service_tests_migrated::test_create_flag_empty_target_subject_id has been running for over 60 seconds
    test feature_flag_service_tests_migrated::test_create_flag_empty_target_subject_id ... FAILED

    failures:

    failures:
        feature_flag_service_tests_migrated::test_create_flag_empty_target_subject_id

    test result: FAILED. 0 passed; 1 failed; 0 ignored; 0 measured; 1395 filtered out; finished in 67.82s

  stderr ───

    thread 'feature_flag_service_tests_migrated::test_create_flag_empty_target_subject_id' (65870850) panicked at tests/integration/mod.rs:268:9:
    Integration test requires database setup. For local runs, start PostgreSQL and apply migrations first; in CI this must already succeed. Error: failed to clone template to test_1893_1_1788330620380179000: error returned from database: schema "test_template_v2_aa57a852f2913233" does not exist
    note: run with `RUST_BACKTRACE=1` environment variable to display a backtrace

        SLOW [> 60.000s] (─────────) synapse-rust::integration feature_flag_service_tests_migrated::test_create_flag_invalid_status
TRY 3 TRMNTG [>120.000s] (─────────) synapse-rust::integration feature_flag_service_tests_migrated::test_create_flag_duplicate_targets
   TRY 3 TMT [ 120.009s] ( 558/1396) synapse-rust::integration feature_flag_service_tests_migrated::test_create_flag_duplicate_targets
  stdout ───

    running 1 test
    test feature_flag_service_tests_migrated::test_create_flag_duplicate_targets has been running for over 60 seconds

    (test timed out)

TRY 3 TRMNTG [>120.000s] (─────────) synapse-rust::integration feature_flag_service_tests_migrated::test_create_flag_empty_flag_key
   TRY 3 TMT [ 120.007s] ( 559/1396) synapse-rust::integration feature_flag_service_tests_migrated::test_create_flag_empty_flag_key
  stdout ───

    running 1 test
    test feature_flag_service_tests_migrated::test_create_flag_empty_flag_key has been running for over 60 seconds

    (test timed out)

        SLOW [> 60.000s] (─────────) synapse-rust::integration feature_flag_service_tests_migrated::test_create_flag_invalid_target_scope
        SLOW [> 60.000s] (─────────) synapse-rust::integration feature_flag_service_tests_migrated::test_create_flag_invalid_target_subject_type
TRY 2 TRMNTG [>120.000s] (─────────) synapse-rust::integration feature_flag_service_tests_migrated::test_create_flag_expired_expiration
   TRY 2 TMT [ 120.008s] (─────────) synapse-rust::integration feature_flag_service_tests_migrated::test_create_flag_expired_expiration
  stdout ───

    running 1 test
    test feature_flag_service_tests_migrated::test_create_flag_expired_expiration has been running for over 60 seconds

    (test timed out)

  TRY 2 SLOW [> 60.000s] (─────────) synapse-rust::integration feature_flag_service_tests_migrated::test_create_flag_future_expiration_ok
  TRY 1 FAIL [  37.970s] (─────────) synapse-rust::integration feature_flag_service_tests_migrated::test_create_flag_none_status_defaults_to_draft
  stdout ───

    running 1 test
    test feature_flag_service_tests_migrated::test_create_flag_none_status_defaults_to_draft ... FAILED

    failures:

    failures:
        feature_flag_service_tests_migrated::test_create_flag_none_status_defaults_to_draft

    test result: FAILED. 0 passed; 1 failed; 0 ignored; 0 measured; 1395 filtered out; finished in 37.95s

  stderr ───

    thread 'feature_flag_service_tests_migrated::test_create_flag_none_status_defaults_to_draft' (65872778) panicked at tests/integration/mod.rs:268:9:
    Integration test requires database setup. For local runs, start PostgreSQL and apply migrations first; in CI this must already succeed. Error: failed to clone template to test_2460_1_1788330678623479000: error returned from database: schema "test_template_v2_aa57a852f2913233" does not exist
    note: run with `RUST_BACKTRACE=1` environment variable to display a backtrace

  TRY 3 SLOW [> 60.000s] (─────────) synapse-rust::integration feature_flag_service_tests_migrated::test_create_flag_empty_target_subject_id
TRY 1 TRMNTG [>120.000s] (─────────) synapse-rust::integration feature_flag_service_tests_migrated::test_create_flag_invalid_status
   TRY 1 TMT [ 120.009s] (─────────) synapse-rust::integration feature_flag_service_tests_migrated::test_create_flag_invalid_status
  stdout ───

    running 1 test
    test feature_flag_service_tests_migrated::test_create_flag_invalid_status has been running for over 60 seconds

    (test timed out)

        SLOW [> 60.000s] (─────────) synapse-rust::integration feature_flag_service_tests_migrated::test_create_flag_none_expiration_ok
TRY 1 TRMNTG [>120.000s] (─────────) synapse-rust::integration feature_flag_service_tests_migrated::test_create_flag_invalid_target_scope
   TRY 1 TMT [ 120.008s] (─────────) synapse-rust::integration feature_flag_service_tests_migrated::test_create_flag_invalid_target_scope
  stdout ───

    running 1 test
    test feature_flag_service_tests_migrated::test_create_flag_invalid_target_scope has been running for over 60 seconds

    (test timed out)

TRY 1 TRMNTG [>120.000s] (─────────) synapse-rust::integration feature_flag_service_tests_migrated::test_create_flag_invalid_target_subject_type
   TRY 1 TMT [ 120.011s] (─────────) synapse-rust::integration feature_flag_service_tests_migrated::test_create_flag_invalid_target_subject_type
  stdout ───

    running 1 test
    test feature_flag_service_tests_migrated::test_create_flag_invalid_target_subject_type has been running for over 60 seconds

    (test timed out)

  TRY 3 SLOW [> 60.000s] (─────────) synapse-rust::integration feature_flag_service_tests_migrated::test_create_flag_expired_expiration
TRY 2 TRMNTG [>120.000s] (─────────) synapse-rust::integration feature_flag_service_tests_migrated::test_create_flag_future_expiration_ok
   TRY 2 TMT [ 120.006s] (─────────) synapse-rust::integration feature_flag_service_tests_migrated::test_create_flag_future_expiration_ok
  stdout ───

    running 1 test
    test feature_flag_service_tests_migrated::test_create_flag_future_expiration_ok has been running for over 60 seconds

    (test timed out)

  TRY 2 SLOW [> 60.000s] (─────────) synapse-rust::integration feature_flag_service_tests_migrated::test_create_flag_none_status_defaults_to_draft
  TRY 3 FAIL [ 118.041s] ( 560/1396) synapse-rust::integration feature_flag_service_tests_migrated::test_create_flag_empty_target_subject_id
  stdout ───

    running 1 test
    test feature_flag_service_tests_migrated::test_create_flag_empty_target_subject_id has been running for over 60 seconds
    test feature_flag_service_tests_migrated::test_create_flag_empty_target_subject_id ... FAILED

    failures:

    failures:
        feature_flag_service_tests_migrated::test_create_flag_empty_target_subject_id

    test result: FAILED. 0 passed; 1 failed; 0 ignored; 0 measured; 1395 filtered out; finished in 118.02s

  stderr ───

    thread 'feature_flag_service_tests_migrated::test_create_flag_empty_target_subject_id' (65872361) panicked at tests/integration/mod.rs:268:9:
    Integration test requires database setup. For local runs, start PostgreSQL and apply migrations first; in CI this must already succeed. Error: failed to clone template to test_2310_1_1788330738427011000: error returned from database: schema "test_template_v2_aa57a852f2913233" does not exist
    note: run with `RUST_BACKTRACE=1` environment variable to display a backtrace

  TRY 2 SLOW [> 60.000s] (─────────) synapse-rust::integration feature_flag_service_tests_migrated::test_create_flag_invalid_status
TRY 1 TRMNTG [>120.000s] (─────────) synapse-rust::integration feature_flag_service_tests_migrated::test_create_flag_none_expiration_ok
   TRY 1 TMT [ 120.009s] (─────────) synapse-rust::integration feature_flag_service_tests_migrated::test_create_flag_none_expiration_ok
  stdout ───

    running 1 test
    test feature_flag_service_tests_migrated::test_create_flag_none_expiration_ok has been running for over 60 seconds

    (test timed out)

  TRY 2 SLOW [> 60.000s] (─────────) synapse-rust::integration feature_flag_service_tests_migrated::test_create_flag_invalid_target_scope
  TRY 2 SLOW [> 60.000s] (─────────) synapse-rust::integration feature_flag_service_tests_migrated::test_create_flag_invalid_target_subject_type
TRY 3 TRMNTG [>120.000s] (─────────) synapse-rust::integration feature_flag_service_tests_migrated::test_create_flag_expired_expiration
   TRY 3 TMT [ 120.014s] ( 561/1396) synapse-rust::integration feature_flag_service_tests_migrated::test_create_flag_expired_expiration
  stdout ───

    running 1 test
    test feature_flag_service_tests_migrated::test_create_flag_expired_expiration has been running for over 60 seconds

    (test timed out)

  TRY 2 FAIL [  65.451s] (─────────) synapse-rust::integration feature_flag_service_tests_migrated::test_create_flag_invalid_target_subject_type
  stdout ───

    running 1 test
    test feature_flag_service_tests_migrated::test_create_flag_invalid_target_subject_type has been running for over 60 seconds
    test feature_flag_service_tests_migrated::test_create_flag_invalid_target_subject_type ... FAILED

    failures:

    failures:
        feature_flag_service_tests_migrated::test_create_flag_invalid_target_subject_type

    test result: FAILED. 0 passed; 1 failed; 0 ignored; 0 measured; 1395 filtered out; finished in 65.43s

  stderr ───

    thread 'feature_flag_service_tests_migrated::test_create_flag_invalid_target_subject_type' (65874209) panicked at tests/integration/mod.rs:268:9:
    Integration test requires database setup. For local runs, start PostgreSQL and apply migrations first; in CI this must already succeed. Error: failed to clone template to test_2888_1_1788330770434286000: error returned from database: schema "test_template_v2_aa57a852f2913233" does not exist
    note: run with `RUST_BACKTRACE=1` environment variable to display a backtrace

  TRY 3 SLOW [> 60.000s] (─────────) synapse-rust::integration feature_flag_service_tests_migrated::test_create_flag_future_expiration_ok
TRY 2 TRMNTG [>120.000s] (─────────) synapse-rust::integration feature_flag_service_tests_migrated::test_create_flag_none_status_defaults_to_draft
   TRY 2 TMT [ 120.008s] (─────────) synapse-rust::integration feature_flag_service_tests_migrated::test_create_flag_none_status_defaults_to_draft
  stdout ───

    running 1 test
    test feature_flag_service_tests_migrated::test_create_flag_none_status_defaults_to_draft has been running for over 60 seconds

    (test timed out)

        SLOW [> 60.000s] (─────────) synapse-rust::integration feature_flag_service_tests_migrated::test_create_flag_rollout_percent_boundary_0
TRY 2 TRMNTG [>120.000s] (─────────) synapse-rust::integration feature_flag_service_tests_migrated::test_create_flag_invalid_status
   TRY 2 TMT [ 120.005s] (─────────) synapse-rust::integration feature_flag_service_tests_migrated::test_create_flag_invalid_status
  stdout ───

    running 1 test
    test feature_flag_service_tests_migrated::test_create_flag_invalid_status has been running for over 60 seconds

    (test timed out)

  TRY 2 SLOW [> 60.000s] (─────────) synapse-rust::integration feature_flag_service_tests_migrated::test_create_flag_none_expiration_ok
TRY 2 TRMNTG [>120.000s] (─────────) synapse-rust::integration feature_flag_service_tests_migrated::test_create_flag_invalid_target_scope
   TRY 2 TMT [ 120.009s] (─────────) synapse-rust::integration feature_flag_service_tests_migrated::test_create_flag_invalid_target_scope
  stdout ───

    running 1 test
    test feature_flag_service_tests_migrated::test_create_flag_invalid_target_scope has been running for over 60 seconds

    (test timed out)

        SLOW [> 60.000s] (─────────) synapse-rust::integration feature_flag_service_tests_migrated::test_create_flag_rollout_percent_boundary_100
  TRY 3 FAIL [  96.779s] ( 562/1396) synapse-rust::integration feature_flag_service_tests_migrated::test_create_flag_future_expiration_ok
  stdout ───

    running 1 test
    test feature_flag_service_tests_migrated::test_create_flag_future_expiration_ok has been running for over 60 seconds
    test feature_flag_service_tests_migrated::test_create_flag_future_expiration_ok ... FAILED

    failures:

    failures:
        feature_flag_service_tests_migrated::test_create_flag_future_expiration_ok

    test result: FAILED. 0 passed; 1 failed; 0 ignored; 0 measured; 1395 filtered out; finished in 96.75s

  stderr ───

    thread 'feature_flag_service_tests_migrated::test_create_flag_future_expiration_ok' (65874823) panicked at tests/integration/mod.rs:268:9:
    Integration test requires database setup. For local runs, start PostgreSQL and apply migrations first; in CI this must already succeed. Error: failed to clone template to test_3060_1_1788330829877332000: error returned from database: schema "test_template_v2_aa57a852f2913233" does not exist
    note: run with `RUST_BACKTRACE=1` environment variable to display a backtrace

  TRY 3 SLOW [> 60.000s] (─────────) synapse-rust::integration feature_flag_service_tests_migrated::test_create_flag_invalid_target_subject_type
  TRY 3 SLOW [> 60.000s] (─────────) synapse-rust::integration feature_flag_service_tests_migrated::test_create_flag_none_status_defaults_to_draft
TRY 1 TRMNTG [>120.000s] (─────────) synapse-rust::integration feature_flag_service_tests_migrated::test_create_flag_rollout_percent_boundary_0
   TRY 1 TMT [ 120.008s] (─────────) synapse-rust::integration feature_flag_service_tests_migrated::test_create_flag_rollout_percent_boundary_0
  stdout ───

    running 1 test
    test feature_flag_service_tests_migrated::test_create_flag_rollout_percent_boundary_0 has been running for over 60 seconds

    (test timed out)

  TRY 3 SLOW [> 60.000s] (─────────) synapse-rust::integration feature_flag_service_tests_migrated::test_create_flag_invalid_status
TRY 2 TRMNTG [>120.000s] (─────────) synapse-rust::integration feature_flag_service_tests_migrated::test_create_flag_none_expiration_ok
   TRY 2 TMT [ 120.009s] (─────────) synapse-rust::integration feature_flag_service_tests_migrated::test_create_flag_none_expiration_ok
  stdout ───

    running 1 test
    test feature_flag_service_tests_migrated::test_create_flag_none_expiration_ok has been running for over 60 seconds

    (test timed out)

  TRY 3 SLOW [> 60.000s] (─────────) synapse-rust::integration feature_flag_service_tests_migrated::test_create_flag_invalid_target_scope
TRY 1 TRMNTG [>120.000s] (─────────) synapse-rust::integration feature_flag_service_tests_migrated::test_create_flag_rollout_percent_boundary_100
   TRY 1 TMT [ 120.008s] (─────────) synapse-rust::integration feature_flag_service_tests_migrated::test_create_flag_rollout_percent_boundary_100
  stdout ───

    running 1 test
    test feature_flag_service_tests_migrated::test_create_flag_rollout_percent_boundary_100 has been running for over 60 seconds

    (test timed out)

        SLOW [> 60.000s] (─────────) synapse-rust::integration feature_flag_service_tests_migrated::test_create_flag_rollout_percent_negative
TRY 3 TRMNTG [>120.000s] (─────────) synapse-rust::integration feature_flag_service_tests_migrated::test_create_flag_invalid_target_subject_type
   TRY 3 TMT [ 120.005s] ( 563/1396) synapse-rust::integration feature_flag_service_tests_migrated::test_create_flag_invalid_target_subject_type
  stdout ───

    running 1 test
    test feature_flag_service_tests_migrated::test_create_flag_invalid_target_subject_type has been running for over 60 seconds

    (test timed out)

  TRY 2 FAIL [  33.236s] (─────────) synapse-rust::integration feature_flag_service_tests_migrated::test_create_flag_rollout_percent_boundary_0
  stdout ───

    running 1 test
    test feature_flag_service_tests_migrated::test_create_flag_rollout_percent_boundary_0 ... FAILED

    failures:

    failures:
        feature_flag_service_tests_migrated::test_create_flag_rollout_percent_boundary_0

    test result: FAILED. 0 passed; 1 failed; 0 ignored; 0 measured; 1395 filtered out; finished in 33.20s

  stderr ───

    thread 'feature_flag_service_tests_migrated::test_create_flag_rollout_percent_boundary_0' (65877558) panicked at tests/integration/mod.rs:268:9:
    Integration test requires database setup. For local runs, start PostgreSQL and apply migrations first; in CI this must already succeed. Error: failed to clone template to test_3858_1_1788330891892131000: error returned from database: schema "test_template_v2_aa57a852f2913233" does not exist
    note: run with `RUST_BACKTRACE=1` environment variable to display a backtrace

TRY 3 TRMNTG [>120.000s] (─────────) synapse-rust::integration feature_flag_service_tests_migrated::test_create_flag_none_status_defaults_to_draft
   TRY 3 TMT [ 120.007s] ( 564/1396) synapse-rust::integration feature_flag_service_tests_migrated::test_create_flag_none_status_defaults_to_draft
  stdout ───

    running 1 test
    test feature_flag_service_tests_migrated::test_create_flag_none_status_defaults_to_draft has been running for over 60 seconds

    (test timed out)

TRY 3 TRMNTG [>120.000s] (─────────) synapse-rust::integration feature_flag_service_tests_migrated::test_create_flag_invalid_status
   TRY 3 TMT [ 120.006s] ( 565/1396) synapse-rust::integration feature_flag_service_tests_migrated::test_create_flag_invalid_status
  stdout ───

    running 1 test
    test feature_flag_service_tests_migrated::test_create_flag_invalid_status has been running for over 60 seconds

    (test timed out)

  TRY 3 SLOW [> 60.000s] (─────────) synapse-rust::integration feature_flag_service_tests_migrated::test_create_flag_none_expiration_ok
TRY 3 TRMNTG [>120.000s] (─────────) synapse-rust::integration feature_flag_service_tests_migrated::test_create_flag_invalid_target_scope
   TRY 3 TMT [ 120.007s] ( 566/1396) synapse-rust::integration feature_flag_service_tests_migrated::test_create_flag_invalid_target_scope
  stdout ───

    running 1 test
    test feature_flag_service_tests_migrated::test_create_flag_invalid_target_scope has been running for over 60 seconds

    (test timed out)

  TRY 2 SLOW [> 60.000s] (─────────) synapse-rust::integration feature_flag_service_tests_migrated::test_create_flag_rollout_percent_boundary_100
TRY 1 TRMNTG [>120.000s] (─────────) synapse-rust::integration feature_flag_service_tests_migrated::test_create_flag_rollout_percent_negative
   TRY 1 TMT [ 120.009s] (─────────) synapse-rust::integration feature_flag_service_tests_migrated::test_create_flag_rollout_percent_negative
  stdout ───

    running 1 test
    test feature_flag_service_tests_migrated::test_create_flag_rollout_percent_negative has been running for over 60 seconds

    (test timed out)

        SLOW [> 60.000s] (─────────) synapse-rust::integration feature_flag_service_tests_migrated::test_create_flag_special_chars_flag_key
  TRY 3 SLOW [> 60.000s] (─────────) synapse-rust::integration feature_flag_service_tests_migrated::test_create_flag_rollout_percent_boundary_0
  TRY 2 FAIL [  85.920s] (─────────) synapse-rust::integration feature_flag_service_tests_migrated::test_create_flag_rollout_percent_boundary_100
  stdout ───

    running 1 test
    test feature_flag_service_tests_migrated::test_create_flag_rollout_percent_boundary_100 has been running for over 60 seconds
    test feature_flag_service_tests_migrated::test_create_flag_rollout_percent_boundary_100 ... FAILED

    failures:

    failures:
        feature_flag_service_tests_migrated::test_create_flag_rollout_percent_boundary_100

    test result: FAILED. 0 passed; 1 failed; 0 ignored; 0 measured; 1395 filtered out; finished in 85.90s

  stderr ───

    thread 'feature_flag_service_tests_migrated::test_create_flag_rollout_percent_boundary_100' (65878144) panicked at tests/integration/mod.rs:268:9:
    Integration test requires database setup. For local runs, start PostgreSQL and apply migrations first; in CI this must already succeed. Error: failed to clone template to test_4030_1_1788330973847932000: error returned from database: schema "test_template_v2_aa57a852f2913233" does not exist
    note: run with `RUST_BACKTRACE=1` environment variable to display a backtrace

        SLOW [> 60.000s] (─────────) synapse-rust::integration feature_flag_service_tests_migrated::test_create_flag_uppercase_flag_key
        SLOW [> 60.000s] (─────────) synapse-rust::integration feature_flag_service_tests_migrated::test_create_flag_valid_flag_key_with_dot_underscore_hyphen
TRY 3 TRMNTG [>120.000s] (─────────) synapse-rust::integration feature_flag_service_tests_migrated::test_create_flag_none_expiration_ok
   TRY 3 TMT [ 120.008s] ( 567/1396) synapse-rust::integration feature_flag_service_tests_migrated::test_create_flag_none_expiration_ok
  stdout ───

    running 1 test
    test feature_flag_service_tests_migrated::test_create_flag_none_expiration_ok has been running for over 60 seconds

    (test timed out)

        SLOW [> 60.000s] (─────────) synapse-rust::integration feature_flag_service_tests_migrated::test_create_flag_valid_rollout_percent
  TRY 2 SLOW [> 60.000s] (─────────) synapse-rust::integration feature_flag_service_tests_migrated::test_create_flag_rollout_percent_negative
TRY 1 TRMNTG [>120.000s] (─────────) synapse-rust::integration feature_flag_service_tests_migrated::test_create_flag_special_chars_flag_key
   TRY 1 TMT [ 120.007s] (─────────) synapse-rust::integration feature_flag_service_tests_migrated::test_create_flag_special_chars_flag_key
  stdout ───

    running 1 test
    test feature_flag_service_tests_migrated::test_create_flag_special_chars_flag_key has been running for over 60 seconds

    (test timed out)

TRY 3 TRMNTG [>120.000s] (─────────) synapse-rust::integration feature_flag_service_tests_migrated::test_create_flag_rollout_percent_boundary_0
   TRY 3 TMT [ 120.007s] ( 568/1396) synapse-rust::integration feature_flag_service_tests_migrated::test_create_flag_rollout_percent_boundary_0
  stdout ───

    running 1 test
    test feature_flag_service_tests_migrated::test_create_flag_rollout_percent_boundary_0 has been running for over 60 seconds

    (test timed out)

  TRY 2 FAIL [  81.395s] (─────────) synapse-rust::integration feature_flag_service_tests_migrated::test_create_flag_rollout_percent_negative
  stdout ───

    running 1 test
    test feature_flag_service_tests_migrated::test_create_flag_rollout_percent_negative has been running for over 60 seconds
    test feature_flag_service_tests_migrated::test_create_flag_rollout_percent_negative ... FAILED

    failures:

    failures:
        feature_flag_service_tests_migrated::test_create_flag_rollout_percent_negative

    test result: FAILED. 0 passed; 1 failed; 0 ignored; 0 measured; 1395 filtered out; finished in 81.37s

  stderr ───

    thread 'feature_flag_service_tests_migrated::test_create_flag_rollout_percent_negative' (65879628) panicked at tests/integration/mod.rs:268:9:
    Integration test requires database setup. For local runs, start PostgreSQL and apply migrations first; in CI this must already succeed. Error: failed to clone template to test_4425_1_1788331031431539000: error returned from database: schema "test_template_v2_aa57a852f2913233" does not exist
    note: run with `RUST_BACKTRACE=1` environment variable to display a backtrace

  TRY 3 SLOW [> 60.000s] (─────────) synapse-rust::integration feature_flag_service_tests_migrated::test_create_flag_rollout_percent_boundary_100
TRY 1 TRMNTG [>120.000s] (─────────) synapse-rust::integration feature_flag_service_tests_migrated::test_create_flag_uppercase_flag_key
   TRY 1 TMT [ 120.009s] (─────────) synapse-rust::integration feature_flag_service_tests_migrated::test_create_flag_uppercase_flag_key
  stdout ───

    running 1 test
    test feature_flag_service_tests_migrated::test_create_flag_uppercase_flag_key has been running for over 60 seconds

    (test timed out)

TRY 1 TRMNTG [>120.000s] (─────────) synapse-rust::integration feature_flag_service_tests_migrated::test_create_flag_valid_flag_key_with_dot_underscore_hyphen
   TRY 1 TMT [ 120.008s] (─────────) synapse-rust::integration feature_flag_service_tests_migrated::test_create_flag_valid_flag_key_with_dot_underscore_hyphen
  stdout ───

    running 1 test
    test feature_flag_service_tests_migrated::test_create_flag_valid_flag_key_with_dot_underscore_hyphen has been running for over 60 seconds

    (test timed out)

        SLOW [> 60.000s] (─────────) synapse-rust::integration feature_flag_service_tests_migrated::test_create_flag_valid_statuses
TRY 1 TRMNTG [>120.000s] (─────────) synapse-rust::integration feature_flag_service_tests_migrated::test_create_flag_valid_rollout_percent
   TRY 1 TMT [ 120.007s] (─────────) synapse-rust::integration feature_flag_service_tests_migrated::test_create_flag_valid_rollout_percent
  stdout ───

    running 1 test
    test feature_flag_service_tests_migrated::test_create_flag_valid_rollout_percent has been running for over 60 seconds

    (test timed out)

  TRY 3 FAIL [  89.531s] ( 569/1396) synapse-rust::integration feature_flag_service_tests_migrated::test_create_flag_rollout_percent_boundary_100
  stdout ───

    running 1 test
    test feature_flag_service_tests_migrated::test_create_flag_rollout_percent_boundary_100 has been running for over 60 seconds
    test feature_flag_service_tests_migrated::test_create_flag_rollout_percent_boundary_100 ... FAILED

    failures:

    failures:
        feature_flag_service_tests_migrated::test_create_flag_rollout_percent_boundary_100

    test result: FAILED. 0 passed; 1 failed; 0 ignored; 0 measured; 1395 filtered out; finished in 89.50s

  stderr ───

    thread 'feature_flag_service_tests_migrated::test_create_flag_rollout_percent_boundary_100' (65880121) panicked at tests/integration/mod.rs:268:9:
    Integration test requires database setup. For local runs, start PostgreSQL and apply migrations first; in CI this must already succeed. Error: failed to clone template to test_4565_1_1788331063342889000: error returned from database: schema "test_template_v2_aa57a852f2913233" does not exist
    note: run with `RUST_BACKTRACE=1` environment variable to display a backtrace

  TRY 2 SLOW [> 60.000s] (─────────) synapse-rust::integration feature_flag_service_tests_migrated::test_create_flag_special_chars_flag_key
        SLOW [> 60.000s] (─────────) synapse-rust::integration feature_flag_service_tests_migrated::test_create_flag_valid_target_scopes
  TRY 3 SLOW [> 60.000s] (─────────) synapse-rust::integration feature_flag_service_tests_migrated::test_create_flag_rollout_percent_negative
  TRY 2 SLOW [> 60.000s] (─────────) synapse-rust::integration feature_flag_service_tests_migrated::test_create_flag_uppercase_flag_key
  TRY 2 SLOW [> 60.000s] (─────────) synapse-rust::integration feature_flag_service_tests_migrated::test_create_flag_valid_flag_key_with_dot_underscore_hyphen
TRY 1 TRMNTG [>120.000s] (─────────) synapse-rust::integration feature_flag_service_tests_migrated::test_create_flag_valid_statuses
   TRY 1 TMT [ 120.007s] (─────────) synapse-rust::integration feature_flag_service_tests_migrated::test_create_flag_valid_statuses
  stdout ───

    running 1 test
    test feature_flag_service_tests_migrated::test_create_flag_valid_statuses has been running for over 60 seconds

    (test timed out)

  TRY 2 SLOW [> 60.000s] (─────────) synapse-rust::integration feature_flag_service_tests_migrated::test_create_flag_valid_rollout_percent
        SLOW [> 60.000s] (─────────) synapse-rust::integration feature_flag_service_tests_migrated::test_create_flag_valid_target_subject_types
  TRY 1 FAIL [ 112.731s] (─────────) synapse-rust::integration feature_flag_service_tests_migrated::test_create_flag_valid_target_scopes
  stdout ───

    running 1 test
    test feature_flag_service_tests_migrated::test_create_flag_valid_target_scopes has been running for over 60 seconds
    test feature_flag_service_tests_migrated::test_create_flag_valid_target_scopes ... FAILED

    failures:

    failures:
        feature_flag_service_tests_migrated::test_create_flag_valid_target_scopes

    test result: FAILED. 0 passed; 1 failed; 0 ignored; 0 measured; 1395 filtered out; finished in 112.71s

  stderr ───

    thread 'feature_flag_service_tests_migrated::test_create_flag_valid_target_scopes' (65881022) panicked at tests/integration/mod.rs:268:9:
    Integration test requires database setup. For local runs, start PostgreSQL and apply migrations first; in CI this must already succeed. Error: failed to clone template to test_4801_1_1788331124355426000: error returned from database: schema "test_template_v2_aa57a852f2913233" does not exist
    note: run with `RUST_BACKTRACE=1` environment variable to display a backtrace

TRY 2 TRMNTG [>120.000s] (─────────) synapse-rust::integration feature_flag_service_tests_migrated::test_create_flag_special_chars_flag_key
   TRY 2 TMT [ 120.009s] (─────────) synapse-rust::integration feature_flag_service_tests_migrated::test_create_flag_special_chars_flag_key
  stdout ───

    running 1 test
    test feature_flag_service_tests_migrated::test_create_flag_special_chars_flag_key has been running for over 60 seconds

    (test timed out)

TRY 3 TRMNTG [>120.000s] (─────────) synapse-rust::integration feature_flag_service_tests_migrated::test_create_flag_rollout_percent_negative
   TRY 3 TMT [ 120.008s] ( 570/1396) synapse-rust::integration feature_flag_service_tests_migrated::test_create_flag_rollout_percent_negative
  stdout ───

    running 1 test
    test feature_flag_service_tests_migrated::test_create_flag_rollout_percent_negative has been running for over 60 seconds

    (test timed out)

  TRY 2 FAIL [  97.205s] (─────────) synapse-rust::integration feature_flag_service_tests_migrated::test_create_flag_valid_rollout_percent
  stdout ───

    running 1 test
    test feature_flag_service_tests_migrated::test_create_flag_valid_rollout_percent has been running for over 60 seconds
    test feature_flag_service_tests_migrated::test_create_flag_valid_rollout_percent ... FAILED

    failures:

    failures:
        feature_flag_service_tests_migrated::test_create_flag_valid_rollout_percent

    test result: FAILED. 0 passed; 1 failed; 0 ignored; 0 measured; 1395 filtered out; finished in 97.18s

  stderr ───

    thread 'feature_flag_service_tests_migrated::test_create_flag_valid_rollout_percent' (65882065) panicked at tests/integration/mod.rs:268:9:
    Integration test requires database setup. For local runs, start PostgreSQL and apply migrations first; in CI this must already succeed. Error: failed to clone template to test_5096_1_1788331157894984000: error returned from database: schema "test_template_v2_aa57a852f2913233" does not exist
    note: run with `RUST_BACKTRACE=1` environment variable to display a backtrace

TRY 2 TRMNTG [>120.000s] (─────────) synapse-rust::integration feature_flag_service_tests_migrated::test_create_flag_uppercase_flag_key
   TRY 2 TMT [ 120.011s] (─────────) synapse-rust::integration feature_flag_service_tests_migrated::test_create_flag_uppercase_flag_key
  stdout ───

    running 1 test
    test feature_flag_service_tests_migrated::test_create_flag_uppercase_flag_key has been running for over 60 seconds

    (test timed out)

TRY 2 TRMNTG [>120.000s] (─────────) synapse-rust::integration feature_flag_service_tests_migrated::test_create_flag_valid_flag_key_with_dot_underscore_hyphen
   TRY 2 TMT [ 120.010s] (─────────) synapse-rust::integration feature_flag_service_tests_migrated::test_create_flag_valid_flag_key_with_dot_underscore_hyphen
  stdout ───

    running 1 test
    test feature_flag_service_tests_migrated::test_create_flag_valid_flag_key_with_dot_underscore_hyphen has been running for over 60 seconds

    (test timed out)

  TRY 2 SLOW [> 60.000s] (─────────) synapse-rust::integration feature_flag_service_tests_migrated::test_create_flag_valid_statuses
TRY 1 TRMNTG [>120.000s] (─────────) synapse-rust::integration feature_flag_service_tests_migrated::test_create_flag_valid_target_subject_types
   TRY 1 TMT [ 120.008s] (─────────) synapse-rust::integration feature_flag_service_tests_migrated::test_create_flag_valid_target_subject_types
  stdout ───

    running 1 test
    test feature_flag_service_tests_migrated::test_create_flag_valid_target_subject_types has been running for over 60 seconds

    (test timed out)

  TRY 2 SLOW [> 60.000s] (─────────) synapse-rust::integration feature_flag_service_tests_migrated::test_create_flag_valid_target_scopes
  TRY 3 SLOW [> 60.000s] (─────────) synapse-rust::integration feature_flag_service_tests_migrated::test_create_flag_special_chars_flag_key
        SLOW [> 60.000s] (─────────) synapse-rust::integration feature_flag_service_tests_migrated::test_create_flag_whitespace_flag_key
  TRY 1 FAIL [  63.239s] (─────────) synapse-rust::integration feature_flag_service_tests_migrated::test_create_flag_whitespace_flag_key
  stdout ───

    running 1 test
    test feature_flag_service_tests_migrated::test_create_flag_whitespace_flag_key has been running for over 60 seconds
    test feature_flag_service_tests_migrated::test_create_flag_whitespace_flag_key ... FAILED

    failures:

    failures:
        feature_flag_service_tests_migrated::test_create_flag_whitespace_flag_key

    test result: FAILED. 0 passed; 1 failed; 0 ignored; 0 measured; 1395 filtered out; finished in 63.20s

  stderr ───

    thread 'feature_flag_service_tests_migrated::test_create_flag_whitespace_flag_key' (65883992) panicked at tests/integration/mod.rs:268:9:
    Integration test requires database setup. For local runs, start PostgreSQL and apply migrations first; in CI this must already succeed. Error: failed to clone template to test_5652_1_1788331214703606000: error returned from database: schema "test_template_v2_aa57a852f2913233" does not exist
    note: run with `RUST_BACKTRACE=1` environment variable to display a backtrace

  TRY 3 SLOW [> 60.000s] (─────────) synapse-rust::integration feature_flag_service_tests_migrated::test_create_flag_valid_rollout_percent
  TRY 3 SLOW [> 60.000s] (─────────) synapse-rust::integration feature_flag_service_tests_migrated::test_create_flag_uppercase_flag_key
  TRY 3 SLOW [> 60.000s] (─────────) synapse-rust::integration feature_flag_service_tests_migrated::test_create_flag_valid_flag_key_with_dot_underscore_hyphen
TRY 2 TRMNTG [>120.000s] (─────────) synapse-rust::integration feature_flag_service_tests_migrated::test_create_flag_valid_statuses
   TRY 2 TMT [ 120.008s] (─────────) synapse-rust::integration feature_flag_service_tests_migrated::test_create_flag_valid_statuses
  stdout ───

    running 1 test
    test feature_flag_service_tests_migrated::test_create_flag_valid_statuses has been running for over 60 seconds

    (test timed out)

  TRY 2 SLOW [> 60.000s] (─────────) synapse-rust::integration feature_flag_service_tests_migrated::test_create_flag_valid_target_subject_types
TRY 2 TRMNTG [>120.000s] (─────────) synapse-rust::integration feature_flag_service_tests_migrated::test_create_flag_valid_target_scopes
   TRY 2 TMT [ 120.009s] (─────────) synapse-rust::integration feature_flag_service_tests_migrated::test_create_flag_valid_target_scopes
  stdout ───

    running 1 test
    test feature_flag_service_tests_migrated::test_create_flag_valid_target_scopes has been running for over 60 seconds

    (test timed out)

  TRY 3 FAIL [ 115.564s] ( 571/1396) synapse-rust::integration feature_flag_service_tests_migrated::test_create_flag_special_chars_flag_key
  stdout ───

    running 1 test
    test feature_flag_service_tests_migrated::test_create_flag_special_chars_flag_key has been running for over 60 seconds
    test feature_flag_service_tests_migrated::test_create_flag_special_chars_flag_key ... FAILED

    failures:

    failures:
        feature_flag_service_tests_migrated::test_create_flag_special_chars_flag_key

    test result: FAILED. 0 passed; 1 failed; 0 ignored; 0 measured; 1395 filtered out; finished in 115.54s

  stderr ───

    thread 'feature_flag_service_tests_migrated::test_create_flag_special_chars_flag_key' (65883562) panicked at tests/integration/mod.rs:268:9:
    Integration test requires database setup. For local runs, start PostgreSQL and apply migrations first; in CI this must already succeed. Error: failed to clone template to test_5530_1_1788331246042803000: error returned from database: schema "test_template_v2_aa57a852f2913233" does not exist
    note: run with `RUST_BACKTRACE=1` environment variable to display a backtrace

  TRY 2 SLOW [> 60.000s] (─────────) synapse-rust::integration feature_flag_service_tests_migrated::test_create_flag_whitespace_flag_key
TRY 3 TRMNTG [>120.000s] (─────────) synapse-rust::integration feature_flag_service_tests_migrated::test_create_flag_valid_rollout_percent
   TRY 3 TMT [ 120.008s] ( 572/1396) synapse-rust::integration feature_flag_service_tests_migrated::test_create_flag_valid_rollout_percent
  stdout ───

    running 1 test
    test feature_flag_service_tests_migrated::test_create_flag_valid_rollout_percent has been running for over 60 seconds

    (test timed out)

TRY 3 TRMNTG [>120.000s] (─────────) synapse-rust::integration feature_flag_service_tests_migrated::test_create_flag_uppercase_flag_key
   TRY 3 TMT [ 120.010s] ( 573/1396) synapse-rust::integration feature_flag_service_tests_migrated::test_create_flag_uppercase_flag_key
  stdout ───

    running 1 test
    test feature_flag_service_tests_migrated::test_create_flag_uppercase_flag_key has been running for over 60 seconds

    (test timed out)

TRY 3 TRMNTG [>120.000s] (─────────) synapse-rust::integration feature_flag_service_tests_migrated::test_create_flag_valid_flag_key_with_dot_underscore_hyphen
   TRY 3 TMT [ 120.009s] ( 574/1396) synapse-rust::integration feature_flag_service_tests_migrated::test_create_flag_valid_flag_key_with_dot_underscore_hyphen
  stdout ───

    running 1 test
    test feature_flag_service_tests_migrated::test_create_flag_valid_flag_key_with_dot_underscore_hyphen has been running for over 60 seconds

    (test timed out)

  TRY 3 SLOW [> 60.000s] (─────────) synapse-rust::integration feature_flag_service_tests_migrated::test_create_flag_valid_statuses
TRY 2 TRMNTG [>120.000s] (─────────) synapse-rust::integration feature_flag_service_tests_migrated::test_create_flag_valid_target_subject_types
   TRY 2 TMT [ 120.008s] (─────────) synapse-rust::integration feature_flag_service_tests_migrated::test_create_flag_valid_target_subject_types
  stdout ───

    running 1 test
    test feature_flag_service_tests_migrated::test_create_flag_valid_target_subject_types has been running for over 60 seconds

    (test timed out)

  TRY 3 SLOW [> 60.000s] (─────────) synapse-rust::integration feature_flag_service_tests_migrated::test_create_flag_valid_target_scopes
        SLOW [> 60.000s] (─────────) synapse-rust::integration feature_flag_service_tests_migrated::test_create_flag_whitespace_reason
  TRY 3 FAIL [  66.717s] ( 575/1396) synapse-rust::integration feature_flag_service_tests_migrated::test_create_flag_valid_statuses
  stdout ───

    running 1 test
    test feature_flag_service_tests_migrated::test_create_flag_valid_statuses has been running for over 60 seconds
    test feature_flag_service_tests_migrated::test_create_flag_valid_statuses ... FAILED

    failures:

    failures:
        feature_flag_service_tests_migrated::test_create_flag_valid_statuses

    test result: FAILED. 0 passed; 1 failed; 0 ignored; 0 measured; 1395 filtered out; finished in 66.70s

  stderr ───

    thread 'feature_flag_service_tests_migrated::test_create_flag_valid_statuses' (65885810) panicked at tests/integration/mod.rs:268:9:
    Integration test requires database setup. For local runs, start PostgreSQL and apply migrations first; in CI this must already succeed. Error: failed to clone template to test_6192_1_1788331306339839000: error returned from database: schema "test_template_v2_aa57a852f2913233" does not exist
    note: run with `RUST_BACKTRACE=1` environment variable to display a backtrace

TRY 2 TRMNTG [>120.000s] (─────────) synapse-rust::integration feature_flag_service_tests_migrated::test_create_flag_whitespace_flag_key
   TRY 2 TMT [ 120.007s] (─────────) synapse-rust::integration feature_flag_service_tests_migrated::test_create_flag_whitespace_flag_key
  stdout ───

    running 1 test
    test feature_flag_service_tests_migrated::test_create_flag_whitespace_flag_key has been running for over 60 seconds

    (test timed out)

        SLOW [> 60.000s] (─────────) synapse-rust::integration feature_flag_service_tests_migrated::test_create_flag_with_targets_success
        SLOW [> 60.000s] (─────────) synapse-rust::integration feature_flag_service_tests_migrated::test_get_flag_empty_key
  TRY 1 FAIL [  62.365s] (─────────) synapse-rust::integration feature_flag_service_tests_migrated::test_create_flag_with_targets_success
  stdout ───

    running 1 test
    test feature_flag_service_tests_migrated::test_create_flag_with_targets_success has been running for over 60 seconds
    test feature_flag_service_tests_migrated::test_create_flag_with_targets_success ... FAILED

    failures:

    failures:
        feature_flag_service_tests_migrated::test_create_flag_with_targets_success

    test result: FAILED. 0 passed; 1 failed; 0 ignored; 0 measured; 1395 filtered out; finished in 62.33s

  stderr ───

    thread 'feature_flag_service_tests_migrated::test_create_flag_with_targets_success' (65886647) panicked at tests/integration/mod.rs:268:9:
    Integration test requires database setup. For local runs, start PostgreSQL and apply migrations first; in CI this must already succeed. Error: failed to clone template to test_6428_1_1788331340195888000: error returned from database: schema "test_template_v2_aa57a852f2913233" does not exist
    note: run with `RUST_BACKTRACE=1` environment variable to display a backtrace

        SLOW [> 60.000s] (─────────) synapse-rust::integration feature_flag_service_tests_migrated::test_get_flag_not_found
  TRY 3 SLOW [> 60.000s] (─────────) synapse-rust::integration feature_flag_service_tests_migrated::test_create_flag_valid_target_subject_types
TRY 3 TRMNTG [>120.000s] (─────────) synapse-rust::integration feature_flag_service_tests_migrated::test_create_flag_valid_target_scopes
   TRY 3 TMT [ 120.009s] ( 576/1396) synapse-rust::integration feature_flag_service_tests_migrated::test_create_flag_valid_target_scopes
  stdout ───

    running 1 test
    test feature_flag_service_tests_migrated::test_create_flag_valid_target_scopes has been running for over 60 seconds

    (test timed out)

TRY 1 TRMNTG [>120.000s] (─────────) synapse-rust::integration feature_flag_service_tests_migrated::test_create_flag_whitespace_reason
   TRY 1 TMT [ 120.007s] (─────────) synapse-rust::integration feature_flag_service_tests_migrated::test_create_flag_whitespace_reason
  stdout ───

    running 1 test
    test feature_flag_service_tests_migrated::test_create_flag_whitespace_reason has been running for over 60 seconds

    (test timed out)

        SLOW [> 60.000s] (─────────) synapse-rust::integration feature_flag_service_tests_migrated::test_get_flag_success
  TRY 3 SLOW [> 60.000s] (─────────) synapse-rust::integration feature_flag_service_tests_migrated::test_create_flag_whitespace_flag_key
  TRY 1 FAIL [ 115.287s] (─────────) synapse-rust::integration feature_flag_service_tests_migrated::test_get_flag_not_found
  stdout ───

    running 1 test
    test feature_flag_service_tests_migrated::test_get_flag_not_found has been running for over 60 seconds
    test feature_flag_service_tests_migrated::test_get_flag_not_found ... FAILED

    failures:

    failures:
        feature_flag_service_tests_migrated::test_get_flag_not_found

    test result: FAILED. 0 passed; 1 failed; 0 ignored; 0 measured; 1395 filtered out; finished in 115.27s

  stderr ───

    thread 'feature_flag_service_tests_migrated::test_get_flag_not_found' (65886762) panicked at tests/integration/mod.rs:268:9:
    Integration test requires database setup. For local runs, start PostgreSQL and apply migrations first; in CI this must already succeed. Error: failed to clone template to test_6464_1_1788331398244385000: error returned from database: schema "test_template_v2_aa57a852f2913233" does not exist
    note: run with `RUST_BACKTRACE=1` environment variable to display a backtrace

TRY 1 TRMNTG [>120.000s] (─────────) synapse-rust::integration feature_flag_service_tests_migrated::test_get_flag_empty_key
   TRY 1 TMT [ 120.006s] (─────────) synapse-rust::integration feature_flag_service_tests_migrated::test_get_flag_empty_key
  stdout ───

    running 1 test
    test feature_flag_service_tests_migrated::test_get_flag_empty_key has been running for over 60 seconds

    (test timed out)

  TRY 2 SLOW [> 60.000s] (─────────) synapse-rust::integration feature_flag_service_tests_migrated::test_create_flag_with_targets_success
TRY 3 TRMNTG [>120.000s] (─────────) synapse-rust::integration feature_flag_service_tests_migrated::test_create_flag_valid_target_subject_types
   TRY 3 TMT [ 120.005s] ( 577/1396) synapse-rust::integration feature_flag_service_tests_migrated::test_create_flag_valid_target_subject_types
  stdout ───

    running 1 test
    test feature_flag_service_tests_migrated::test_create_flag_valid_target_subject_types has been running for over 60 seconds

    (test timed out)

        SLOW [> 60.000s] (─────────) synapse-rust::integration feature_flag_service_tests_migrated::test_list_flags_empty_result
  TRY 2 SLOW [> 60.000s] (─────────) synapse-rust::integration feature_flag_service_tests_migrated::test_create_flag_whitespace_reason
TRY 1 TRMNTG [>120.000s] (─────────) synapse-rust::integration feature_flag_service_tests_migrated::test_get_flag_success
   TRY 1 TMT [ 120.008s] (─────────) synapse-rust::integration feature_flag_service_tests_migrated::test_get_flag_success
  stdout ───

    running 1 test
    test feature_flag_service_tests_migrated::test_get_flag_success has been running for over 60 seconds

    (test timed out)

TRY 3 TRMNTG [>120.000s] (─────────) synapse-rust::integration feature_flag_service_tests_migrated::test_create_flag_whitespace_flag_key
   TRY 3 TMT [ 120.007s] ( 578/1396) synapse-rust::integration feature_flag_service_tests_migrated::test_create_flag_whitespace_flag_key
  stdout ───

    running 1 test
    test feature_flag_service_tests_migrated::test_create_flag_whitespace_flag_key has been running for over 60 seconds

    (test timed out)

  TRY 2 SLOW [> 60.000s] (─────────) synapse-rust::integration feature_flag_service_tests_migrated::test_get_flag_not_found
  TRY 2 SLOW [> 60.000s] (─────────) synapse-rust::integration feature_flag_service_tests_migrated::test_get_flag_empty_key
TRY 2 TRMNTG [>120.000s] (─────────) synapse-rust::integration feature_flag_service_tests_migrated::test_create_flag_with_targets_success
   TRY 2 TMT [ 120.006s] (─────────) synapse-rust::integration feature_flag_service_tests_migrated::test_create_flag_with_targets_success
  stdout ───

    running 1 test
    test feature_flag_service_tests_migrated::test_create_flag_with_targets_success has been running for over 60 seconds

    (test timed out)

  TRY 2 FAIL [  38.146s] (─────────) synapse-rust::integration feature_flag_service_tests_migrated::test_get_flag_success
  stdout ───

    running 1 test
    test feature_flag_service_tests_migrated::test_get_flag_success ... FAILED

    failures:

    failures:
        feature_flag_service_tests_migrated::test_get_flag_success

    test result: FAILED. 0 passed; 1 failed; 0 ignored; 0 measured; 1395 filtered out; finished in 38.12s

  stderr ───

    thread 'feature_flag_service_tests_migrated::test_get_flag_success' (65889858) panicked at tests/integration/mod.rs:268:9:
    Integration test requires database setup. For local runs, start PostgreSQL and apply migrations first; in CI this must already succeed. Error: failed to clone template to test_7352_1_1788331463641134000: error returned from database: schema "test_template_v2_aa57a852f2913233" does not exist
    note: run with `RUST_BACKTRACE=1` environment variable to display a backtrace

